Cruise,Latitude (degrees N),Longitude (degrees E),Depth,Prochlorococcus carbon (mgC m^-3),Synechococcus carbon,Picoeukaryote carbon,Nanoeukaryote carbon,Cryptophyte carbon,Coccolithophore carbon,Summed phytoplankton carbon from flow cytometry
AMT18,49.4824,-9.8475,3.3,0,1.81369133901586,1.91806678843609,5.98969099847295,1.04095034759728,0.669824030756701,11.4322235042789
AMT18,49.3645,-11.5177,4.5,2.42118851037824,4.31719143036148,3.74998237821237,9.82712299902366,0.35486943668089,2.11252194315575,22.7828766978124
AMT18,49.1492,-14.6524,5.6,1.44194616149722,2.48651543264248,2.54430291270432,10.3857944835907,0.615107023580209,1.41693544967764,18.8906014636926
AMT18,48.866,-16.1938,3.9,0.964198221264553,1.72452188082438,3.76922427029882,27.2650001566574,0.70973887336178,2.26709671948422,36.6997801218912
AMT18,46.5907,-18.6966,4.1,1.48640913351592,1.21671918709759,2.44940539945976,10.0835623689889,0.141947774672356,1.05626097157787,16.4343048353124
AMT18,42.673,-22.1949,3.7,3.84837240145087,0.159810197797716,0.575507499676674,6.06295938989158,0,0.154574776328469,10.8012242651453
AMT18,38.882,-25.3242,4,5.15914927227801,1.48326252424571,0.38527515745832,3.47109004345756,0.0236579624453927,0.128812313607058,10.6512472734921
AMT18,36.0117,-27.7373,3.2,4.07424570859184,0.246277551195514,0.296937380152326,2.34458852539614,0,0.257624627214116,7.21967379254994
AMT18,35.3137,-28.466,3.7,3.90868984051269,0.245119506283936,0.229590757849737,2.33542997646881,0,0.386436940821174,7.10526702193635
AMT18,33.2979,-30.7968,4,3.33828134845024,0.321743477933324,0.239211703892964,2.25300303612285,0,0.103049850885646,6.25528941728502
AMT18,32.49,-31.7102,6.8,2.29949666778506,0.265385292236545,0.259328227437893,1.42873363266327,0,0.412199403542585,4.66514322366535
AMT18,30.4724,-33.9513,3.5,2.47407196600429,0.387559030407987,0.257141648791705,1.91413672581169,0,0.180337239049881,5.21324661006556
AMT18,29.6697,-34.8335,5.3,1.87692227286245,0.308425961450181,0.298686643069277,1.65769735584649,0,0.206099701771293,4.34783193499969
AMT18,27.6318,-37.0306,2.9,2.94311756543773,0.1692675645756,0.290814959943,2.08814915543094,0,0.0515249254428231,5.54287417083009
AMT18,24.7443,-40.0885,3.5,3.12981272290771,0.24801461856288,0.301310537444702,2.19805174255888,0,0.128812313607058,6.00600193508123
AMT18,24.7382,-40.0701,5.8,2.84545404845212,NaN,0.368657159747292,2.09730770435826,0.0236579624453927,0.206099701771293,5.54117657677436
AMT18,22.5997,-40.2659,3.8,3.22567940029511,0.184901170881898,0.399706576523161,3.14138228207373,0,0.231862164492704,7.1835315942666
AMT18,21.6732,-39.5964,5,2.95266547781259,0.233153042197634,0.375654211415093,3.40698020096626,0.0473159248907853,0.0772873881642347,7.0930562454466
AMT18,19.7224,-38.2301,2.5,6.09512654220581,0.590023882448813,0.359473529433302,2.72008903141661,0,0.154574776328469,9.91928776183301
AMT18,18.7886,-37.5779,4.6,4.41004332056511,0.359186930074335,0.277695488065872,1.83170978546573,0.0473159248907853,0.154574776328469,7.08052622539031
AMT18,16.8105,-36.2068,3.4,7.97617097649947,0.852707069891677,0.459181515699474,2.54607660179737,0,0.128812313607058,11.962948477495
AMT18,14.9192,-34.9221,3.2,7.72313368249128,1.15071062713766,0.453496411219385,2.41785691681477,0,0.257624627214116,12.0028222648772
AMT18,14.0932,-34.3602,5.1,5.13790428644023,0.912539390323189,0.300435905986227,1.74928284511978,0.496817211353246,0.0515249254428231,8.64850456466549
AMT18,11.8206,-32.8242,3,10.521094794112,3.34674979445941,0.620988335517384,1.85002688332039,0.070973887336178,0.128812313607058,16.5386460083524
AMT18,10.8916,-32.2064,5.1,7.47636771100238,2.21418187093647,0.470114408930414,2.54607660179737,0.212921662008534,0.0772873881642347,12.9969496428394
AMT18,8.6438,-30.7085,2.8,7.76890024402242,4.16355747209218,0.536586399774528,2.92157710781784,0.189263699563141,0.206099701771293,15.7859846250414
AMT18,7.6627,-30.0594,5.6,5.57066077241942,2.14971737085865,0.522592296438925,2.38122272110545,0.189263699563141,0.154574776328469,10.9680316367141
AMT18,5.3398,-28.5213,3.6,5.41842265665649,2.57877301059817,0.533087873940627,1.5020020240819,0.0236579624453927,0.0515249254428231,10.1074684531654
AMT18,5.139,-28.391,4.9,4.67262852694815,3.40330098764145,0.489793616746105,2.18889319363155,0.0473159248907853,0.257624627214116,11.0595568770722
AMT18,2.791,-26.854,6.2,6.65679746132006,2.09123610282397,0.491980195392293,2.19805174255888,0.0236579624453927,0.128812313607058,11.5905357781477
AMT18,1.8314,-26.2158,4.2,7.17668305173843,0.554124490189906,0.468365146013463,1.72180719833779,0.0473159248907853,0.0772873881642347,10.0455831993346
AMT18,-0.5837,-24.996,6.3,12.3588389173035,1.61373558428346,1.20174362394491,3.37034600525695,0,0.103049850885646,18.6477139816744
AMT18,-1.6265,-24.9955,4.8,6.86153147907021,0.550843362940436,0.625798808538997,1.65769735584649,0.0236579624453927,0.180337239049881,9.8998662078914
AMT18,-6.0521,-24.978,6.8,8.52737794736525,0.248979655989195,0.438190360696069,1.88666107902971,0,0.128812313607058,11.2300213566873
AMT18,-8.8254,-24.9954,3.8,7.61521761015112,0.314023178522806,0.541834188525379,1.31883104553533,0,3.09149552656939,12.881401549304
AMT18,-9.9753,-24.9994,5.8,4.36501663416265,0.31228611115544,0.399706576523161,2.38122272110545,0,0.0772873881642347,7.53551943111094
AMT18,-12.8396,-24.9983,4.5,4.15742881234474,0.36806527439643,0.452184464031672,1.40125798588129,0.0236579624453927,0.206099701771293,6.60869420087082
AMT18,-13.9944,-24.9952,5.8,1.34417694806465,0.275228673984955,0.300435905986227,1.57527041550053,0,0.128812313607058,3.62392425714342
AMT18,-16.6377,-24.9939,4,2.4618464103066,0.269245441941804,0.341106268805323,1.40125798588129,0,0.257624627214116,4.73108073414913
AMT18,-16.8754,-24.9962,5.3,1.02863782175759,0.231415974830267,0.317053903697256,1.46536782837259,0.0473159248907853,0.103049850885646,3.19284130443413
AMT18,-19.1237,-24.9959,3.7,2.21152199177023,0.29395040005546,0.450435201114722,1.98740511723032,0,0.180337239049881,5.12364994922062
AMT18,-20.2833,-25.0011,5.5,1.82851330015745,0.35165963814908,0.365158633913391,1.48368492622724,0,0.0772873881642347,4.1063038866114
AMT18,-22.7853,-25.0091,4.4,2.56800087519753,0.257471985340764,0.606556916452543,1.80423413868375,0,0.0515249254428231,5.28778884111741
AMT18,-23.9345,-24.9994,6.4,2.73084386780486,0.307846938994392,0.527840085189776,1.60274606228252,0.0236579624453927,0,5.19293491671693
AMT18,-26.5572,-24.9979,2.9,2.7169271689559,0.353010690545921,0.494604089767719,2.10646625328559,0,0.0772873881642347,5.74829559071936
AMT18,-28.8682,-26.0361,6.9,4.81253539056644,0.697529051740272,0.991394758181626,2.56439369965203,0,0.33491201537835,9.40076491551871
AMT18,-32.1794,-29.8255,6.6,2.84161374421279,0.818544745000136,1.16194789258429,2.98568695030914,0.118289812226963,0.154574776328469,8.08065792066179
AMT18,-33.7682,-32.003,3.1,1.28710086670942,2.29543802223217,1.74926291695038,9.89123284151496,0.851686648034136,0.798636344363759,16.8733576398048
AMT18,-34.5532,-32.9804,5.9,1.27797574012238,1.37054615285215,1.15495084091649,5.58671484567049,0.212921662008534,0.154574776328469,9.75768401789851
AMT18,-36.1732,-35.0541,3,0.683151368813523,11.2899728504558,4.96047231674203,17.1631206898139,2.76798160611094,1.08202343429929,37.9467222662355
AMT18,-37.966,-37.4111,5,0.394776229373673,40.8475251585932,8.75331163641968,22.7132013397751,8.87173591702225,4.25080634903291,85.8313566302168
AMT18,-38.7606,-38.4562,6.9,0.14138661387564,15.5587194020163,6.24486861351284,12.0984431330012,4.02185361571675,2.24133425676281,40.3066056348855
AMT18,-43.2266,-44.6134,4.7,0,4.37567269839615,8.601125762645,46.5437456486843,4.02185361571675,1.54574776328469,65.0881454887269
AMT18,-43.9481,-45.6467,7.4,0,2.17944052358914,7.91410275201274,27.4390125862767,2.9099293807833,0.386436940821174,40.828922183483
AMT19,49.567,-8.6335,1.4,0,24.0871372931802,10.9732705922204,6.95408620052066,1.61583883502032,2.19805331939083,45.8283862403323
AMT19,49.4332,-10.534,2.3,0.102403297988529,23.0930676809322,15.7198955173652,18.2456611730242,1.2775299720512,1.20903237551584,59.6475900168772
AMT19,48.9485,-14.4599,1.2,3.79061563497725,14.8179682540262,5.72970631131366,12.4308984590632,0,0.0726501448743806,36.8418388042547
AMT19,49.0061,-16.6636,2.9,4.0156916385867,15.6078069957432,5.59432210785629,13.7185904382456,0,0.25041113765212,39.1868223180839
AMT19,47.2871,-18.0419,2.8,7.28095682451656,7.76076922002761,2.69646692069254,9.3517943096953,0.165605737117749,0.290342954870308,27.5459359669201
AMT19,46.3388,-18.8019,0.5,6.22220784662919,1.26214928897878,2.01042787045107,6.82861408021625,0.0331211474235497,0.293176825769664,16.6496970594685
AMT19,44.2446,-20.4044,2.3,6.14707141338291,0.539795614483985,0.520913004038653,2.93073565674517,0,0.290600579497522,10.4291162681482
AMT19,43.2143,-21.1751,0.9,5.224510193467,0.535217476933548,0.403174490256015,3.72478184874457,0,0.298329318313946,10.1860133277151
AMT19,41.2512,-22.6023,2.6,7.24386723663738,0.938292379081823,0.573998760410804,1.38752016249029,0.0662422948470995,0.177503368150526,10.3874242016179
AMT19,40.3233,-23.272,3,3.41141906188462,0.461073651469789,0.332792896792517,1.90223061220616,0.0662422948470995,0.215374188351001,6.38913270555119
AMT19,38.3175,-24.6698,1.8,4.73443276269713,1.08013164992671,0.471666879769207,2.40686665810197,0.101729238515188,0.186004980848592,8.9808321698588
AMT19,37.1015,-26.4877,1.7,6.95746086968279,1.3309487371756,0.511878061072604,1.7666840880817,0.0686080910916387,0.110520965074856,10.7461008121792
AMT19,35.4482,-28.6458,2.1,6.34485729903178,0.27608369714467,0.38810896338378,1.80331828379101,0.0946318497815706,0.205584452516864,9.11258454564968
AMT19,34.7236,-29.5889,1.1,6.00208548316699,0.256850501238218,0.379708128225126,1.91413672581169,0,0.0347793246739056,8.58756016311593
AMT19,33.419,-31.2502,3.2,4.6192454794495,0.397834748923386,0.376104646616208,2.18889319363155,0,0.334654390751136,7.91673245937178
AMT19,32.8708,-31.9458,1.1,4.85777241289833,0.333418500716879,0.358686361120675,2.20354687191528,0.0331211474235497,0.140920671086121,7.92746596516084
AMT19,31.4297,-33.7377,2.3,3.82142297837097,0.293448580593777,0.374381622643012,1.48643249090544,0.0662422948470995,0.108202343429929,6.15013031079023
AMT19,30.745,-34.484,1,2.38642424433205,0.337622203745906,0.226586398789875,0.893874375307278,0,0.0680129015845265,3.91252012375964
AMT19,29.1803,-35.9831,2.6,4.09678477126183,0.351254322430028,0.339540678494653,1.36370793527924,0,0.355264360928266,6.50655206839402
AMT19,28.4788,-36.6794,1.8,3.48486998912347,0.529898190639701,0.271634292058639,1.49833860451097,0.0331211474235497,0.285705711580454,6.10356793533679
AMT19,27.215,-37.8867,2.1,3.40309018186463,0.338786038882042,0.363855433040263,1.02942089943174,0,0.0705891478566677,5.20574170107535
AMT19,27.0229,-38.0533,3.4,3.22853884150671,0.793361128323028,0.354934192163816,2.2264432442336,0,0.106141346412216,6.70941875263936
AMT19,25.3914,-39.6027,2.6,1.6539038267537,1.67081561797512,0.413543246196238,1.73737673151425,0,0.291888702633593,5.7675281250729
AMT19,24.652,-40.2833,1.9,2.43851215803402,1.41679074632115,0.345667471861272,1.3737823390993,0.0331211474235497,0.25041113765212,5.85828500039142
AMT19,23.2253,-40.7194,1.9,2.84220423502977,0.393721759412433,0.282051152729079,1.23823581497484,0.0969976460261099,0.278749846645673,5.1319604548179
AMT19,21.1319,-39.2488,1.4,7.75572870512449,0.271793140747275,0.406135117742954,1.12466980827596,0.0331211474235497,0.218208059250356,9.80965597856458
AMT19,21.1199,-39.2687,1.2,6.40541819224309,0.2491668732499,0.287010313098633,1.77126336254536,0.0331211474235497,0.108975217311571,8.85495510587211
AMT19,21.1327,-39.3056,1.1,7.90788226372986,0.308837067393791,0.37780143164565,1.54687891382581,0,0.176988118896097,10.3183877954912
AMT19,20.9363,-39.1673,1.1,6.87420518770298,0.322876431871817,0.37021837690067,1.12375395338323,0.0662422948470995,0.142208794222192,8.89950503892799
AMT19,19.144,-37.8639,2.9,9.80611082636931,0.292392829649388,0.367900603535711,1.25655291282949,0.0638764986025602,0.0705891478566677,11.8574228188431
AMT19,18.4184,-37.3594,1.5,10.0407467212843,0.414195993449126,0.37191078877282,1.70165839069767,0.13011879344966,0.531737230569935,13.1903679182235
AMT19,16.573,-36.0996,3.2,10.1254025288647,0.407116478889681,0.387557945564941,1.29776638300247,0.0662422948470995,0.177245743523312,12.4613313746922
AMT19,15.9258,-35.6611,3.2,7.34339946680514,0.363170604570162,0.387903424991038,1.53588865511302,0.0662422948470995,0.107171844921072,9.80377629124753
AMT19,14.1561,-34.4574,4.3,9.91021900804721,0.659070380226778,0.663093093928379,2.23285422848273,0.0331211474235497,0.248350140634407,13.7467079987431
AMT19,13.3481,-33.9151,2.7,7.08532221388469,1.23169849802884,0.488967090017846,3.41339118521539,0,0,12.2193789871468
AMT19,11.4682,-32.6472,1.4,11.1682456007715,6.41027075466972,0.856605304116015,5.89902136409239,0.0331211474235497,0.536374473859789,24.9036386449329
AMT19,10.5626,-32.0405,1.2,1.8608500711386,6.85895718573533,0.130573730435761,5.95122509297817,0.416380139038911,1.07893193877272,16.2969181580995
AMT19,8.8055,-30.8655,2.1,1.23624431661446,18.9308516108626,0.369662985924538,3.61762682629482,0.163239940873209,0.711559220365387,25.029184900935
AMT19,6.8391,-29.544,2.2,1.67270299680896,21.9889645013358,0.559772879738705,3.79438682059227,0.156142552139592,0.513188257410518,28.6851580080259
AMT19,5.9487,-28.9579,2.5,3.55914253007665,10.5116991172558,0.465142129088982,3.54527428976893,0,0.319454537745503,18.4007126039358
AMT19,4.0541,-27.6941,1.7,4.72589354674771,15.6042170565173,0.699477762600947,2.55615100561743,0.461330267685157,1.47412811691917,25.5211977560877
AMT19,3.1559,-27.0975,1.8,9.36738390042318,1.33158566187697,0.559899701300184,2.46914479080781,0.0331211474235497,0.349081369875127,14.1102165717068
AMT19,1.2698,-25.8503,1.6,12.3349247438586,0.789396754575727,0.786748489527601,2.1513431430295,0.0331211474235497,0.253760257805904,16.3492945362209
AMT19,-2.0415,-24.988,2.2,13.2962282917626,2.58512681701302,1.76888964687856,4.60308669087539,0.0969976460261099,0.384891193057889,22.7352202856135
AMT19,-2.8472,-25.0013,2.3,11.2433468018688,0.474773322773753,0,0,0,0,11.7181201246425
AMT19,-3.8383,-24.9989,2.4,10.8706910772351,0.708762087382575,1.09137388019992,2.66055846338898,0,0.527099987280081,15.8584854954867
AMT19,-4.8593,-25.0005,2,8.23444729106168,0.555987012422693,1.02437711048073,3.37950455418428,0,0.391589433365456,13.5859054015148
AMT19,-7.3608,-24.9882,2.5,12.6306919404769,0.36702303397601,0.566507541968964,1.65861321073922,0.0331211474235497,0.282871840681099,15.5388287152658
AMT19,-8.38,-24.9959,1.4,7.91454889096074,0.799921452747115,1.16960966416053,2.13485775496031,0.0331211474235497,0.2810684682906,12.3331273785428
AMT19,-10.6482,-24.9966,1.7,5.35614208225324,0.326464441022856,0.418279375543882,1.81247683271834,0,0.285190462326026,8.19855319386435
AMT19,-11.7244,-24.9999,1.7,3.6094579143632,0.270866704818013,0.362364186403563,1.55786917253861,0.0969976460261099,0.141435920340549,6.03899154449004
AMT19,-13.8135,-24.9857,5,4.99760106114587,0.246675146615155,0.320889162642669,2.21911640509174,0,0.07136202173831,7.85564379723374
AMT19,-13.8558,-25.0573,3.8,3.60374819229874,0.290640321683201,0.308902338504267,1.72363890812325,0.0662422948470995,0.325637528798642,6.31880958425521
AMT19,-14.0095,-25.1751,4.4,5.96192541350379,0.22031225420309,0.320836684755161,1.91047330624076,0,0,8.4135476587028
AMT19,-14.0232,-25.18,4.3,3.80911110390827,0.244038664366464,0.353464811313578,1.65769735584649,0.0331211474235497,0.391589433365456,6.4890225162238
AMT19,-16.3649,-24.9965,1.8,3.13293076809286,0.279376404843256,0.29294906070168,1.77126336254536,0.0662422948470995,0.320227411627146,5.8629893026574
AMT19,-17.3469,-24.9993,1.6,3.1698135432575,0.2870793335801,0.325826457225762,1.43331290712694,0,0.07136202173831,5.28739426292861
AMT19,-19.4975,-24.9987,1.6,3.23439759556137,0.315515126383889,0.276877707652198,1.60549362696072,0,0.245001020480624,5.6772850770388
AMT19,-20.5905,-25.0005,1.3,3.28171261004039,0.247269609669765,0.261886524453933,0.769318109895608,0.0662422948470995,0.141951169594978,4.76838031850177
AMT19,-22.8539,-24.9962,2.7,3.51966948731865,0.383849426541233,0.473516725303882,2.30245920033043,0.0662422948470995,0.253245008551476,6.99898214289277
AMT19,-23.7629,-25.0023,2.7,2.58465616898707,0.389141691787143,0.440578104577707,1.7025742455904,0.0331211474235497,0.175957620387241,5.32602897875311
AMT19,-26.1106,-25.0048,2,5.38769916577735,0.592496308335031,0.536743833437053,3.65517687689687,0.0638764986025602,0.247319642125551,10.4833123251744
AMT19,-27.1685,-25.0012,3.4,3.44851252530019,0.496596679132433,0.619129743668124,2.64407307531979,0,0.24912301451605,7.45743503793658
AMT19,-28.7904,-26.1359,3.2,5.75231773258459,0.760874108403569,0.808727978079083,2.91974539803238,0.0638764986025602,0.136798677050695,10.4423403927529
AMT19,-29.3916,-27.0345,2.4,3.85692289168797,0.707351202665303,0.713541836453228,2.2795628280121,0.0331211474235497,0.0360674478099762,7.62656735405213
AMT19,-30.8338,-29.1838,2.1,5.87833009360777,0.636098629330783,0.868194170940811,3.04246995365858,0,0.245516269735052,10.670609117273
AMT19,-31.5468,-30.2546,2,3.94036072387803,0.874042117312642,0.825276005273433,2.64132551064159,0.269700771877476,0.29420732427852,8.84491245326169
AMT19,-33.4166,-34.247,5.3,4.1231035388749,0.869130076812701,0.774735426445445,6.95500205541339,0.0662422948470995,0.791165230174549,13.5793786225681
AMT19,-33.8837,-34.9746,4.8,3.34291613764918,1.61398456393945,0.810722137804406,4.32283509369913,0,0.318166414609433,10.4086243477016
AMT19,-35.2946,-37.1117,1.8,3.50883842007777,19.9198972382692,4.34617491188198,17.8216203576889,0.790175945676115,1.86597517491184,48.2526820485057
AMT19,-35.2581,-37.1841,2.7,3.35218994390493,13.707511268015,3.60218715435923,16.555908895932,1.04804773633089,1.84072796144486,40.1065729599869
AMT19,-37.2977,-40.1896,3.9,0.412527947639619,51.8763704619373,5.03172416850671,18.0661536140485,1.82876049702885,2.16945698577007,79.3849936749311
AMT19,-37.8661,-41.091,3.6,1.49334740061548,25.1566651118665,4.87896978428402,20.8943135228076,2.28535917222493,3.12112235869901,57.8297773504976
AMT19,-39.315,-43.3924,1.1,0.0768589330101445,54.6259280759453,1.0793433244886,48.3937725320047,2.82712651222442,1.04982035589752,108.052849733571
AMT19,-39.9682,-44.4411,1.9,0,50.1337965910163,37.9705591793896,30.0070697054996,7.88283308680484,0.0731653941288088,126.067423956839
AMT19,-42.2492,-48.2289,4.7,0,60.6365671820038,37.5881396936432,65.8838534185242,5.8080297803439,0.710528721856531,170.627118796372
AMT20,49.406,-11.1648,1.7,3.85319920586177,4.89582787117978,5.24341559355875,27.3840612927127,0.70973887336178,1.70032253961316,43.786565376288
AMT20,49.2708,-12.8839,1.3,5.75904707304066,1.82585081058743,4.10945590764567,17.1081693962499,0.378527399126283,0.747111418920935,29.9281620055709
AMT20,49.0528,-16.4282,1.5,5.09647127923421,3.03234060096608,4.96921863132678,18.7841838499511,0.638764986025602,1.67456007689175,34.1955394243955
AMT20,48.1178,-17.3252,1.5,2.66950469642248,2.88449686725466,4.33379887674456,13.7195062931383,0.449501286462461,2.08675948043434,26.1435675004568
AMT20,46.0566,-19.2,1.4,3.85732136729298,0.846916845333789,3.06820715633096,12.0984431330012,0.236579624453927,0.618299105313878,20.7257672317267
AMT20,45.1974,-19.9337,1.4,6.39579770164133,0.91524149511687,2.16383822826762,9.2959271612386,0.449501286462461,0.618299105313878,19.8386049780407
AMT20,43.5496,-21.3642,1.6,3.92789136170936,0.664138756789783,3.24094686937981,9.69890331404106,0.260237586899319,0.747111418920935,18.5392293077403
AMT20,42.7684,-22.0359,2.1,3.98299444272144,1.02274666440833,4.31018382736573,14.8368492622724,0.118289812226963,0.669824030756701,24.9408880397516
AMT20,40.9943,-23.4794,2.7,4.77628150926117,0.978740957768378,0.874631458475188,6.88722879335116,0.0946318497815706,0.33491201537835,13.9464265840158
AMT20,40.1274,-24.1928,2,5.26111111143976,1.12426860165664,0.605682284994068,2.54607660179737,0,0.283387089935527,9.82052568982336
AMT20,38.2815,-25.6456,1.3,6.3039122570892,1.13102386364084,0.633670491665274,3.929017489824,0.449501286462461,0.360674478099762,12.8077998667815
AMT20,34.9398,-28.9435,1.8,4.59927519276199,1.13372596843452,0.360785476621015,2.28047868290484,0.070973887336178,0.206099701771293,8.65133890982983
AMT20,34.2175,-29.759,1.8,7.45561597525038,0.239522289211311,0.358598897974827,2.26216158505018,0.070973887336178,0.309149552656939,10.6960221874798
AMT20,33.8424,-30.2035,2.6,6.04759837322544,0.314602200978595,0.316616587968018,2.51860095501538,0,0.180337239049881,9.37775535623732
AMT20,32.429,-31.8056,1.6,5.24885032359308,0.384084895673254,0.378715421519756,1.84086833439306,0.070973887336178,0.257624627214116,8.18111748972945
AMT20,31.7304,-32.5631,1.8,5.11003565659333,0.324059567756479,0.299123958798514,1.79507558975642,0.141947774672356,0.541011717149643,8.21125426472674
AMT20,30.2962,-34.1839,3,4.40563930194202,0.297038519819667,0.395333419230785,2.19805174255888,0.070973887336178,0.412199403542585,7.77923627443012
AMT20,29.6102,-34.9013,2.4,3.94814984737557,0.285265063218628,0.36166010807949,1.66685590477382,0,0.154574776328469,6.41650569977597
AMT20,28.1128,-36.5083,2.4,1.07775143744227,0.183164103514532,0.302622484632415,1.08986732235211,0.070973887336178,0.412199403542585,3.13657863882009
AMT20,27.4516,-37.2334,3.6,1.41104756683763,1.33580480550482,0.318365850884968,2.28963723183217,0,0.386436940821174,5.74129239588076
AMT20,25.984,-38.7833,3.7,1.16562041701014,1.35028036689954,0.311806114946405,2.94905275459983,0.0236579624453927,0.48948679170682,6.28990440760813
AMT20,25.2703,-39.5304,5.5,2.16402905493885,1.12716371393558,0.356412319328639,1.4378921815906,0.0236579624453927,0.33491201537835,5.44406724761741
AMT20,23.7651,-41.1073,2.8,2.11794540406685,1.16885333075238,0.351164530577788,2.73840612927127,0.0946318497815706,0.231862164492704,6.70286340894256
AMT20,22.9636,-40.532,1.7,1.68529461453461,0.829160156689598,0.222593706181935,3.09558953743709,0,0.386436940821174,6.21907495566441
AMT20,21.213,-39.2911,2.1,2.29614961363151,0.785154450049647,0.380464684436707,2.83915016747189,0,0.180337239049881,6.48125615463963
AMT20,20.431,-38.739,2.4,3.78805496238904,0.241645371549203,0.353788424953214,1.92329527473902,0,0.309149552656939,6.61593358628742
AMT20,18.691,-37.5228,2.5,4.95814986232024,0.298968594672297,0.388336367562984,2.27132013397751,0.0946318497815706,0.180337239049881,8.19174404736448
AMT20,17.9128,-36.9839,2,6.17066426962903,0.235276124535526,0.444750096634633,2.51860095501538,0.070973887336178,0.48948679170682,9.92975212485757
AMT20,16.1883,-35.8048,2.1,11.3266426484984,0.329656784829105,0.445187412363871,2.51860095501538,0.0236579624453927,0.309149552656939,14.9528953158091
AMT20,15.4238,-35.2855,1.8,7.82523645024897,0.379066701056418,0.305683694737078,1.19976990948006,0,0.231862164492704,9.94161892001523
AMT20,13.4658,-33.9539,2.2,8.10381705227107,0.954808029595773,0.458306884240999,1.72180719833779,0.0236579624453927,0.0772873881642347,11.3396845150553
AMT20,12.5455,-33.3289,2.1,7.45737758269962,0.77415302338966,0.323176323906582,2.59186934643401,0,0.257624627214116,11.404200903644
AMT20,10.5718,-31.9983,2.5,12.0099349459079,1.70232602001915,0.523904243626638,2.30795432968682,0.165605737117749,0.180337239049881,16.8900625154081
AMT20,9.7516,-31.4572,4.3,9.2203943178945,3.34288964475415,0.459181515699474,3.30623616276565,0,0.33491201537835,16.6636136564921
AMT20,7.8171,-30.1599,2.9,6.88069776811789,5.62964233014949,0.591688181658465,2.34458852539614,0.0946318497815706,0.33491201537835,15.8761606704819
AMT20,6.7873,-29.484,2.7,4.3100544817465,6.78517814441872,0.48891898528763,2.90326000996319,0,0.33491201537835,14.8223236367944
AMT20,4.7998,-28.1611,2.9,13.7155585104067,4.17784002600164,0.762241316061126,2.29879578075949,0.141947774672356,0.257624627214116,21.3540080351154
AMT20,3.8856,-27.5648,3.1,7.24788722483653,2.23116652963961,0.368657159747292,2.39038127003278,0.0236579624453927,0.154574776328469,12.4163249230301
AMT20,-3.8472,-25.014,1.3,8.9756718110467,0.186638238249265,0.753057685747137,2.53691805287004,0,0.180337239049881,12.632623026963
AMT20,-4.8906,-25.0296,2.2,8.43721887811338,0.190305380469261,0.564137290716496,3.929017489824,0.070973887336178,0.231862164492704,13.423515090952
AMT20,-6.0543,-23.7602,2.8,9.07957141840261,0.215010338582917,0.598247917597029,2.19805174255888,0.0473159248907853,0.386436940821174,12.5246342828534
AMT20,-6.2674,-22.6974,2,10.8630580321576,0.3005126545544,0.609618126557206,3.17801647778305,0.070973887336178,0.463724328985408,15.4859035073738
AMT20,-12.5292,-19.022,2,11.0301288826431,0.389682112745879,0.596935970409316,2.48196675930607,0.0473159248907853,0.515249254428231,15.0612789044234
AMT20,-13.4733,-19.9666,1.9,6.21273145551677,0.386787000466935,0.440376939342257,1.64853880691916,0,0.154574776328469,8.8430089785736
AMT20,-15.3313,-21.8412,3.1,8.12738735994184,0.390261135201668,0.447373991010059,1.80423413868375,0,0.541011717149643,11.310268341987
AMT20,-16.3161,-22.8417,4,4.38559220916972,0.536174794060452,0.453933726948623,1.74928284511978,0.0473159248907853,0.386436940821174,7.55873644101053
AMT20,-18.537,-25.1296,2,4.66026204265452,0.537911861427819,0.387899051833746,1.67601445370115,0,0.515249254428231,7.77733666404546
AMT20,-20.3796,-25.0892,2,4.11694707316131,0.533086674296245,0.586003077178376,2.72924758034394,0,0.309149552656939,8.27443395763681
AMT20,-21.7052,-25.0971,3.5,2.10505043753844,0.728796264352868,0.581192604156763,2.8757843631812,0.0473159248907853,0.154574776328469,6.49271437044853
AMT20,-23.8378,-26.5665,2.7,3.99289467658615,0.932226153820009,0.634982438852987,2.56439369965203,0.0946318497815706,0.180337239049881,8.39946605774262
AMT20,-24.8191,-27.3597,3.9,3.72372105834296,0.7755040757865,0.567635816550397,3.7366879623501,0.141947774672356,0.103049850885646,9.04854653858796
AMT20,-26.8573,-29.0661,3,8.40395972947181,1.0692614683567,0.676527433130558,3.90154184304201,0.0473159248907853,0.231862164492704,14.3304685633846
AMT20,-27.9154,-29.9846,2.6,5.49935090287437,1.60871738966662,0.766177157624265,3.65426102200414,0,0.360674478099762,11.8891809502692
AMT20,-29.9423,-31.8229,2,3.88786764046273,0.96310735146208,0.514283297583411,3.79163925591407,0,0,9.15689754542228
AMT20,-30.9977,-32.8167,1.7,3.75317513489418,0.878763080402174,1.13920747466393,8.70062148096223,0.0473159248907853,0.231862164492704,14.750945260306
AMT20,-33.0444,-34.8454,2.4,1.87942375544036,1.18352189963236,1.7378927079902,9.46993959085784,0.070973887336178,0.154574776328469,14.4963266175854
AMT20,-34.1072,-35.9253,3.1,3.00776855882468,1.10400281570403,1.13439700164232,11.9793819969459,0.070973887336178,0.154574776328469,17.4510990367816
AMT20,-36.0874,-38.0892,2.7,6.65147740682337,42.2649721303643,5.72839873728325,8.3709137195784,1.37216182183277,0.721348956199524,65.1092727720816
AMT20,-37.0936,-39.229,6,11.5907076051388,24.7097833007881,4.55508063573878,8.45334065992436,0.686080910916387,0,49.9949931125065
AMT20,-38.9224,-41.4561,4.7,0.921743481737978,21.658334958781,6.45215626917146,13.1425177107166,4.21111731527989,0.515249254428231,46.9011189901152
AMT20,-39.7914,-42.5517,5.7,0.376067958262792,23.3842078920022,5.83073061792484,37.3943552702829,5.70156894933963,1.41693544967764,74.1038661374901
AMT20,-41.6548,-45.0941,2.1,0.0900181406559336,13.8150897801508,8.00244052931873,46.1774036915911,3.61966825414508,0.283387089935527,71.9880074857973
AMT20,-42.498,-46.2962,2.9,0,4.38937622984982,5.64268485435268,27.6679763094599,3.99819565327136,0.231862164492704,41.9300952114265
AMT20,-44.2002,-48.9401,2.2,0.287952353652033,15.6183587149625,8.95185297749355,94.3513710493399,11.9236130724779,1.21083574790634,132.343983915832
AMT20,-45.0164,-50.2846,2.5,0,63.6847498373603,12.1272024874877,48.347979787368,5.46498932488571,1.18507328518493,130.809994722287
AMT22,49.251,-13.0564,5.3,1.98385184503104,9.13620232240661,NaN,NaN,NaN,NaN,11.1200541674377
AMT22,48.9277,-16.3695,1.8,0.0993898922858664,7.19628408802879,6.97780977571505,19.7183558405386,1.65605737117749,1.1077858970207,36.7556828647665
AMT22,47.8818,-17.2666,1.8,5.90977020639725,4.47951072546762,3.5234528304673,12.7120659111322,1.65605737117749,1.51998530056328,29.8008423452051
AMT22,45.8774,-18.6081,2.8,7.110869397435,1.25281158684176,1.83016632685933,8.1785841921045,0.165605737117749,0.875923732527993,19.4139609728863
AMT22,44.766,-19.3257,1.9,4.60663871189979,2.18426571072071,2.13366344295022,13.1608348085713,0.473159248907853,1.28812313607058,23.8466850591204
AMT22,42.8173,-20.5778,3,4.8036216568733,2.93467881342303,2.75202788409218,15.2856181597115,0.212921662008534,0.695586493478112,26.6844546695867
AMT22,41.6542,-21.2649,1.3,6.41739500896895,0.806385273428571,1.12914921289147,8.48081630670634,0.212921662008534,0.257624627214116,17.304292091218
AMT22,39.6543,-22.5096,2.2,8.58434833227353,1.24026610029966,0.829587938363716,3.04063824387312,0.070973887336178,0.283387089935527,14.0492015920817
AMT22,38.5561,-23.0963,3.1,5.89497270382368,0.758326409598098,0.359473529433302,1.3737823390993,0.070973887336178,0.257624627214116,8.71515349650467
AMT22,36.6845,-24.4696,2,6.85864244285346,0.614149818106681,0.490230932475343,1.90497817688436,0.070973887336178,0.180337239049881,10.1193124967059
AMT22,35.8472,-25.5944,3.6,5.74784324966353,0.452602552941599,0.392272209126122,2.26216158505018,0.0946318497815706,0.206099701771293,9.15561114833429
AMT22,34.3807,-27.6353,2.6,6.12732872637784,0.676877250817137,0.431193309028268,2.39953981896011,0,0.283387089935527,9.91832619511888
AMT22,33.562,-28.6905,1.7,4.63330944868122,0.409754891213225,0.436441097779119,2.40869836788744,0.0946318497815706,0.231862164492704,8.21469781983528
AMT22,32.0224,-30.7364,1,5.25473409247353,0.55373847521938,0.36166010807949,2.5552351507247,0.0946318497815706,0.360674478099762,9.18067415437843
AMT22,31.1062,-31.9071,2,4.87648174097368,0.486764877833139,0.415449942775714,2.08814915543094,0,0.103049850885646,7.96989556789912
AMT22,29.8077,-33.55,1.7,4.20622533868857,0.312865133611229,0.387024420375271,1.44705073051793,0.0946318497815706,0.206099701771293,6.65389717474586
AMT22,28.9364,-34.6717,1.1,2.58653298556349,0.269824464397593,0.305683694737078,1.83170978546573,0,0.283387089935527,5.27713802009942
AMT22,27.6147,-36.347,2.1,2.90031050442131,0.451251500544758,0.387461736104508,2.37206417217812,0.118289812226963,0.180337239049881,6.40971496452555
AMT22,26.7173,-37.4713,1.4,2.44768308641474,0.771836933566504,0.335421164325235,1.61190461120985,0.118289812226963,0.0257624627214116,5.3108980704647
AMT22,25.5004,-38.9826,1.3,2.06703494878394,0.966967501167338,0.383088578812132,2.61018644428867,0.165605737117749,0.33491201537835,6.52779522554818
AMT22,24.596,-40.0752,1.5,2.25725332115239,1.05092575725672,0.337607742971423,2.72924758034394,0.212921662008534,0.309149552656939,6.89710561638994
AMT22,23.164,-40.6037,2.2,2.99793878925794,0.758133402112835,0.380027368707469,2.00572221508498,0.141947774672356,0.33491201537835,6.61868156521393
AMT22,22.0755,-39.7985,1.5,4.38559220916972,0.306302879112289,0.366033265371866,3.38866310311161,0.0236579624453927,0.283387089935527,8.75363650914641
AMT22,20.5659,-38.5923,1.4,5.09322992152762,0.320392425536483,0.348103320473125,2.44533256359675,0.212921662008534,0.309149552656939,8.72912944579945
AMT22,19.4442,-37.7725,1.2,5.05229016440739,0.35822189264802,0.348103320473125,1.97824656830299,0.165605737117749,0.541011717149643,8.44347940009891
AMT22,17.712,-36.4286,1.5,8.19901431882776,0.4369689466353,0.383963210270608,3.26960196705633,0.212921662008534,0.180337239049881,12.6828073438484
AMT22,16.6435,-35.6572,1.9,8.49683167419551,0.502398484139438,0.409764838295626,2.12478335114025,0.0946318497815706,0.231862164492704,11.8602723620451
AMT22,15.062,-34.4472,1.7,11.5658689401046,0.756010319774943,0.467927830284226,2.80251597176257,0.165605737117749,0.541011717149643,16.2989405161937
AMT22,13.9563,-33.6673,2.3,9.21444008471608,2.19410909246912,0.65990943541953,2.01488076401231,0.0473159248907853,0.257624627214116,14.3882799287219
AMT22,12.2201,-32.3604,1.3,9.17004757699535,5.06007724113855,0.625798808538997,1.35546524124464,0.236579624453927,0.231862164492704,16.6798306568642
AMT22,11.1153,-31.5772,1.3,7.10614828947104,3.02211120424714,0.45087251684396,1.6943315515558,0.070973887336178,0.0772873881642347,12.4217248376184
AMT22,9.4523,-30.3271,1.7,7.46125311908794,6.27023417373719,0.634545123123749,1.63938025799183,0.331211474235497,0.231862164492704,16.5684863126689
AMT22,8.2954,-29.5267,1.3,6.38431202107231,3.7030416122548,0.435566466320644,2.4270154657421,0.189263699563141,0.206099701771293,13.3452989667243
AMT22,6.6201,-28.341,4.3,11.2958145181368,4.22165272515633,0.448685938197772,1.65769735584649,0.189263699563141,0.386436940821174,18.1995511777217
AMT22,5.5461,-27.5396,2.1,8.69011524352563,1.49368492844991,0.526090822272826,2.619344993216,0.425843324017068,0.206099701771293,13.9611790132527
AMT22,4.0302,-26.4679,1.6,9.54030223067566,1.7030980499602,0.693145430841587,4.24040815335317,0.236579624453927,0.231862164492704,16.6453956537772
AMT22,2.921,-25.6605,1.9,9.34384776793692,0.836108426159064,0.516469876229599,2.93073565674517,0.070973887336178,0.33491201537835,14.0330476297853
AMT22,1.1086,-24.9815,1.7,9.48548100685545,0.860041354331669,0.791104154190808,4.27704234906249,0.402185361571675,0.360674478099762,16.1765287041119
AMT22,-1.8829,-24.956,1.4,11.5121399129029,0.839196545923271,1.09984905903255,4.45105477868173,0.212921662008534,0.0257624627214116,18.1409244212704
AMT22,-2.9292,-24.9837,1.6,9.29783458136289,1.31882014680168,0.828713306905241,4.02976152802461,0.0946318497815706,0.566774179871054,16.136535592747
AMT22,-4.6216,-25.0035,1.4,11.0618378167293,1.09589650132298,0.83789693721923,2.90326000996319,0.0946318497815706,0.206099701771293,16.1996228167876
AMT22,-5.8294,-25.0298,1.4,13.9671160541575,3.42318075862354,1.05830406475498,2.90326000996319,0.378527399126283,0.644061568035289,22.3744498546608
AMT22,-8.0891,-25.0143,1.8,7.54077207934643,0.407824816360596,NaN,NaN,NaN,NaN,7.94859689570702
AMT22,-9.5135,-25.0535,1.6,5.45689616334779,0.243189431431307,0.453059095490147,3.48024859238489,0.0946318497815706,0.360674478099762,10.0886996105355
AMT22,-11.6225,-25.0202,1.9,7.46896895971559,0.270017471882856,0.460493462887187,2.16141754684957,0.0946318497815706,0.257624627214116,10.7131539183309
AMT22,-13.0724,-25.0661,1.4,3.5190222727418,0.290862280291253,0.351164530577788,1.81339268761108,0.141947774672356,0.154574776328469,6.27096432222274
AMT22,-15.2863,-25.0516,5.1,3.52229886259738,0.237013191902893,0.362097423808728,1.77675849190176,0,0.257624627214116,6.15579259742488
AMT22,-16.761,-25.0979,1.6,2.60485370303553,0.250137700900773,0.368219844018054,1.6943315515558,0.189263699563141,0.128812313607058,5.23561881268036
AMT22,-18.5161,-25.1012,0.6,1.73546519468884,0.247242588621828,0.307870273383266,3.72752941342277,0.189263699563141,0.231862164492704,6.43923333417254
AMT22,-18.5298,-25.1015,1,1.88115013074061,0.255541910488135,0.381339315895182,1.6302217090645,0.212921662008534,0.0257624627214116,4.38693719091838
AMT22,-20.1212,-24.4969,1.4,2.91919493627712,0.535402764119401,0.362097423808728,4.03892007695194,0.165605737117749,0.231862164492704,8.25308310276764
AMT22,-21.2537,-24.8467,1.8,2.38782366528972,0.581531553097244,0.429881361840555,2.83915016747189,0.0236579624453927,0.257624627214116,6.51966933735892
AMT22,-22.9642,-24.9795,1.3,3.36340187067634,0.602569368990904,0.524778875085113,1.90497817688436,0.544133136244031,0.206099701771293,7.14596112965204
AMT22,-24.1257,-25.004,2.3,2.62849447500428,0.790944674607535,0.490668248204581,1.84086833439306,0.0946318497815706,0.360674478099762,6.20628206009079
AMT22,-25.7498,-24.9898,1.5,3.53167061422731,0.573618246201463,0.857138829305684,3.02232114601846,0.236579624453927,0.0257624627214116,8.24709092292826
AMT22,-26.9564,-25.008,0.5,3.11667113133641,0.566090954276208,0.599997180513979,3.41613874989359,0.070973887336178,0.309149552656939,8.07902145601331
AMT22,-28.3893,-25.4756,1.1,4.03140341542643,0.748483027849688,0.66165869833648,4.42357913189975,0.118289812226963,0.33491201537835,10.3183261011177
AMT22,-29.1169,-26.5081,1.8,2.37894516374558,0.527682464708883,0.557140239048695,2.77504032498059,0.118289812226963,0.231862164492704,6.58896016920341
AMT22,-30.2016,-27.9187,1.1,3.6750302284461,0.883974282504273,0.553641713214794,2.7475646781986,0,0.180337239049881,8.04054814141364
AMT22,-30.9691,-29.053,1.5,2.84908295979754,0.505679611388907,0.622737598434334,2.89410146103586,0.0236579624453927,0.0772873881642347,6.97254698126627
AMT22,-34.1456,-33.4936,4.8,1.13014164298254,3.34462671212152,2.81368940191468,13.5271767656644,1.20655608471503,0.82439880708517,22.8465894144834
AMT22,-34.8577,-34.5286,4,NaN,7.49081351054003,1.67448192725075,8.58156034490696,0.70973887336178,1.00473604613505,19.4613307021946
AMT22,-36.0693,-36.2508,2.2,0.129900933306625,15.4629876893258,5.27708890471005,19.0772574156256,8.68247221745911,1.88065977866304,50.5103669390903
AMT22,-36.8373,-37.439,1.4,0.126765272046986,2.91885219963147,0.61617786249577,2.32627142754148,0.899002572924921,0.257624627214116,7.14469396185474
AMT22,-38.1057,-39.3287,1,0.0332591486415661,28.9540179017202,3.57549340224657,20.313661520815,6.19838616069288,0.875923732527993,59.9507418666442
AMT22,-38.9079,-40.5648,0.5,0.0359015598154193,18.741991856458,4.98321273466239,25.1493753544445,7.59420594497105,7.23925202471665,63.743939475068
AMT22,-40.1045,-42.3831,2.2,0.0328011307047648,38.2946151510203,4.77330118462834,30.9467368254436,10.6933990253175,0.978973583413639,85.7198269005281
AMT22,-40.9066,-43.6494,1.1,0,36.7042334724536,8.90724677311132,65.5935274175279,9.29757924103932,0.463724328985408,120.966311233118
AMT22,-42.1375,-45.6241,1.2,0,12.2758550851789,19.7609858570592,73.176805929356,2.31848031964848,0.206099701771293,107.738226893014
AMT22,-43.0452,-47.0775,1.8,0,7.44545675150324,13.5572249220947,40.2518225356095,2.10555865763995,0.128812313607058,63.4888751804544
AMT22,-43.9228,-48.567,1.7,0,5.89927378706182,21.9777392885645,52.4418511578839,0.875344610479529,0.103049850885646,81.2972586948755
AMT22,-44.6761,-49.7596,0.8,0,50.9225158893188,13.9376896065314,42.0560566742932,9.91268626461953,1.08202343429929,117.910971869062
AMT22,-45.5031,-51.3228,1.6,0,30.4824441775175,25.8532312810681,35.8374019526371,12.9882213825206,2.8853958247981,108.046694618541
AMT24,49.829,-4.7564,1.5,0,26.5273347895092,7.49821549350779,33.1264714701478,8.44589259300518,2.13828440587716,77.7361987520472
AMT24,47.8678,-7.9372,1.2,1.58604565084468,20.0804987667565,5.70609563509213,5.92558115598165,1.11192423493346,1.85489731594163,36.26504275955
AMT24,47.1864,-8.8176,2,5.55614512703772,1.64230069210237,1.6622370868321,9.88207429258763,0.141947774672356,0.33491201537835,19.2196169886105
AMT24,47.5672,-8.5049,1.7,5.84617617747985,1.40046231306791,1.58526951848628,14.3331290712694,0.331211474235497,0.309149552656939,23.8053981071958
AMT24,46.3876,-10.9831,1.4,3.7817131755718,2.34948011810579,2.11966933961462,13.9667871141762,0.260237586899319,0.592536642592466,23.0704239769602
AMT24,45.502,-12.4895,1.9,2.35935608891008,1.19240024395445,1.51748558045445,8.27016968137779,0.165605737117749,0.721348956199524,14.226366288014
AMT24,44.0935,-14.9208,1.4,6.98593619713521,0.436582931664774,1.39897301783106,6.66742361909527,0.35486943668089,0.103049850885646,15.9468350532929
AMT24,43.1703,-16.4268,2.7,5.59264563338588,0.398174442097449,1.16763299706438,8.41670646421504,0.118289812226963,0.206099701771293,15.899549050761
AMT24,41.7715,-18.7572,1.4,9.59427788292024,1.07678876028195,2.38380804007413,8.98453649770942,0.425843324017068,0.618299105313878,23.0835536103167
AMT24,40.8422,-20.2148,1.9,8.50796503327468,0.535595771604664,1.67360729579227,12.1259187797832,0.473159248907853,0.360674478099762,23.6769206074624
AMT24,39.3985,-22.4553,1.8,9.01840840776515,1.13314694597873,1.91806678843609,8.20605983888648,0.189263699563141,0.618299105313878,21.0832447859435
AMT24,38.496,-23.8918,2,6.26438178592836,1.35645660642796,0.613553968120344,4.87234802933885,0.0946318497815706,0.257624627214116,13.4589968668112
AMT24,36.9505,-25.9107,1.9,6.46812930350693,1.08894823185352,0.439502307883782,3.8649076473327,0.141947774672356,0.103049850885646,12.1064851161349
AMT24,34.739,-26.6089,2.2,6.71493050714483,0.419019250505847,0.352476477765501,3.26960196705633,0.0946318497815706,0.154574776328469,11.0052348285825
AMT24,33.3539,-27.0846,1.5,5.10859113848495,0.268087397030226,0.27988206671206,2.88494291210853,0.283895549344712,0.180337239049881,9.00573630273036
AMT24,31.2952,-27.7043,2.2,3.32077097040484,0.772801970992819,0.263701384730269,2.67429628677997,0.591449061134817,0.283387089935527,7.90640676397824
AMT24,29.8986,-28.1652,5,3.04014690374162,0.610868690857211,0.241398282539152,2.82083306961723,0.0236579624453927,0.180337239049881,6.91724214825049
AMT24,27.5001,-28.864,1.9,6.38529852124388,0.252839805694454,0.391834893396884,2.32627142754148,0.0946318497815706,0.103049850885646,9.55392634854392
AMT24,26.1058,-29.3052,2,2.04621274873398,0.230450937403953,0.270698436398071,3.22380922241969,0.070973887336178,0.180337239049881,6.02248247134175
AMT24,24.0605,-29.8828,2,7.98113870950631,0.321164455477535,0.354663056411689,3.89238329411468,0.165605737117749,0.412199403542585,13.1271546561706
AMT24,22.6588,-29.8664,2.7,6.74124892243641,0.365942192058538,0.339357005888373,3.61762682629482,0.236579624453927,0.412199403542585,11.7129539746746
AMT24,20.4533,-29.2478,2.7,10.0159714741182,0.90867924061793,0.498977247060095,2.90326000996319,0.141947774672356,0.283387089935527,14.7522228363673
AMT24,19.8554,-29.1406,2.7,8.71752585543573,0.687878677477125,0.46355467299185,5.25700708428665,0.331211474235497,0.48948679170682,15.9466645561337
AMT24,17.8316,-28.6811,2.3,10.9068515933456,1.21421008978917,0.630171965831373,2.91241855889052,0.165605737117749,0.206099701771293,16.0353576467457
AMT24,16.4361,-28.4048,2.4,7.56508226214588,0.498538334434179,0.452184464031672,3.11390663529175,0.283895549344712,0.180337239049881,12.0939444842981
AMT24,14.2204,-27.9077,2.1,15.8679257240316,2.80767988812001,0.621425651246621,4.88150657826618,0.236579624453927,0.592536642592466,25.0076541087108
AMT24,12.844,-27.6471,2,12.0367113791363,1.74054150210121,0.463991988721087,4.39610348511776,0.0946318497815706,0.128812313607058,18.8607925184649
AMT24,10.7604,-27.1957,1.9,10.1689494650098,1.14974558971134,0.421572362985041,3.81911490269605,0.165605737117749,0.33491201537835,16.0599000728984
AMT24,9.3684,-26.921,1.4,9.89072118447758,3.31799167915523,0.422009678714278,3.17801647778305,0.212921662008534,0.128812313607058,17.1504729957457
AMT24,7.2792,-26.5128,2.1,8.09603074734545,2.08293678095767,0.371718369851955,6.70405781480458,0.0946318497815706,0.309149552656939,17.6585251153982
AMT24,5.8991,-26.2046,1.9,9.44144082062456,2.91267596010305,0.442563517988445,3.81911490269605,0.165605737117749,0.206099701771293,16.9875006403012
AMT24,3.7811,-25.7748,2.4,11.5067493941083,1.51858289404883,0.465741251638038,3.04063824387312,0.189263699563141,0.180337239049881,16.9013127222813
AMT24,2.3758,-25.4862,1.6,16.2357493594319,1.05980410157881,0.780608576689105,4.1213470172979,0.141947774672356,0.283387089935527,22.6228439196056
AMT24,0.0003,-24.9997,1.7,9.06382264780644,11.8761365831993,3.68219844018054,17.9599144464915,0.686080910916387,1.31388559879199,44.5820386273862
AMT24,-3.9002,-24.9965,2.1,12.223864554543,4.93056921852711,1.66354903401981,7.65654690324677,0.496817211353246,1.18507328518493,28.1564202068749
AMT24,-5.3223,-25.0262,2.4,6.29598502356764,2.07154933932715,1.65436540370582,9.86375719473297,0.35486943668089,0.82439880708517,21.0649252050996
AMT24,-7.4775,-25.0136,1.9,10.0913330407965,0.620905080090884,0.742999423974672,2.97652840138182,0.189263699563141,0.386436940821174,15.0074665866282
AMT24,-8.9112,-25.0426,5.1,9.55721366218832,0.777241143153867,0.551017818839369,4.96393351861214,0.283895549344712,0.257624627214116,16.3909263193525
AMT24,-11.0477,-25.0223,2.1,9.27620204188628,0.568407044099364,0.71982169032508,4.74412834435625,0.331211474235497,0.463724328985408,16.1034949238879
AMT24,-12.4948,-25.0653,2.1,5.69538257982529,0.180268991235588,0.368219844018054,2.78419887390791,0.070973887336178,0.257624627214116,9.35666880353715
AMT24,-14.6706,-25.0515,2.3,5.65546455502562,0.263841232354441,0.360785476621015,1.99656366615765,0.0946318497815706,0.257624627214116,8.62891140715441
AMT24,-16.1315,-25.0845,2.3,4.96896613205855,0.242417401490255,0.308744904841741,1.95077092152101,0.141947774672356,0.206099701771293,7.8189468363552
AMT24,-18.3165,-25.0647,2.3,4.95575407618928,0.263262209898653,0.356412319328639,2.8116745206899,0.35486943668089,0.154574776328469,8.89654733911583
AMT24,-18.5506,-25.0711,1.9,3.06044062155682,0.289511227894413,0.313118062134117,3.22380922241969,0.141947774672356,0.283387089935527,7.31221399861292
AMT24,-20.856,-25.0516,2.1,4.07766322704336,0.308039946479655,0.412826048400289,3.17801647778305,0.0946318497815706,0.283387089935527,8.35456463942345
AMT24,-22.3164,-25.0602,2.6,3.61136573523072,0.42712556488689,0.370406422664242,2.34458852539614,0,0.360674478099762,7.11416072627776
AMT24,-24.4331,-25.0372,1.8,4.84547744986714,0.599867264197223,0.428132098923605,3.79163925591407,0.118289812226963,0.386436940821174,10.1698428219502
AMT24,-25.5947,-25.0357,2.5,5.48342597153328,0.616272900444573,0.425945520277417,2.72924758034394,0.118289812226963,0.206099701771293,9.57928148659747
AMT24,-27.7468,-25.0306,2.4,5.07152691775304,0.590988919875128,0.514720613312648,3.8649076473327,0.070973887336178,0.283387089935527,10.3965050755452
AMT24,-29.154,-25.2756,3,3.68764333778262,0.428090602313205,0.369531791205767,4.34115219155379,0.070973887336178,0.360674478099762,9.25806628829132
AMT24,-31.3649,-26.0964,2.4,6.40982009693724,0.763344604214935,0.775798103667492,4.73496979542892,0.331211474235497,0.180337239049881,13.195481313534
AMT24,-32.7166,-26.6319,2.1,5.40647895815068,1.25840880391438,1.0644264849643,4.29535944691714,0.733396835807173,0.386436940821174,13.1445074705748
AMT24,-34.6902,-27.4287,5.1,4.39457640716082,4.32240263246358,2.10829913065444,8.40754791528772,1.75068922095906,0.154574776328469,21.1380900828541
AMT24,-35.7958,-27.8749,2.1,5.01173796092599,20.2345187399963,4.32111672059667,22.5208718123012,6.4586237475922,2.29285918220563,60.839728163618
AMT24,-37.8931,-28.7679,2.8,0.0900181406559336,11.304834426821,4.0307390763829,17.2455476301599,5.34669951265874,0.927448657970816,38.9452874446493
AMT24,-38.9613,-29.1674,2.5,0.017122824406569,9.14102750953819,3.99881502814856,9.32340280802058,5.37035747510413,0.901686195249405,28.7524118404674
AMT24,-40.1,-30.9,2.6,0.0152202883613946,7.17621130956144,3.93365498449216,17.080693749468,4.63696063929696,0.927448657970816,33.7701896291507
AMT24,-40.6855,-32.1033,2.7,0.0144099489347463,7.23025340543506,NaN,NaN,NaN,NaN,7.24466335436981
AMT24,-41.4699,-33.8796,2.1,0.0190958247497127,8.58149880976092,5.94749391763128,21.0371868860739,4.63696063929696,0.953211120692228,41.175447198205
AMT24,-42.0805,-35.1019,4.9,0.067258172411811,12.6481665242511,6.777081855995,21.3394190006758,4.14014342794372,2.03523455499151,47.0073035362689
AMT24,-43.0037,-37.1397,2.1,0.0112742876751071,5.45014536885495,6.39880375020448,19.6817216448293,6.19838616069288,1.41693544967764,39.1572666619344
AMT24,-43.5872,-38.3892,1.5,0,4.89505584123873,7.29267710076612,21.7057609577689,3.31211474235497,0.566774179871054,37.7723828219998
AMT24,-44.6259,-40.726,1.9,0,2.88025070257888,16.3717889554678,18.8666107902971,2.10555865763995,1.08202343429929,41.306232540283
AMT24,-45.2875,-42.1984,2.3,0,2.72816080419168,15.8824326544509,29.2524052738878,0.993634422706492,0.515249254428231,49.3718824096651
AMT24,-46.0724,-44.2095,2,0,3.09757713098495,15.1787916461077,37.6599531891755,2.9099293807833,0.798636344363759,59.6448876914151
AMT24,-48.2452,-50.3406,5,0,2.11150188877658,7.23582605596523,11.6313571377074,6.36399189781063,1.80337239049881,29.1460493707587
AMT24,-49.5799,-53.0707,3.1,0,0.470166234100526,7.34078183098226,15.4046792957668,0.946318497815707,4.12199403542585,28.2839398940912
AMT24,-50.2593,-54.5295,3,0,0.432722781959516,4.15449942775714,42.0926908700025,1.51410959650513,6.62095291940277,54.8149755956271
AMT25,48.4093,-9.1979,3.6,0.00669410830709486,14.0474707924074,2.23861921796724,NaN,NaN,NaN,16.2927841186818
AMT25,47.5095,-11.0623,2.7,0.00366414349440982,5.04965483693435,5.10216261301501,NaN,NaN,NaN,10.1554815934438
AMT25,46.2764,-12.9354,2.9,7.27346576499943,6.12914570200998,6.0861230037996,NaN,NaN,NaN,19.488734470809
AMT25,45.5933,-13.9912,3.3,9.75493648229051,5.32642757080141,7.34078183098226,NaN,NaN,NaN,22.4221458840742
AMT25,44.455,-15.6897,2.8,4.99454467222145,3.13868772534596,5.20230791501042,NaN,NaN,NaN,13.3355403125778
AMT25,43.7119,-16.7791,3.6,5.96874882379766,1.39602314090686,2.12098128680233,NaN,NaN,NaN,9.48575325150685
AMT25,42.3078,-18.8061,2.7,10.7847017328156,1.57204596746666,2.3636915165292,NaN,NaN,NaN,14.7204392168115
AMT25,41.5246,-19.8713,2.4,6.35647862337439,2.04201919408192,1.51661094899598,NaN,NaN,NaN,9.91510876645229
AMT25,40.0436,-21.9261,2.5,19.5368255585543,1.02313267937885,0.882503141601465,NaN,NaN,NaN,21.4424613795346
AMT25,39.2032,-23.0456,2.6,2.8692357490168,0.292792355143883,1.40728201668658,NaN,NaN,NaN,4.56931012084726
AMT25,37.6887,-25.0589,2.9,4.48762451262944,0.716250777810777,0.175800923153513,NaN,NaN,NaN,5.37967621359373
AMT25,37.5058,-26.6566,2.5,5.89268261413967,1.04803064497777,0.437753044966832,0.714366816331636,0,0.0772873881642347,8.17012050858015
AMT25,36.8376,-29.9555,2.6,3.48932157114769,0.916399540028448,0.247958018477716,1.35546524124464,0.070973887336178,0.0257624627214116,6.10588072095609
AMT25,36.2466,-32.761,2,7.1594897630339,0.921417734645284,0.240086335351439,1.08070877342478,0.165605737117749,0.103049850885646,9.6703581944588
AMT25,36.2286,-32.7719,2.8,7.47541644297979,0.836880456100116,0.319677798072681,0.879220697023552,0.378527399126283,0.0257624627214116,9.91548525602383
AMT25,35.6113,-34.1666,7.8,6.00634152676434,0.641363873528756,0.275071593690447,0.622781327058349,0.141947774672356,0.103049850885646,7.7905559465999
AMT25,35.0636,-35.4433,5.5,4.77603488421828,0.678228303213978,0.184109922009027,0.503720191003077,0.307553511790105,0.0772873881642347,6.5269342003987
AMT25,33.9988,-37.575,7.5,4.8144731587606,0.462252927204746,0.269823804939596,1.08070877342478,0.070973887336178,0.154574776328469,6.85280732799437
AMT25,33.2215,-38.9216,5.1,3.9895476224326,0.986847272149421,0.723320216158981,1.10818442020677,0.260237586899319,0.180337239049881,7.24847435689697
AMT25,31.151,-40.9179,4.3,3.35959679858599,0.886869394783218,0.262826753271794,0.906696343805538,0.070973887336178,0.180337239049881,5.6673004168326
AMT25,30.1005,-41.9392,2.7,1.7763344875111,0.9775829128568,0.169678502944187,0.595305680276363,0.118289812226963,0.103049850885646,3.74024124670106
AMT25,28.2558,-42.3096,5.1,1.88837272128248,1.10323078576298,0.211660812950996,0.732683914186293,0.0236579624453927,0.180337239049881,4.13994343567801
AMT25,27.4746,-41.1108,2.8,1.8445439279455,0.731691376631812,0.173177028778087,1.1173429691341,0.070973887336178,0.0772873881642347,4.01501657798991
AMT25,25.9342,-38.827,2.5,3.14277815373408,0.24338243891657,0.262826753271794,0.879220697023552,0.0236579624453927,0.180337239049881,4.73220324444127
AMT25,25.4532,-38.0744,2.6,5.07131552485913,0.538683891368871,0.253205807228567,1.44705073051793,0.070973887336178,0.103049850885646,7.48427969219632
AMT25,23.8985,-35.7556,2.6,4.46225736536045,0.324252575241742,0.266325279105695,1.25472120304403,0.141947774672356,0.180337239049881,6.62984143647415
AMT25,22.9866,-34.3891,2.6,10.7982661101747,0.319041373139643,0.28906569702605,0.979964735224167,0.141947774672356,0.0772873881642347,12.6055730784012
AMT25,21.466,-32.0755,2.6,12.0616909727664,0.368837304337482,0.293876170047663,1.02575747986081,0.165605737117749,0.103049850885646,14.0188175150158
AMT25,20.5801,-30.7697,2.5,11.6003612139606,0.302828744377556,0.367345212559579,1.54779476871854,0.070973887336178,0.154574776328469,14.043878603281
AMT25,19.2677,-28.995,2.5,13.2776581306757,1.76370240033276,0.502913088623233,1.22724555626204,0.118289812226963,0.0772873881642347,16.9670963762849
AMT25,18.4807,-28.028,2.1,12.4539657195622,0.612219743254051,0.32711216546972,1.52031912193656,0.260237586899319,0.103049850885646,15.2769041880075
AMT25,17.1778,-26.4558,2.6,17.1484734110298,2.65790607955597,0.460930778616424,3.32455326062031,0.260237586899319,0.33491201537835,24.1870131321002
AMT25,16.4329,-25.5498,2.8,16.8682368980055,5.27663163960357,0.503350404352471,2.19805174255888,0.236579624453927,0.257624627214116,25.3404749361884
AMT25,15.0956,-23.9468,2.5,19.1224602543452,13.984743359697,1.00932470308037,1.57527041550053,0.780712760697958,0.33491201537835,36.8074235086993
AMT25,13.3793,-22.905,2.3,18.5508186370682,9.40351768949579,0.482796565078304,1.29135539875334,0.331211474235497,0.0772873881642347,30.1369871527954
AMT25,12.369,-22.5323,2.1,8.52709609017338,12.4817940719544,0.228716126391262,3.33371180954763,0.0236579624453927,0.283387089935527,24.8783631504476
AMT25,9.9953,-21.6016,2.3,16.4040533351319,5.2353280377573,0.453933726948623,1.6302217090645,0.0946318497815706,0.360674478099762,24.1788431367837
AMT25,8.5676,-21.0369,2.6,9.62249883425699,8.14665294546351,0.307870273383266,2.47280821037874,0.070973887336178,0.128812313607058,20.7496164644257
AMT25,5.8774,-20.0271,2.9,12.2254147690984,4.52602552941599,0.493729458309244,2.78419887390791,0.118289812226963,0.231862164492704,20.3795206074512
AMT25,4.4031,-19.4308,2.7,8.8996408335377,1.65523219361499,0.204226445553956,1.51116057300923,0.0946318497815706,0.128812313607058,12.4937042091045
AMT25,1.9329,-18.4323,3.1,20.8356587308757,0.936472318495794,0.534837136857578,1.66685590477382,0.141947774672356,0.33491201537835,24.4506838810536
AMT25,0.4901,-17.8436,3.1,17.9376735482873,1.36823006302899,0.750871107100949,1.81339268761108,0.236579624453927,0.283387089935527,22.3901341204178
AMT25,-1.6801,-16.977,3.4,11.22387046991,14.4342577928744,1.95480130969205,8.59987744276162,0.520475173798639,1.00473604613505,37.7380182351717
AMT25,-4.4238,-15.8679,2.8,3.71301048505161,8.37787591280851,2.15159338784896,4.88150657826618,0.236579624453927,0.463724328985408,19.8242903174146
AMT25,-5.3924,-15.455,3,11.5779535672064,30.8742493726012,3.9305937743875,13.5180182167371,0.851686648034136,1.3396480615134,62.0921496404797
AMT25,-7.1099,-14.7596,3.4,11.8986365872652,7.15884063588777,1.04562190860709,4.24040815335317,0.733396835807173,0.695586493478112,25.7724906143985
AMT25,-7.858,-14.4416,3.3,5.09763394015071,5.4300725903876,0.89256140337393,5.8156785688537,0.425843324017068,0.669824030756701,18.3316138575397
AMT25,-10.1135,-16.5745,3.3,12.8250307126691,0.822404894705395,0.561513396341071,2.39038127003278,0.236579624453927,0.463724328985408,17.2996342271877
AMT25,-11.2348,-17.6946,2.4,14.7299273118254,0.431564737047938,0.319677798072681,2.75672322712593,0.236579624453927,0.48948679170682,18.9639594902327
AMT25,-13.0002,-19.4722,2.6,7.74758479388667,0.379645723512207,0.415887258504952,2.64682063999798,0.189263699563141,0.283387089935527,11.6625892054005
AMT25,-14.0205,-20.5,2.6,8.09733433685789,0.306495886597552,0.337607742971423,1.70349010048313,0.0946318497815706,0.154574776328469,10.69413469302
AMT25,-15.691,-22.1881,3.3,9.09183220624929,0.247628603592354,0.370406422664242,1.1173429691341,0.189263699563141,0.154574776328469,11.1710486775316
AMT25,-16.5713,-23.1009,2.6,NaN,0.232767027227108,0.335421164325235,1.52031912193656,0.189263699563141,0.180337239049881,2.45810825210192
AMT25,-18.502,-25.0019,2.3,4.77208888353199,0.299740624613349,0.339794321617611,1.2455626541167,0.0236579624453927,0.103049850885646,6.78389429721068
AMT25,-20.5417,-25.0686,2.4,3.59537033959167,0.32541062015332,0.339794321617611,1.67601445370115,0,0.0772873881642347,6.01387712322798
AMT25,-22.158,-25.0866,2.6,NaN,0.366714221999589,0.355100372140926,1.46536782837259,0.0236579624453927,0.180337239049881,2.39117762400838
AMT25,-24.9083,-25.0736,3.6,6.30933800803285,0.536753816516241,0.351164530577788,2.08814915543094,0.118289812226963,0.231862164492704,9.63555748727748
AMT25,-26.5025,-25.0371,2.4,4.32999587807185,0.517260060504684,0.665157224170381,2.32627142754148,0.070973887336178,0.0772873881642347,7.98694586578881
AMT25,-28.7968,-25.4593,6.8,6.7290585988877,0.682860482860288,0.401018523710874,2.34458852539614,0.283895549344712,0.180337239049881,10.6217589192496
AMT25,-29.4057,-26.2118,6.8,5.91368097493456,0.593691024668809,0.719384374595842,2.20721029148621,0.0946318497815706,0.180337239049881,9.70893575451687
AMT25,-30.9355,-28.0865,6.7,7.4283815240852,0.889571499576899,1.7343941821563,1.89581962795703,0.236579624453927,0.309149552656939,12.4938960108863
AMT25,-32.39,-29.8533,6.4,4.97883113377427,0.894396686708472,1.1457672106025,2.96736985245449,0.283895549344712,0.231862164492704,10.5021225973771
AMT25,-33.3325,-31.0739,3.1,1.65221162663797,1.39351404359844,2.16996064847694,6.94218008691513,0.638764986025602,0.386436940821174,13.1830683324753
AMT25,-35.3339,-33.646,2.8,2.02338231619188,9.29138034055802,4.50216543250103,9.12191473161935,0.733396835807173,0.386436940821174,26.0586765974986
AMT25,-36.3629,-34.9804,2.9,0.0987909457531263,5.27508757972146,4.87344648662375,8.68230438310757,2.01092680785838,0.721348956199524,21.6619051592638
AMT25,-38.4792,-37.7521,3.6,0.0874814259290344,25.5032370727041,12.2776390983455,8.65482873632559,7.23933650829015,1.1077858970207,54.870308738615
AMT25,-39.8742,-39.6579,2.7,0.0519321876034623,3.78738588331471,2.65144526636753,4.32283509369913,2.10555865763995,0.206099701771293,13.1252567903961
AMT25,-41.6779,-42.2299,3.2,0.224393556883617,33.4750252365194,7.23407679304828,4.35946928940844,2.8862714183379,0.0515249254428231,48.2307612196404
AMT25,-42.7227,-43.6993,5.4,0.192931247840271,21.4962086711601,3.8282618937459,6.57583812982198,1.49045163405974,0.154574776328469,33.7382663529565
AMT25,-44.5917,-46.3548,3.1,0.093118569766588,29.0090250350202,8.06453936287047,5.73325162850775,1.23021404716042,0.128812313607058,44.2589609569324
AMT25,-45.6503,-48.0106,3.1,0.0292074515083244,44.3243619981198,10.7216697337181,7.89466917535731,1.25387200960581,0.206099701771293,64.4298800700807
AMT25,-48.8725,-53.107,7.3,0,0.272526569191274,2.75246519982142,15.1848741215109,0.283895549344712,1.08202343429929,19.5757848741676
AMT25,-49.7765,-54.5091,6.9,0,0.0314602200978595,0.0446062043822346,1.3737823390993,0.473159248907853,0.33491201537835,2.2579200278656
AMT28,49.6381,-5.5016,5.9,0,5.45767266078021,8.68290380401243,31.9450186585224,10.9299786497714,2.24133425676281,59.2569080298492
AMT28,48.4694,-8.8366,5.3,0.0950915701097318,2.85844085674417,2.65931694949381,8.31596242601443,0.591449061134817,1.49422283784187,16.0144837013388
AMT28,47.9012,-10.3814,7.2,0.720074660949499,7.29954309264446,5.94618197044357,24.0595080320924,0.283895549344712,1.03049850885646,39.3397018143311
AMT28,46.0291,-12.7325,6.9,2.53622147681332,0.242610408975518,1.2109272542589,5.65082468816179,0.0946318497815706,0.386436940821174,10.1216526188123
AMT28,44.9786,-13.5894,7.5,5.33442921347694,0.63576665645613,1.17419273300294,7.82140078393868,0,0.103049850885646,15.0688392377603
AMT28,42.965,-15.2118,7,7.41763571864486,0.414773085830062,NaN,NaN,NaN,NaN,7.83240880447493
AMT28,41.9117,-16.0363,6.5,6.02927765575339,0.278702808719688,0.474924881952027,8.48081630670634,0,0.231862164492704,15.4955838176242
AMT28,39.7193,-17.7162,6,5.07293620371243,0.7426928032918,1.15495084091649,6.13622778131021,0.141947774672356,0.0772873881642347,13.3260427920675
AMT28,38.6308,-18.5257,7.2,4.25079400715422,0.819702789911714,0.411076785483338,3.31539471169298,0.0236579624453927,0.103049850885646,8.92367610757329
AMT28,36.4139,-20.1215,7.5,2.82132002639759,0.748869042820214,0.281194013899773,2.17057609577689,0.070973887336178,0.103049850885646,6.1959829171163
AMT28,35.302,-20.9152,6.8,4.92548966021142,0.694633939461328,0.327549481198958,3.01316259709113,0.0236579624453927,0.412199403542585,9.39669304395081
AMT28,33.0469,-22.1368,7.3,3.76275827941802,0.917557584940025,0.298249327340039,2.44533256359675,0.118289812226963,0.437961866263997,7.9801494337858
AMT28,31.924,-22.7102,7,2.77446126824793,0.92180374961581,0.290814959943,3.84659054947804,0.118289812226963,0.309149552656939,8.26110989216868
AMT28,29.4883,-23.9324,6.5,3.91594766320354,0.625344252251931,0.335421164325235,2.24384448719552,0.0946318497815706,0.33491201537835,7.55010143213615
AMT28,28.6091,-24.3609,6.4,3.68292222981867,0.620905080090884,0.30174785317394,2.21636884041354,0.331211474235497,0.33491201537835,7.48806749311088
AMT28,26.2038,-25.5211,6.8,4.79238260134718,0.754080244922314,0.386587104646033,2.52775950394271,0.0236579624453927,0.257624627214116,8.74209204451775
AMT28,25.0577,-26.0568,6.6,4.74499536096275,0.514943970681529,0.340231637346848,2.56439369965203,0.070973887336178,0.283387089935527,8.51892564591486
AMT28,22.5997,-27.2134,6.3,8.44507564733697,0.515136978166792,0.585128445719901,3.28791906491099,0.070973887336178,0.206099701771293,13.1103337252421
AMT28,21.4472,-27.7453,6.9,8.23572621806983,0.445075261016344,0.588626971553802,2.60102789536134,0.118289812226963,0.0772873881642347,12.0660335463925
AMT28,19.0778,-28.8167,6.5,9.99824970317892,0.730726339205498,0.549268555922418,2.32627142754148,0.0946318497815706,0.128812313607058,13.8279601892369
AMT28,17.7473,-28.9302,6,7.66838292296904,0.52884050962046,0.404954365274012,2.90326000996319,0.0946318497815706,0.103049850885646,11.7031195084939
AMT28,15.0761,-28.6126,6.3,11.8616428308312,4.49919748896444,1.15451352518725,6.81396040193253,0.189263699563141,0.309149552656939,24.8277274991355
AMT28,13.8122,-28.2946,6.8,8.73070267915601,1.40509449271422,0.537898346962241,3.63594392414948,0.070973887336178,0.33491201537835,14.7155253456965
AMT28,11.447,-27.7087,6.2,13.8409144964943,6.01372722582274,0.963843867239657,3.04979679280045,0.0946318497815706,0.180337239049881,24.1432514711886
AMT28,10.0982,-27.2938,7.2,11.7076431076191,4.59319213428749,0.735127740848396,4.29535944691714,0.118289812226963,0.33491201537835,21.7845242572774
AMT28,7.4713,-26.6501,7.2,7.11460400522737,3.12517720137755,0.444750096634633,2.50028385716073,0.0946318497815706,0.154574776328469,13.4340217865103
AMT28,6.256,-26.38,5.9,6.18028264630186,2.21186578111331,0.251893860040854,4.00228588124263,0.0946318497815706,0.231862164492704,12.9728221829729
AMT28,3.8078,-25.8358,6.3,5.73434933660238,2.01287506380722,0.539647609879191,3.33371180954763,0.0236579624453927,0.437961866263997,12.0822036485458
AMT28,0.0013,-24.9963,6.3,9.07523786407749,3.40986324214039,2.06106903189678,8.03204740926724,0.331211474235497,0.850161269806582,23.759590291424
AMT28,-1.151,-24.9868,6.4,9.27979572108272,2.52820504945927,1.04912043444099,5.84315421563569,0.141947774672356,0.206099701771293,19.0483228970623
AMT28,-3.6894,-24.9793,7.2,11.210165163955,0.763730619185461,0.76530252616579,3.84659054947804,0,0.154574776328469,16.7403636351127
AMT28,-4.9846,-24.9732,7.6,11.1852208024738,0.393928277421664,0.528277400919014,4.87234802933885,0,0.231862164492704,17.211636674646
AMT28,-7.5486,-24.9587,6.9,10.6543780137212,0.174864781648225,0.458306884240999,3.0040040481638,0.0236579624453927,0.206099701771293,14.5213113919909
AMT28,-8.7631,-24.9484,7,8.05012325721838,0.198990717306093,0.405828996732487,2.35374707432347,0.0946318497815706,0.283387089935527,11.3867089852975
AMT28,-11.262,-24.9387,6.6,8.05526715097014,0.331586859681734,0.374342264227381,1.71264864941046,0,0.128812313607058,10.6026572378968
AMT28,-12.0828,-24.9303,6.4,6.48440655633787,0.305530849171237,0.383963210270608,2.78419887390791,0.165605737117749,0.283387089935527,10.4070923167409
AMT28,-14.7791,-24.9856,7.5,6.90409191504373,0.239136274240785,0.376966158602806,2.51860095501538,0.0946318497815706,0.231862164492704,10.365289317177
AMT28,-16.0324,-25.0235,6.7,3.34564486758804,0.13973741933037,0.280756698170535,3.02232114601846,0,0.128812313607058,6.91727244471447
AMT28,-18.3391,-25.0867,6.5,4.92238923110076,0.227169810154482,0.316616587968018,2.01488076401231,0.0236579624453927,0.0257624627214116,7.53047681840237
AMT28,-20.38,-25.0592,6.4,6.68766082383066,0.25129574581235,0.271573067856546,1.88666107902971,0.0236579624453927,0.0772873881642347,9.19813606713889
AMT28,-21.6037,-25.0465,6.5,7.47710758613105,0.22504672781659,0.281194013899773,2.22552738934087,0.070973887336178,0.180337239049881,10.4601868435743
AMT28,-23.9999,-24.9998,7,4.83504873376767,0.381768805850099,0.480609986432116,2.03319786186696,0.0946318497815706,0.0257624627214116,7.85101970041983
AMT28,-24.9059,-25.9033,7.4,6.94298820752285,0.317497313257539,0.522154980709687,2.71093048248929,0.118289812226963,0.206099701771293,10.8179604979776
AMT28,-26.6279,-27.6554,7.7,5.40369561838088,0.558756669836217,0.544020767171567,1.94161237259368,0.118289812226963,0.103049850885646,8.66942509109495
AMT28,-27.2,-28.2501,7.8,5.30684244082192,0.47634247362894,0.578131394052099,2.51860095501538,0.0946318497815706,0.0772873881642347,9.05183650146414
AMT28,-29.1276,-30.2235,5.8,5.98037543296261,0.659120562172946,0.704952955531002,2.01488076401231,0.307553511790105,0.206099701771293,9.87298292824026
AMT28,-30.0059,-31.1497,7.1,8.01601853700117,0.972757725725227,0.69620664094625,2.78419887390791,0.0236579624453927,0.231862164492704,12.7247019045187
AMT28,-31.6166,-32.8857,6.2,5.40993170875118,1.74440165180647,1.20874067561271,4.1213470172979,0.378527399126283,0.0772873881642347,12.9402358407588
AMT28,-32.3729,-33.6741,7.4,4.04229014946271,1.25609271409123,0.903056980875632,4.25872525120783,0.070973887336178,0.0257624627214116,10.556901445695
AMT28,-33.8305,-35.2678,6.5,2.44613287185942,3.45464097872139,1.64824298349649,4.93645787183015,0.922660535370314,0.180337239049881,13.5884724803276
AMT28,-34.5806,-36.0914,6.5,2.79207734274028,3.01844406202715,1.63993398464098,6.6765821680226,0.662422948470994,0.128812313607058,14.9182728195091
AMT28,-36.1662,-37.8655,7,0.588165495150746,21.8646599605271,5.03656525362937,9.41498829729387,6.36399189781063,0.309149552656939,43.5775204570687
AMT28,-37.0121,-38.8346,7.3,1.56522345079472,9.9919975120625,1.41165517397895,11.3016493763236,3.26479881746419,1.54574776328469,29.0810720939086
AMT28,-38.584,-40.6544,5.5,0.183066246124552,24.2504254858623,7.7251823569821,18.3170978546573,6.00912246112974,3.60674478099762,60.0916391857537
AMT28,-40.52,-43.082,7,0.0154316812553029,14.8432406541465,5.54822465683736,14.1682751905774,5.34669951265874,0.33491201537835,40.2567837108537
AMT28,-41.3697,-44.0127,6.6,0.0102173232055658,14.7851454010824,6.22125356413401,11.0268929085037,4.61330267685157,0.386436940821174,37.0432488145984
AMT28,-43.0042,-45.9825,6.3,0.00982976956673404,11.2909378878821,8.46468325512287,11.4756618059428,4.14014342794372,0.437961866263997,35.8192180127222
AMT28,-43.7905,-46.9552,6.3,0.00454494721902756,2.7843259824032,3.86149788916796,11.6588327844894,2.79163956855633,0.412199403542585,21.5130405753785
AMT28,-45.2973,-48.8956,6.1,0.00482680441090524,3.55017968392655,6.55798667564696,9.46078104193051,1.9399529205222,0.48948679170682,22.0032139181439
AMT28,-46.0175,-49.8723,7,0.00528482234770647,3.98888569792922,4.47417722582983,11.0818442020677,4.63696063929696,0.48948679170682,24.6766393791782
AMT28,-47.5651,-51.7738,5.9,0.00292426836573091,3.55596990848444,5.28977106085794,10.0011354286429,3.95087972838057,0.48948679170682,23.2901671864384
AMT28,-48.1988,-52.691,7.1,0.00123312521446484,2.7947483866074,4.30974651163649,8.85631681272682,3.95087972838057,0.592536642592466,20.5054612071582
