Cruise,Lat,Lon,DateTime,Depth,Cryptos,Coccos,Syn,Pro,Pico,Nano
AMT18,49.4824,-9.8475,10-Jun-2008 04:59:00,3.3,44,26,9397,0,4386,654
AMT18,49.3645,-11.5177,10-Jun-2008 13:11:00,4.5,15,82,22368,68721,8575,1073
AMT18,49.1492,-14.6524,10-Jul-2008 04:29:00,5.6,26,55,12883,40927,5818,1134
AMT18,48.866,-16.1938,10-Jul-2008 12:52:00,3.9,30,88,8935,27367,8619,2977
AMT18,46.5907,-18.6966,10-Aug-2008 04:31:00,4.1,6,41,6304,42189,5601,1101
AMT18,42.673,-22.1949,10-Sep-2008 05:25:00,3.7,0,6,828,109229,1316,662
AMT18,38.882,-25.3242,10-Oct-2008 05:22:00,4,1,5,7685,146433,881,379
AMT18,36.0117,-27.7373,10-Nov-2008 05:29:00,3.2,0,10,1276,115640,679,256
AMT18,35.3137,-28.466,10-Nov-2008 13:43:00,3.7,0,15,1270,110941,525,255
AMT18,33.2979,-30.7968,10-Dec-2008 05:27:00,4,0,4,1667,94751,547,246
AMT18,32.49,-31.7102,10-Dec-2008 13:45:00,6.8,0,16,1375,65267,593,156
AMT18,30.4724,-33.9513,13/10/2008 05:24,3.5,0,7,2008,70222,588,209
AMT18,29.6697,-34.8335,13/10/2008 13:36,5.3,0,8,1598,53273,683,181
AMT18,27.6318,-37.0306,14/10/2008 05:09,2.9,0,2,877,83535,665,228
AMT18,24.7443,-40.0885,15/10/2008 05:25,3.5,0,5,1285,88834,689,240
AMT18,24.7382,-40.0701,15/10/2008 14:16,5.8,1,8,NaN,80763,843,229
AMT18,22.5997,-40.2659,16/10/2008 05:25,3.8,0,9,958,91555,914,343
AMT18,21.6732,-39.5964,16/10/2008 13:39,5,2,3,1208,83806,859,372
AMT18,19.7224,-38.2301,17/10/2008 05:25,2.5,0,6,3057,172999,822,297
AMT18,18.7886,-37.5779,17/10/2008 13:37,4.6,2,6,1861,125171,635,200
AMT18,16.8105,-36.2068,18/10/2008 05:24,3.4,0,5,4418,226389,1050,278
AMT18,14.9192,-34.9221,19/10/2008 05:24,3.2,0,10,5962,219207,1037,264
AMT18,14.0932,-34.3602,19/10/2008 13:41,5.1,21,2,4728,145830,687,191
AMT18,11.8206,-32.8242,20/10/2008 05:25,3,3,5,17340,298622,1420,202
AMT18,10.8916,-32.2064,20/10/2008 13:41,5.1,9,3,11472,212203,1075,278
AMT18,8.6438,-30.7085,21/10/2008 05:22,2.8,8,8,21572,220506,1227,319
AMT18,7.6627,-30.0594,21/10/2008 13:38,5.6,8,6,11138,158113,1195,260
AMT18,5.3398,-28.5213,22/10/2008 05:23,3.6,1,2,13361,153792,1219,164
AMT18,5.139,-28.391,22/10/2008 13:47,4.9,2,10,17633,132624,1120,239
AMT18,2.791,-26.854,23/10/2008 05:20,6.2,1,5,10835,188941,1125,240
AMT18,1.8314,-26.2158,23/10/2008 13:39,4.2,2,3,2871,203697,1071,188
AMT18,-0.5837,-24.996,24/10/2008 05:22,6.3,0,4,8361,350783,2748,368
AMT18,-1.6265,-24.9955,24/10/2008 13:12,4.8,1,7,2854,194752,1431,181
AMT18,-6.0521,-24.978,25/10/2008 13:54,6.8,0,5,1290,242034,1002,206
AMT18,-8.8254,-24.9954,26/10/2008 05:21,3.8,0,120,1627,216144,1239,144
AMT18,-9.9753,-24.9994,26/10/2008 13:35,5.8,0,3,1618,123893,914,260
AMT18,-12.8396,-24.9983,27/10/2008 05:21,4.5,1,8,1907,118001,1034,153
AMT18,-13.9944,-24.9952,27/10/2008 13:38,5.8,0,5,1426,38152,687,172
AMT18,-16.6377,-24.9939,28/10/2008 05:21,4,0,10,1395,69875,780,153
AMT18,-16.8754,-24.9962,28/10/2008 13:40,5.3,2,4,1199,29196,725,160
AMT18,-19.1237,-24.9959,29/10/2008 05:20,3.7,0,7,1523,62770,1030,217
AMT18,-20.2833,-25.0011,29/10/2008 13:40,5.5,0,3,1822,51899,835,162
AMT18,-22.7853,-25.0091,30/10/2008 05:29,4.4,0,2,1334,72888,1387,197
AMT18,-23.9345,-24.9994,30/10/2008 13:39,6.4,1,0,1595,77510,1207,175
AMT18,-26.5572,-24.9979,31/10/2008 05:20,2.9,0,3,1829,77115,1131,230
AMT18,-28.8682,-26.0361,11-Jan-2008 05:21:00,6.9,0,13,3614,136595,2267,280
AMT18,-32.1794,-29.8255,11-Feb-2008 14:50:00,6.6,5,6,4241,80654,2657,326
AMT18,-33.7682,-32.003,11-Mar-2008 06:28:00,3.1,36,31,11893,36532,4000,1080
AMT18,-34.5532,-32.9804,11-Mar-2008 14:50:00,5.9,9,6,7101,36273,2641,610
AMT18,-36.1732,-35.0541,11-Apr-2008 05:18:00,3,117,42,58495,19390,11343,1874
AMT18,-37.966,-37.4111,11-May-2008 05:24:00,5,375,165,211637,11205,20016,2480
AMT18,-38.7606,-38.4562,11-May-2008 14:31:00,6.9,170,87,80612,4013,14280,1321
AMT18,-43.2266,-44.6134,11-Jul-2008 05:26:00,4.7,170,60,22671,0,19668,5082
AMT18,-43.9481,-45.6467,11-Jul-2008 14:24:00,7.4,123,15,11292,0,18097,2996
AMT19,49.567,-8.6335,14/10/2009 04:34,1.4,68.3,85.32,124798.98,0,25092.33,759.3
AMT19,49.4332,-10.534,14/10/2009 12:43,2.3,54,46.93,119648.56,2906.53,35946.33,1992.2
AMT19,48.9485,-14.4599,15/10/2009 06:23,1.2,0,2.82,76774.06,107589.68,13101.99,1357.3
AMT19,49.0061,-16.6636,16/10/2009 05:38,2.9,0,9.72,80866.33,113978.05,12792.41,1497.9
AMT19,47.2871,-18.0419,17/10/2009 05:56,2.8,7,11.27,40209.68,206656.62,6165.95,1021.1
AMT19,46.3388,-18.8019,17/10/2009 13:41,0.5,1.4,11.38,6539.38,176605.97,4597.2,745.6
AMT19,44.2446,-20.4044,18/10/2009 05:40,2.3,0,11.28,2796.76,174473.36,1191.16,320
AMT19,43.2143,-21.1751,18/10/2009 13:47,0.9,0,11.58,2773.04,148288.15,921.93,406.7
AMT19,41.2512,-22.6023,19/10/2009 05:49,2.6,2.8,6.89,4861.43,205603.9,1312.55,151.5
AMT19,40.3233,-23.272,19/10/2009 13:33,3,2.8,8.36,2388.89,96826.88,760.99,207.7
AMT19,38.3175,-24.6698,20/10/2009 05:44,1.8,4.3,7.22,5596.32,134378.2,1078.55,262.8
AMT19,37.1015,-26.4877,21/10/2009 13:07,1.7,2.9,4.29,6895.84,197474.78,1170.5,192.9
AMT19,35.4482,-28.6458,22/10/2009 06:38,2.1,4,7.98,1430.43,180087.15,887.48,196.9
AMT19,34.7236,-29.5889,22/10/2009 13:59,1.1,0,1.35,1330.78,170358.2,868.27,209
AMT19,33.419,-31.2502,23/10/2009 06:41,3.2,0,12.99,2061.24,131108.82,860.03,239
AMT19,32.8708,-31.9458,23/10/2009 14:13,1.1,1.4,5.47,1727.49,137878.97,820.2,240.6
AMT19,31.4297,-33.7377,24/10/2009 06:30,2.3,2.8,4.2,1520.4,108464.09,856.09,162.3
AMT19,30.745,-34.484,24/10/2009 13:59,1,0,2.64,1749.27,67734.28,518.13,97.6
AMT19,29.1803,-35.9831,25/10/2009 06:35,2.6,0,13.79,1819.9,116279.73,776.42,148.9
AMT19,28.4788,-36.6794,25/10/2009 14:00,1.8,1.4,11.09,2745.48,98911.65,621.14,163.6
AMT19,27.215,-37.8867,26/10/2009 06:27,2.1,0,2.74,1755.3,96590.48,832.02,112.4
AMT19,27.0229,-38.0533,26/10/2009 14:00,3.4,0,4.12,4110.52,91636.16,811.62,243.1
AMT19,25.3914,-39.6027,27/10/2009 06:32,2.6,0,11.33,8656.74,46943.03,945.64,189.7
AMT19,24.652,-40.2833,27/10/2009 14:01,1.9,1.4,9.72,7340.6,69212.7,790.43,150
AMT19,23.2253,-40.7194,28/10/2009 07:29,1.9,4.1,10.82,2039.93,80670.76,644.96,135.2
AMT19,21.1319,-39.2488,29/10/2009 07:27,1.4,1.4,8.47,1408.2,220132.15,928.7,122.8
AMT19,21.1199,-39.2687,29/10/2009 14:15,1.2,1.4,4.23,1290.97,181806.06,656.3,193.4
AMT19,21.1327,-39.3056,30/10/2009 07:36,1.1,0,6.87,1600.13,224450.75,863.91,168.9
AMT19,20.9363,-39.1673,30/10/2009 14:03,1.1,2.8,5.52,1672.87,195111.72,846.57,122.7
AMT19,19.144,-37.8639,31/10/2009 06:58,2.9,2.7,2.74,1514.93,278328.49,841.27,137.2
AMT19,18.4184,-37.3594,31/10/2009 14:00,1.5,5.5,20.64,2146.01,284988.2,850.44,185.8
AMT19,16.573,-36.0996,11-Jan-2009 07:37:00,3.2,2.8,6.88,2109.33,287391,886.22,141.7
AMT19,15.9258,-35.6611,11-Jan-2009 14:00:00,3.2,2.8,4.16,1881.64,208428.94,887.01,167.7
AMT19,14.1561,-34.4574,11-Feb-2009 06:20:00,4.3,1.4,9.64,3414.74,281283.41,1516.28,243.8
AMT19,13.3481,-33.9151,11-Feb-2009 14:01:00,2.7,0,0,6381.61,201103.89,1118.11,372.7
AMT19,11.4682,-32.6472,11-Mar-2009 06:25:00,1.4,1.4,20.82,33212.55,316990.19,1958.78,644.1
AMT19,10.5626,-32.0405,11-Mar-2009 14:00:00,1.2,17.6,41.88,35537.26,52816.82,298.58,649.8
AMT19,8.8055,-30.8655,11-Apr-2009 14:02:00,2.1,6.9,27.62,98083.51,35088.53,845.3,395
AMT19,6.8391,-29.544,11-May-2009 06:29:00,2.2,6.6,19.92,113928.04,47476.61,1280.02,414.3
AMT19,5.9487,-28.9579,11-May-2009 14:02:00,2.5,0,12.4,54462.65,101019.74,1063.63,387.1
AMT19,4.0541,-27.6941,11-Jun-2009 06:28:00,1.7,19.5,57.22,80847.73,134135.83,1599.48,279.1
AMT19,3.1559,-27.0975,11-Jun-2009 14:00:00,1.8,1.4,13.55,6899.14,265876.03,1280.31,269.6
AMT19,1.2698,-25.8503,11-Jul-2009 06:27:00,1.6,1.4,9.85,4089.98,350104.24,1799.04,234.9
AMT19,-2.0415,-24.988,11-Aug-2009 08:07:00,2.2,4.1,14.94,13393.92,377389.08,4044.88,502.6
AMT19,-2.8472,-25.0013,11-Aug-2009 14:01:00,2.3,0,0,2459.87,319121.8,0,0
AMT19,-3.8383,-24.9989,11-Sep-2009 06:23:00,2.4,0,20.46,3672.2,308544.65,2495.62,290.5
AMT19,-4.8593,-25.0005,11-Sep-2009 13:33:00,2,0,15.2,2880.65,233719.7,2342.42,369
AMT19,-7.3608,-24.9882,11-Oct-2009 06:32:00,2.5,1.4,10.98,1901.6,358499.05,1295.42,181.1
AMT19,-8.38,-24.9959,11-Oct-2009 13:30:00,1.4,1.4,10.91,4144.51,224639.97,2674.52,233.1
AMT19,-10.6482,-24.9966,11-Nov-2009 05:24:00,1.7,0,11.07,1691.46,152024.28,956.47,197.9
AMT19,-11.7244,-24.9999,11-Nov-2009 13:01:00,1.7,4.1,5.49,1403.4,102447.85,828.61,170.1
AMT19,-13.8135,-24.9857,11-Dec-2009 06:25:00,5,0,2.77,1278.06,141847.75,733.77,242.3
AMT19,-13.8558,-25.0573,11-Dec-2009 13:15:00,3.8,2.8,12.64,1505.85,102285.79,706.36,188.2
AMT19,-14.0095,-25.1751,13/11/2009 06:25,4.4,0,0,1141.47,169218.33,733.65,208.6
AMT19,-14.0232,-25.18,13/11/2009 12:59,4.3,1.4,15.2,1264.4,108114.64,808.26,181
AMT19,-16.3649,-24.9965,14/11/2009 05:35,1.8,2.8,12.43,1447.49,88922.5,669.88,193.4
AMT19,-17.3469,-24.9993,14/11/2009 13:02,1.6,0,2.77,1487.4,89969.35,745.06,156.5
AMT19,-19.4975,-24.9987,15/11/2009 05:27,1.6,0,9.51,1634.73,91802.45,633.13,175.3
AMT19,-20.5905,-25.0005,15/11/2009 13:02,1.3,2.8,5.51,1281.14,93145.4,598.85,84
AMT19,-22.8539,-24.9962,16/11/2009 05:25,2.7,2.8,9.83,1988.78,99899.37,1082.78,251.4
AMT19,-23.7629,-25.0023,16/11/2009 13:02,2.7,1.4,6.83,2016.2,73360.73,1007.46,185.9
AMT19,-26.1106,-25.0048,17/11/2009 05:34,2,2.7,9.6,3069.81,152919.97,1227.36,399.1
AMT19,-27.1685,-25.0012,17/11/2009 13:01,3.4,0,9.67,2572.94,97879.71,1415.75,288.7
AMT19,-28.7904,-26.1359,18/11/2009 05:35,3.2,2.7,5.31,3942.2,163269,1849.3,318.8
AMT19,-29.3916,-27.0345,18/11/2009 13:03,2.4,1.4,1.4,3664.89,109471.69,1631.64,248.9
AMT19,-30.8338,-29.1838,19/11/2009 05:22,2.1,0,9.53,3295.72,166845.63,1985.28,332.2
AMT19,-31.5468,-30.2546,19/11/2009 13:02,2,11.4,11.42,4528.54,111839.92,1887.14,288.4
AMT19,-33.4166,-34.247,21/11/2009 06:45,5.3,2.8,30.71,4503.09,117026.74,1771.57,759.4
AMT19,-33.8837,-34.9746,21/11/2009 14:02,4.8,0,12.35,8362.29,94882.55,1853.86,472
AMT19,-35.2946,-37.1117,22/11/2009 06:25,1.8,33.4,72.43,103207.9,99591.95,9938.3,1945.9
AMT19,-35.2581,-37.1841,22/11/2009 13:11,2.7,44.3,71.45,71020.62,95145.77,8237.04,1807.7
AMT19,-37.2977,-40.1896,24/11/2009 06:25,3.9,77.3,84.21,268779.06,11708.85,11505.93,1972.6
AMT19,-37.8661,-41.091,24/11/2009 14:00,3.6,96.6,121.15,130340.36,42385.93,11156.63,2281.4
AMT19,-39.315,-43.3924,25/11/2009 06:26,1.1,119.5,40.75,283024.92,2181.5,2468.11,5284
AMT19,-39.9682,-44.4411,25/11/2009 14:02,1.9,333.2,2.84,259750.53,0,86826.42,3276.4
AMT19,-42.2492,-48.2289,26/11/2009 14:00,4.7,245.5,27.58,314166.92,0,85951.95,7193.7
AMT20,49.406,-11.1648,14/10/2010 05:40,1.7,30,66,25366,109366,11990,2990
AMT20,49.2708,-12.8839,14/10/2010 13:05,1.3,16,29,9460,163460,9397,1868
AMT20,49.0528,-16.4282,15/10/2010 05:38,1.5,27,65,15711,144654,11363,2051
AMT20,48.1178,-17.3252,15/10/2010 13:07,1.5,19,81,14945,75769,9910,1498
AMT20,46.0566,-19.2,16/10/2010 05:50,1.4,10,24,4388,109483,7016,1321
AMT20,45.1974,-19.9337,16/10/2010 13:05,1.4,19,24,4742,181533,4948,1015
AMT20,43.5496,-21.3642,17/10/2010 05:52,1.6,11,29,3441,111486,7411,1059
AMT20,42.7684,-22.0359,17/10/2010 13:07,2.1,5,26,5299,113050,9856,1620
AMT20,40.9943,-23.4794,18/10/2010 05:35,2.7,4,13,5071,135566,2000,752
AMT20,40.1274,-24.1928,18/10/2010 13:06,2,0,11,5825,149327,1385,278
AMT20,38.2815,-25.6456,19/10/2010 06:00,1.3,19,14,5860,178925,1449,429
AMT20,34.9398,-28.9435,20/10/2010 16:17,1.8,3,8,5874,130542,825,249
AMT20,34.2175,-29.759,21/10/2010 05:25,1.8,3,12,1241,211614,820,247
AMT20,33.8424,-30.2035,21/10/2010 14:03,2.6,0,7,1630,171650,724,275
AMT20,32.429,-31.8056,22/10/2010 06:56,1.6,3,10,1990,148979,866,201
AMT20,31.7304,-32.5631,22/10/2010 14:09,1.8,6,21,1679,145039,684,196
AMT20,30.2962,-34.1839,23/10/2010 06:35,3,3,16,1539,125046,904,240
AMT20,29.6102,-34.9013,23/10/2010 14:10,2.4,0,6,1478,112061,827,182
AMT20,28.1128,-36.5083,24/10/2010 07:00,2.4,3,16,949,30590,692,119
AMT20,27.4516,-37.2334,24/10/2010 14:03,3.6,0,15,6921,40050,728,250
AMT20,25.984,-38.7833,25/10/2010 06:39,3.7,1,19,6996,33084,713,322
AMT20,25.2703,-39.5304,25/10/2010 14:10,5.5,1,13,5840,61422,815,157
AMT20,23.7651,-41.1073,26/10/2010 06:48,2.8,4,9,6056,60114,803,299
AMT20,22.9636,-40.532,26/10/2010 14:06,1.7,0,15,4296,47834,509,338
AMT20,21.213,-39.2911,27/10/2010 06:40,2.1,0,7,4068,65172,870,310
AMT20,20.431,-38.739,27/10/2010 14:08,2.4,0,12,1252,107517,809,210
AMT20,18.691,-37.5228,28/10/2010 07:00,2.5,4,7,1549,140728,888,248
AMT20,17.9128,-36.9839,28/10/2010 14:07,2,3,19,1219,175143,1017,275
AMT20,16.1883,-35.8048,29/10/2010 06:41,2.1,1,12,1708,321486,1018,275
AMT20,15.4238,-35.2855,29/10/2010 14:07,1.8,0,9,1964,222105,699,131
AMT20,13.4658,-33.9539,30/10/2010 07:00,2.2,1,3,4947,230012,1048,188
AMT20,12.5455,-33.3289,30/10/2010 14:08,2.1,0,10,4011,211664,739,283
AMT20,10.5718,-31.9983,31/10/2010 07:14,2.5,7,7,8820,340880,1198,252
AMT20,9.7516,-31.4572,31/10/2010 14:12,4.3,0,13,17320,261704,1050,361
AMT20,7.8171,-30.1599,11-Jan-2010 06:39:00,2.9,4,13,29168,195296,1353,256
AMT20,6.7873,-29.484,11-Jan-2010 14:12:00,2.7,0,13,35155,122333,1118,317
AMT20,4.7998,-28.1611,11-Feb-2010 05:51:00,2.9,6,10,21646,389291,1743,251
AMT20,3.8856,-27.5648,11-Feb-2010 13:17:00,3.1,1,6,11560,205718,843,261
AMT20,-3.8472,-25.014,11-May-2010 06:07:00,1.3,0,7,967,254758,1722,277
AMT20,-4.8906,-25.0296,11-May-2010 13:11:00,2.2,3,9,986,239475,1290,429
AMT20,-6.0543,-23.7602,11-Jun-2010 05:46:00,2.8,2,15,1114,257707,1368,240
AMT20,-6.2674,-22.6974,11-Jun-2010 13:09:00,2,3,18,1557,308328,1394,347
AMT20,-12.5292,-19.022,11-Oct-2010 04:30:00,2,2,20,2019,313070,1365,271
AMT20,-13.4733,-19.9666,11-Oct-2010 13:07:00,1.9,0,6,2004,176337,1007,180
AMT20,-15.3313,-21.8412,11-Nov-2010 04:28:00,3.1,0,21,2022,230681,1023,197
AMT20,-16.3161,-22.8417,11-Nov-2010 13:07:00,4,2,15,2778,124477,1038,191
AMT20,-18.537,-25.1296,11-Dec-2010 11:00:00,2,0,20,2787,132273,887,183
AMT20,-20.3796,-25.0892,13/11/2010 04:31,2,0,12,2762,116852,1340,298
AMT20,-21.7052,-25.0971,13/11/2010 13:05,3.5,2,6,3776,59748,1329,314
AMT20,-23.8378,-26.5665,14/11/2010 04:55,2.7,4,7,4830,113331,1452,280
AMT20,-24.8191,-27.3597,14/11/2010 13:30,3.9,6,4,4018,105691,1298,408
AMT20,-26.8573,-29.0661,15/11/2010 05:36,3,2,9,5540,238531,1547,426
AMT20,-27.9154,-29.9846,15/11/2010 14:10,2.6,0,14,8335,156089,1752,399
AMT20,-29.9423,-31.8229,16/11/2010 05:31,2,0,0,4990,110350,1176,414
AMT20,-30.9977,-32.8167,16/11/2010 14:23,1.7,2,9,4553,106527,2605,950
AMT20,-33.0444,-34.8454,17/11/2010 05:30,2.4,3,6,6132,53344,3974,1034
AMT20,-34.1072,-35.9253,17/11/2010 14:12,3.1,3,6,5720,85370,2594,1308
AMT20,-36.0874,-38.0892,18/11/2010 05:32,2.7,58,28,218981,188790,13099,914
AMT20,-37.0936,-39.229,18/11/2010 14:11,6,29,0,128025,328981,10416,923
AMT20,-38.9224,-41.4561,19/11/2010 05:38,4.7,178,20,112215,26162,14754,1435
AMT20,-39.7914,-42.5517,19/11/2010 14:12,5.7,241,55,121157,10674,13333,4083
AMT20,-41.6548,-45.0941,20/11/2010 06:41,2.1,153,11,71578,2555,18299,5042
AMT20,-42.498,-46.2962,20/11/2010 15:12,2.9,169,9,22742,0,12903,3021
AMT20,-44.2002,-48.9401,21/11/2010 06:30,2.2,504,47,80921,8173,20470,10302
AMT20,-45.0164,-50.2846,21/11/2010 15:12,2.5,231,46,329960,0,27731,5279
AMT22,49.251,-13.0564,10-Dec-2012 12:10:00,5.3,NaN,NaN,47336,56308,NaN,NaN
AMT22,48.9277,-16.3695,13/10/2012 04:30,1.8,70,43,37285,2821,15956,2153
AMT22,47.8818,-17.2666,13/10/2012 13:01,1.8,70,59,23209,167738,8057,1388
AMT22,45.8774,-18.6081,14/10/2012 04:30,2.8,7,34,6491,201829,4185,893
AMT22,44.766,-19.3257,14/10/2012 13:04,1.9,20,50,11317,130751,4879,1437
AMT22,42.8173,-20.5778,15/10/2012 04:24,3,9,27,15205,136342,6293,1669
AMT22,41.6542,-21.2649,15/10/2012 13:00,1.3,9,10,4178,182146,2582,926
AMT22,39.6543,-22.5096,16/10/2012 04:42,2.2,3,11,6426,243651,1897,332
AMT22,38.5561,-23.0963,16/10/2012 13:00,3.1,3,10,3929,167318,822,150
AMT22,36.6845,-24.4696,17/10/2012 04:25,2,3,7,3182,194670,1121,208
AMT22,35.8472,-25.5944,17/10/2012 12:59,3.6,4,8,2345,163142,897,247
AMT22,34.3807,-27.6353,18/10/2012 04:28,2.6,0,11,3507,173913,986,262
AMT22,33.562,-28.6905,18/10/2012 12:59,1.7,4,9,2123,131508,998,263
AMT22,32.0224,-30.7364,19/10/2012 04:55,1,4,14,2869,149146,827,279
AMT22,31.1062,-31.9071,19/10/2012 13:56,2,0,4,2522,138410,950,228
AMT22,29.8077,-33.55,20/10/2012 04:55,1.7,4,8,1621,119386,885,158
AMT22,28.9364,-34.6717,20/10/2012 13:55,1.1,0,11,1398,73414,699,200
AMT22,27.6147,-36.347,21/10/2012 04:55,2.1,5,7,2338,82320,886,259
AMT22,26.7173,-37.4713,21/10/2012 13:58,1.4,5,1,3999,69473,767,176
AMT22,25.5004,-38.9826,22/10/2012 04:54,1.3,7,13,5010,58669,876,285
AMT22,24.596,-40.0752,22/10/2012 13:59,1.5,9,12,5445,64068,772,298
AMT22,23.164,-40.6037,23/10/2012 04:54,2.2,6,13,3928,85091,869,219
AMT22,22.0755,-39.7985,23/10/2012 14:00,1.5,1,11,1587,124477,837,370
AMT22,20.5659,-38.5923,24/10/2012 04:49,1.4,9,12,1660,144562,796,267
AMT22,19.4442,-37.7725,24/10/2012 14:00,1.2,7,21,1856,143400,796,216
AMT22,17.712,-36.4286,25/10/2012 04:56,1.5,9,7,2264,232714,878,357
AMT22,16.6435,-35.6572,25/10/2012 13:58,1.9,4,9,2603,241167,937,232
AMT22,15.062,-34.4472,26/10/2012 04:52,1.7,7,21,3917,328276,1070,306
AMT22,13.9563,-33.6673,26/10/2012 13:59,2.3,2,10,11368,261535,1509,220
AMT22,12.2201,-32.3604,27/10/2012 04:53,1.3,10,9,26217,260275,1431,148
AMT22,11.1153,-31.5772,27/10/2012 13:58,1.3,3,3,15658,201695,1031,185
AMT22,9.4523,-30.3271,28/10/2012 04:52,1.7,14,9,32487,211774,1451,179
AMT22,8.2954,-29.5267,28/10/2012 14:00,1.3,8,8,19186,181207,996,265
AMT22,6.6201,-28.341,29/10/2012 04:54,4.3,8,15,21873,320611,1026,181
AMT22,5.5461,-27.5396,29/10/2012 14:00,2.1,18,8,7739,246653,1203,286
AMT22,4.0302,-26.4679,30/10/2012 04:54,1.6,10,9,8824,270784,1585,463
AMT22,2.921,-25.6605,30/10/2012 13:58,1.9,3,13,4332,265208,1181,320
AMT22,1.1086,-24.9815,31/10/2012 04:52,1.7,17,14,4456,269228,1809,467
AMT22,-1.8829,-24.956,11-Jan-2012 05:00:00,1.4,9,1,4348,326751,2515,486
AMT22,-2.9292,-24.9837,11-Jan-2012 13:59:00,1.6,4,22,6833,263902,1895,440
AMT22,-4.6216,-25.0035,11-Feb-2012 04:50:00,1.4,4,8,5678,313970,1916,317
AMT22,-5.8294,-25.0298,11-Feb-2012 13:55:00,1.4,16,25,17736,396431,2420,317
AMT22,-8.0891,-25.0143,11-Mar-2012 04:52:00,1.8,NaN,NaN,2113,214031,NaN,NaN
AMT22,-9.5135,-25.0535,11-Mar-2012 13:54:00,1.6,4,14,1260,154884,1036,380
AMT22,-11.6225,-25.0202,11-Apr-2012 04:47:00,1.9,4,10,1399,211993,1053,236
AMT22,-13.0724,-25.0661,11-Apr-2012 13:56:00,1.4,6,6,1507,99881,803,198
AMT22,-15.2863,-25.0516,11-May-2012 04:46:00,5.1,0,10,1228,99974,828,194
AMT22,-16.761,-25.0979,11-May-2012 14:00:00,1.6,8,5,1296,73934,842,185
AMT22,-18.5161,-25.1012,11-Jun-2012 04:55:00,0.6,8,9,1281,49258,704,407
AMT22,-18.5298,-25.1015,11-Jul-2012 14:37:00,1,9,1,1324,53393,872,178
AMT22,-20.1212,-24.4969,11-Aug-2012 04:47:00,1.4,7,9,2774,82856,828,441
AMT22,-21.2537,-24.8467,11-Aug-2012 13:59:00,1.8,1,10,3013,67774,983,310
AMT22,-22.9642,-24.9795,11-Sep-2012 04:40:00,1.3,23,8,3122,95464,1200,208
AMT22,-24.1257,-25.004,11-Sep-2012 13:55:00,2.3,4,14,4098,74605,1122,201
AMT22,-25.7498,-24.9898,11-Oct-2012 04:38:00,1.5,10,1,2972,100240,1960,330
AMT22,-26.9564,-25.008,11-Oct-2012 13:57:00,0.5,3,12,2933,88461,1372,373
AMT22,-28.3893,-25.4756,11-Nov-2012 04:45:00,1.1,5,13,3878,114424,1513,483
AMT22,-29.1169,-26.5081,11-Nov-2012 13:57:00,1.8,5,9,2734,67522,1274,303
AMT22,-30.2016,-27.9187,11-Dec-2012 04:41:00,1.1,0,7,4580,104309,1266,300
AMT22,-30.9691,-29.053,11-Dec-2012 13:57:00,1.5,1,3,2620,80866,1424,316
AMT22,-34.1456,-33.4936,14/11/2012 04:55,4.8,51,32,17329,32077,6434,1477
AMT22,-34.8577,-34.5286,14/11/2012 13:55,4,30,39,38811,NaN,3829,937
AMT22,-36.0693,-36.2508,15/11/2012 04:56,2.2,367,73,80116,3687,12067,2083
AMT22,-36.8373,-37.439,15/11/2012 13:55,1.4,38,10,15123,3598,1409,254
AMT22,-38.1057,-39.3287,16/11/2012 04:53,1,262,34,150015,944,8176,2218
AMT22,-38.9079,-40.5648,16/11/2012 13:56,0.5,321,281,97105,1019,11395,2746
AMT22,-40.1045,-42.3831,17/11/2012 04:50,2.2,452,38,198410,931,10915,3379
AMT22,-40.9066,-43.6494,17/11/2012 13:55,1.1,393,18,190170,0,20368,7162
AMT22,-42.1375,-45.6241,18/11/2012 04:52,1.2,98,8,63603,0,45187,7990
AMT22,-43.0452,-47.0775,18/11/2012 14:57,1.8,89,5,38576,0,31001,4395
AMT22,-43.9228,-48.567,19/11/2012 04:50,1.7,37,4,30565,0,50256,5726
AMT22,-44.6761,-49.7596,19/11/2012 14:57,0.8,419,42,263837,0,31871,4592
AMT22,-45.5031,-51.3228,20/11/2012 04:54,1.6,549,112,157934,0,59118,3913
AMT24,49.829,-4.7564,25/09/2014 09:59,1.5,357,83,137442,0,17146,3617
AMT24,47.8678,-7.9372,26/09/2014 03:17,1.2,47,72,104040,45017,13048,647
AMT24,47.1864,-8.8176,26/09/2014 10:09,2,6,13,8509,157701,3801,1079
AMT24,47.5672,-8.5049,27/09/2014 12:06,1.7,14,12,7256,165933,3625,1565
AMT24,46.3876,-10.9831,28/09/2014 04:27,1.4,11,23,12173,107337,4847,1525
AMT24,45.502,-12.4895,28/09/2014 13:02,1.9,7,28,6178,66966,3470,903
AMT24,44.0935,-14.9208,29/09/2014 04:11,1.4,15,4,2262,198283,3199,728
AMT24,43.1703,-16.4268,29/09/2014 13:05,2.7,5,8,2063,158737,2670,919
AMT24,41.7715,-18.7572,30/09/2014 04:01,1.4,18,24,5579,272316,5451,981
AMT24,40.8422,-20.2148,30/09/2014 13:02,1.9,20,14,2775,241483,3827,1324
AMT24,39.3985,-22.4553,10-Jan-2014 04:02:00,1.8,8,24,5871,255971,4386,896
AMT24,38.496,-23.8918,10-Jan-2014 13:02:00,2,4,10,7028,177803,1403,532
AMT24,36.9505,-25.9107,10-Feb-2014 13:02:00,1.9,6,4,5642,183586,1005,422
AMT24,34.739,-26.6089,10-Mar-2014 04:02:00,2.2,4,6,2171,190591,806,357
AMT24,33.3539,-27.0846,10-Mar-2014 13:02:00,1.5,12,7,1389,144998,640,315
AMT24,31.2952,-27.7043,10-Apr-2014 04:02:00,2.2,25,11,4004,94254,603,292
AMT24,29.8986,-28.1652,10-Apr-2014 13:03:00,5,1,7,3165,86289,552,308
AMT24,27.5001,-28.864,10-May-2014 05:05:00,1.9,4,4,1310,181235,896,254
AMT24,26.1058,-29.3052,10-May-2014 14:03:00,2,3,7,1194,58078,619,352
AMT24,24.0605,-29.8828,10-Jun-2014 05:06:00,2,7,16,1664,226530,811,425
AMT24,22.6588,-29.8664,10-Jun-2014 14:01:00,2.7,10,16,1896,191338,776,395
AMT24,20.4533,-29.2478,10-Jul-2014 05:06:00,2.7,6,11,4708,284285,1141,317
AMT24,19.8554,-29.1406,10-Jul-2014 14:06:00,2.7,14,19,3564,247431,1060,574
AMT24,17.8316,-28.6811,10-Aug-2014 05:10:00,2.3,7,8,6291,309571,1441,318
AMT24,16.4361,-28.4048,10-Aug-2014 14:00:00,2.4,12,7,2583,214721,1034,340
AMT24,14.2204,-27.9077,10-Sep-2014 05:10:00,2.1,10,23,14547,450382,1421,533
AMT24,12.844,-27.6471,10-Sep-2014 14:03:00,2,4,5,9018,341640,1061,480
AMT24,10.7604,-27.1957,10-Oct-2014 05:16:00,1.9,7,13,5957,288627,964,417
AMT24,9.3684,-26.921,10-Oct-2014 14:03:00,1.4,9,5,17191,280730,965,347
AMT24,7.2792,-26.5128,10-Nov-2014 05:08:00,2.1,4,12,10792,229791,850,732
AMT24,5.8991,-26.2046,10-Nov-2014 14:03:00,1.9,7,8,15091,267978,1012,417
AMT24,3.7811,-25.7748,10-Dec-2014 05:06:00,2.4,8,7,7868,326598,1065,332
AMT24,2.3758,-25.4862,10-Dec-2014 14:03:00,1.6,6,11,5491,460822,1785,450
AMT24,0.0003,-24.9997,13/10/2014 05:33,1.7,29,51,61532,257260,8420,1961
AMT24,-3.9002,-24.9965,14/10/2014 05:06,2.1,21,46,25546,346952,3804,836
AMT24,-5.3223,-25.0262,14/10/2014 14:04,2.4,15,32,10733,178700,3783,1077
AMT24,-7.4775,-25.0136,15/10/2014 05:03,1.9,8,15,3217,286424,1699,325
AMT24,-8.9112,-25.0426,15/10/2014 14:03,5.1,12,10,4027,271264,1260,542
AMT24,-11.0477,-25.0223,16/10/2014 05:05,2.1,14,18,2945,263288,1646,518
AMT24,-12.4948,-25.0653,16/10/2014 14:01,2.1,3,10,934,161653,842,304
AMT24,-14.6706,-25.0515,17/10/2014 05:03,2.3,4,10,1367,160520,825,218
AMT24,-16.1315,-25.0845,17/10/2014 14:02,2.3,6,8,1256,141035,706,213
AMT24,-18.3165,-25.0647,18/10/2014 05:06,2.3,15,6,1364,140660,815,307
AMT24,-18.5506,-25.0711,18/10/2014 14:04,1.9,6,11,1500,86865,716,352
AMT24,-20.856,-25.0516,20/10/2014 05:04,2.1,4,11,1596,115737,944,347
AMT24,-22.3164,-25.0602,20/10/2014 14:03,2.6,0,14,2213,102502,847,256
AMT24,-24.4331,-25.0372,21/10/2014 05:03,1.8,5,15,3108,137530,979,414
AMT24,-25.5947,-25.0357,21/10/2014 14:01,2.5,5,8,3193,155637,974,298
AMT24,-27.7468,-25.0306,22/10/2014 05:06,2.4,3,11,3062,143946,1177,422
AMT24,-29.154,-25.2756,22/10/2014 14:02,3,3,14,2218,104667,845,474
AMT24,-31.3649,-26.0964,23/10/2014 06:04,2.4,14,7,3955,181931,1774,517
AMT24,-32.7166,-26.6319,23/10/2014 15:00,2.1,31,15,6520,153453,2434,469
AMT24,-34.6902,-27.4287,24/10/2014 06:02,5.1,74,6,22395,124732,4821,918
AMT24,-35.7958,-27.8749,24/10/2014 15:02,2.1,273,89,104838,142249,9881,2459
AMT24,-37.8931,-28.7679,25/10/2014 06:08,2.8,226,36,58572,2555,9217,1883
AMT24,-38.9613,-29.1674,25/10/2014 15:07,2.5,227,35,47361,486,9144,1018
AMT24,-40.1,-30.9,26/10/2014 06:18,2.6,196,36,37181,432,8995,1865
AMT24,-40.6855,-32.1033,26/10/2014 15:06,2.7,NaN,NaN,37461,409,NaN,NaN
AMT24,-41.4699,-33.8796,27/10/2014 06:05,2.1,196,37,44462,542,13600,2297
AMT24,-42.0805,-35.1019,27/10/2014 15:30,4.9,175,79,65532,1909,15497,2330
AMT24,-43.0037,-37.1397,28/10/2014 06:26,2.1,262,55,28238,320,14632,2149
AMT24,-43.5872,-38.3892,28/10/2014 15:05,1.5,140,22,25362,0,16676,2370
AMT24,-44.6259,-40.726,29/10/2014 06:05,1.9,89,42,14923,0,37437,2060
AMT24,-45.2875,-42.1984,29/10/2014 15:05,2.3,42,20,14135,0,36318,3194
AMT24,-46.0724,-44.2095,30/10/2014 06:02,2,123,31,16049,0,34709,4112
AMT24,-48.2452,-50.3406,31/10/2014 15:15,5,269,70,10940,0,16546,1270
AMT24,-49.5799,-53.0707,11-Jan-2014 07:07:00,3.1,40,160,2436,0,16786,1682
AMT24,-50.2593,-54.5295,11-Jan-2014 16:04:00,3,64,257,2242,0,9500,4596
AMT25,48.4093,-9.1979,19/09/2015 04:09,3.6,NaN,NaN,72782,190,5119,NaN
AMT25,47.5095,-11.0623,19/09/2015 13:03,2.7,NaN,NaN,26163,104,11667,NaN
AMT25,46.2764,-12.9354,20/09/2015 04:04,2.9,NaN,NaN,31756,206444,13917,NaN
AMT25,45.5933,-13.9912,20/09/2015 13:05,3.3,NaN,NaN,27597,276876,16786,NaN
AMT25,44.455,-15.6897,21/09/2015 04:10,2.8,NaN,NaN,16262,141761,11896,NaN
AMT25,43.7119,-16.7791,21/09/2015 13:06,3.6,NaN,NaN,7233,169412,4850,NaN
AMT25,42.3078,-18.8061,22/09/2015 04:01,2.7,NaN,NaN,8145,306104,5405,NaN
AMT25,41.5246,-19.8713,22/09/2015 13:00,2.4,NaN,NaN,10580,180417,3468,NaN
AMT25,40.0436,-21.9261,23/09/2015 04:05,2.5,NaN,NaN,5301,554517,2018,NaN
AMT25,39.2032,-23.0456,23/09/2015 12:59,2.6,NaN,NaN,1517,81438,3218,NaN
AMT25,37.6887,-25.0589,24/09/2015 04:02,2.9,NaN,NaN,3711,127373,402,NaN
AMT25,37.5058,-26.6566,24/09/2015 13:04,2.5,0,3,5430,167253,1001,78
AMT25,36.8376,-29.9555,25/09/2015 04:01,2.6,3,1,4748,99038,567,148
AMT25,36.2466,-32.761,25/09/2015 18:42,2,7,4,4774,203209,549,118
AMT25,36.2286,-32.7719,27/09/2015 06:00,2.8,16,1,4336,212176,731,96
AMT25,35.6113,-34.1666,28/09/2015 04:05,7.8,6,4,3323,170479,629,68
AMT25,35.0636,-35.4433,28/09/2015 13:06,5.5,13,3,3514,135559,421,55
AMT25,33.9988,-37.575,29/09/2015 04:04,7.5,3,6,2395,136650,617,118
AMT25,33.2215,-38.9216,29/09/2015 12:59,5.1,11,7,5113,113236,1654,121
AMT25,31.151,-40.9179,30/09/2015 04:02,4.3,3,7,4595,95356,601,99
AMT25,30.1005,-41.9392,30/09/2015 13:00,2.7,5,4,5065,50418,388,65
AMT25,28.2558,-42.3096,10-Jan-2015 04:03:00,5.1,1,7,5716,53598,484,80
AMT25,27.4746,-41.1108,10-Jan-2015 12:56:00,2.8,3,3,3791,52354,396,122
AMT25,25.9342,-38.827,10-Feb-2015 04:02:00,2.5,1,7,1261,89202,601,96
AMT25,25.4532,-38.0744,10-Feb-2015 10:24:00,2.6,3,4,2791,143940,579,158
AMT25,23.8985,-35.7556,10-Mar-2015 04:10:00,2.6,6,7,1680,126653,609,137
AMT25,22.9866,-34.3891,10-Mar-2015 13:05:00,2.6,6,3,1653,306489,661,107
AMT25,21.466,-32.0755,10-Apr-2015 04:01:00,2.6,7,4,1911,342349,672,112
AMT25,20.5801,-30.7697,10-Apr-2015 13:03:00,2.5,3,6,1569,329255,840,169
AMT25,19.2677,-28.995,10-May-2015 04:05:00,2.5,5,3,9138,376862,1150,134
AMT25,18.4807,-28.028,10-May-2015 13:00:00,2.1,11,4,3172,353483,748,166
AMT25,17.1778,-26.4558,10-Jun-2015 03:58:00,2.6,11,13,13771,486728,1054,363
AMT25,16.4329,-25.5498,10-Jun-2015 12:58:00,2.8,10,10,27339,478774,1151,240
AMT25,15.0956,-23.9468,10-Jul-2015 03:57:00,2.5,33,13,72457,542756,2308,172
AMT25,13.3793,-22.905,10-Aug-2015 04:10:00,2.3,14,3,48721,526531,1104,141
AMT25,12.369,-22.5323,10-Aug-2015 13:00:00,2.1,1,11,64670,242026,523,364
AMT25,9.9953,-21.6016,10-Sep-2015 03:58:00,2.3,4,14,27125,465599,1038,178
AMT25,8.5676,-21.0369,10-Sep-2015 13:03:00,2.6,3,5,42209,273117,704,270
AMT25,5.8774,-20.0271,10-Oct-2015 04:00:00,2.9,5,9,23450,346996,1129,304
AMT25,4.4031,-19.4308,10-Oct-2015 13:02:00,2.7,4,5,8576,252600,467,165
AMT25,1.9329,-18.4323,10-Nov-2015 03:59:00,3.1,6,13,4852,591382,1223,182
AMT25,0.4901,-17.8436,10-Nov-2015 12:56:00,3.1,10,11,7089,509128,1717,198
AMT25,-1.6801,-16.977,10-Dec-2015 04:30:00,3.4,22,39,74786,318569,4470,939
AMT25,-4.4238,-15.8679,13/10/2015 03:58,2.8,10,18,43407,105387,4920,533
AMT25,-5.3924,-15.455,13/10/2015 13:00,3,36,52,159964,328619,8988,1476
AMT25,-7.1099,-14.7596,14/10/2015 04:00,3.4,31,27,37091,337721,2391,463
AMT25,-7.858,-14.4416,14/10/2015 12:00,3.3,18,26,28134,144687,2041,635
AMT25,-10.1135,-16.5745,19/10/2015 03:59,3.3,10,18,4261,364015,1284,261
AMT25,-11.2348,-17.6946,19/10/2015 13:10,2.4,10,19,2236,418082,731,301
AMT25,-13.0002,-19.4722,20/10/2015 04:57,2.6,8,11,1967,219901,951,289
AMT25,-14.0205,-20.5,20/10/2015 14:00,2.6,4,6,1588,229828,772,186
AMT25,-15.691,-22.1881,21/10/2015 04:57,3.3,8,6,1283,258055,847,122
AMT25,-16.5713,-23.1009,21/10/2015 14:00,2.6,8,7,1206,NaN,767,166
AMT25,-18.502,-25.0019,22/10/2015 04:54,2.3,1,4,1553,135447,777,136
AMT25,-20.5417,-25.0686,23/10/2015 04:57,2.4,0,3,1686,102048,777,183
AMT25,-22.158,-25.0866,23/10/2015 13:58,2.6,1,7,1900,NaN,812,160
AMT25,-24.9083,-25.0736,24/10/2015 04:56,3.6,5,9,2781,179079,803,228
AMT25,-26.5025,-25.0371,24/10/2015 13:56,2.4,3,3,2680,122899,1521,254
AMT25,-28.7968,-25.4593,25/10/2015 05:12,6.8,12,7,3538,190992,917,256
AMT25,-29.4057,-26.2118,25/10/2015 14:15,6.8,4,7,3076,167849,1645,241
AMT25,-30.9355,-28.0865,26/10/2015 14:06,6.7,10,12,4609,210841,3966,207
AMT25,-32.39,-29.8533,27/10/2015 05:08,6.4,12,9,4634,141315,2620,324
AMT25,-33.3325,-31.0739,27/10/2015 13:59,3.1,27,15,7220,46895,4962,758
AMT25,-35.3339,-33.646,28/10/2015 06:02,2.8,31,15,48140,57430,10295,996
AMT25,-36.3629,-34.9804,28/10/2015 14:55,2.9,85,28,27331,2804,11144,948
AMT25,-38.4792,-37.7521,29/10/2015 05:57,3.6,306,43,132136,2483,28075,945
AMT25,-39.8742,-39.6579,29/10/2015 14:58,2.7,89,8,19623,1474,6063,472
AMT25,-41.6779,-42.2299,30/10/2015 06:03,3.2,122,2,173439,6369,16542,476
AMT25,-42.7227,-43.6993,30/10/2015 15:05,5.4,63,6,111375,5476,8754,718
AMT25,-44.5917,-46.3548,31/10/2015 06:00,3.1,52,5,150300,2643,18441,626
AMT25,-45.6503,-48.0106,31/10/2015 15:00,3.1,53,8,229651,829,24517,862
AMT25,-48.8725,-53.107,11-Feb-2015 07:08:00,7.3,12,42,1412,0,6294,1658
AMT25,-49.7765,-54.5091,11-Feb-2015 16:15:00,6.9,20,13,163,0,102,150
AMT28,49.6381,-5.5016,25/09/2018 12:32,5.9,462,87,28277,0,19855,3488
AMT28,48.4694,-8.8366,26/09/2018 03:34,5.3,25,58,14810,2699,6081,908
AMT28,47.9012,-10.3814,26/09/2018 12:10,7.2,12,40,37820,20438,13597,2627
AMT28,46.0291,-12.7325,27/09/2018 03:30,6.9,4,15,1257,71986,2769,617
AMT28,44.9786,-13.5894,27/09/2018 12:04,7.5,0,4,3294,151408,2685,854
AMT28,42.965,-15.2118,28/09/2018 03:33,7,NaN,NaN,2149,210536,NaN,NaN
AMT28,41.9117,-16.0363,28/09/2018 12:02,6.5,0,9,1444,171130,1086,926
AMT28,39.7193,-17.7162,29/09/2018 03:29,6,6,3,3848,143986,2641,670
AMT28,38.6308,-18.5257,29/09/2018 12:00,7.2,1,4,4247,120651,940,362
AMT28,36.4139,-20.1215,30/09/2018 04:27,7.5,3,4,3880,80078,643,237
AMT28,35.302,-20.9152,30/09/2018 13:01,6.8,1,16,3599,139801,749,329
AMT28,33.0469,-22.1368,10-Jan-2018 04:30:00,7.3,5,17,4754,106799,682,267
AMT28,31.924,-22.7102,10-Jan-2018 13:04:00,7,5,12,4776,78748,665,420
AMT28,29.4883,-23.9324,10-Feb-2018 04:34:00,6.5,4,13,3240,111147,767,245
AMT28,28.6091,-24.3609,10-Feb-2018 10:51:00,6.4,14,13,3217,104533,690,242
AMT28,26.2038,-25.5211,10-Mar-2018 04:32:00,6.8,1,10,3907,136023,884,276
AMT28,25.0577,-26.0568,10-Mar-2018 12:59:00,6.6,3,11,2668,134678,778,280
AMT28,22.5997,-27.2134,10-Apr-2018 04:34:00,6.3,3,8,2669,239698,1338,359
AMT28,21.4472,-27.7453,10-Apr-2018 13:00:00,6.9,5,3,2306,233756,1346,284
AMT28,19.0778,-28.8167,10-May-2018 04:36:00,6.5,4,5,3786,283782,1256,254
AMT28,17.7473,-28.9302,10-May-2018 13:00:00,6,4,4,2740,217653,926,317
AMT28,15.0761,-28.6126,10-Jun-2018 04:37:00,6.3,8,12,23311,336671,2640,744
AMT28,13.8122,-28.2946,10-Jun-2018 13:00:00,6.8,3,13,7280,247805,1230,397
AMT28,11.447,-27.7087,10-Jul-2018 04:35:00,6.2,4,7,31158,392849,2204,333
AMT28,10.0982,-27.2938,10-Jul-2018 12:58:00,7.2,5,13,23798,332300,1681,469
AMT28,7.4713,-26.6501,10-Aug-2018 04:36:00,7.2,4,6,16192,201935,1017,273
AMT28,6.256,-26.38,10-Aug-2018 13:00:00,5.9,4,9,11460,175416,576,437
AMT28,3.8078,-25.8358,10-Sep-2018 04:38:00,6.3,1,17,10429,162759,1234,364
AMT28,0.0013,-24.9963,10-Oct-2018 04:42:00,6.3,14,33,17667,257584,4713,877
AMT28,-1.151,-24.9868,10-Oct-2018 13:00:00,6.4,6,8,13099,263390,2399,638
AMT28,-3.6894,-24.9793,10-Nov-2018 04:37:00,7.2,0,6,3957,318180,1750,420
AMT28,-4.9846,-24.9732,10-Nov-2018 12:57:00,7.6,0,9,2041,317472,1208,532
AMT28,-7.5486,-24.9587,10-Dec-2018 04:37:00,6.9,1,8,906,302405,1048,328
AMT28,-8.7631,-24.9484,10-Dec-2018 12:59:00,7,4,11,1031,228488,928,257
AMT28,-11.262,-24.9387,13/10/2018 04:33,6.6,0,5,1718,228634,856,187
AMT28,-12.0828,-24.9303,13/10/2018 10:31,6.4,7,11,1583,184048,878,304
AMT28,-14.7791,-24.9856,14/10/2018 04:33,7.5,4,9,1239,195960,862,275
AMT28,-16.0324,-25.0235,14/10/2018 13:05,6.7,0,5,724,94960,642,330
AMT28,-18.3391,-25.0867,15/10/2018 04:33,6.5,1,1,1177,139713,724,220
AMT28,-20.38,-25.0592,16/10/2018 04:37,6.4,1,3,1302,189817,621,206
AMT28,-21.6037,-25.0465,16/10/2018 12:58,6.5,3,7,1166,212224,643,243
AMT28,-23.9999,-24.9998,17/10/2018 04:28,7,4,1,1978,137234,1099,222
AMT28,-24.9059,-25.9033,17/10/2018 12:59,7.4,5,8,1645,197064,1194,296
AMT28,-26.6279,-27.6554,18/10/2018 04:40,7.7,5,4,2895,153374,1244,212
AMT28,-27.2,-28.2501,18/10/2018 10:36,7.8,4,3,2468,150625,1322,275
AMT28,-29.1276,-30.2235,19/10/2018 04:34,5.8,13,8,3415,169742,1612,220
AMT28,-30.0059,-31.1497,19/10/2018 13:00,7.1,1,9,5040,227520,1592,304
AMT28,-31.6166,-32.8857,20/10/2018 04:40,6.2,16,3,9038,153551,2764,450
AMT28,-32.3729,-33.6741,20/10/2018 13:04,7.4,3,1,6508,114733,2065,465
AMT28,-33.8305,-35.2678,21/10/2018 04:36,6.5,39,7,17899,69429,3769,539
AMT28,-34.5806,-36.0914,21/10/2018 13:07,6.5,28,5,15639,79248,3750,729
AMT28,-36.1662,-37.8655,22/10/2018 04:40,7,269,12,113284,16694,11517,1028
AMT28,-37.0121,-38.8346,22/10/2018 13:10,7.3,138,60,51770,44426,3228,1234
AMT28,-38.584,-40.6544,23/10/2018 04:28,5.5,254,140,125645,5196,17665,2000
AMT28,-40.52,-43.082,24/10/2018 04:36,7,226,13,76905,438,12687,1547
AMT28,-41.3697,-44.0127,24/10/2018 13:02,6.6,195,15,76604,290,14226,1204
AMT28,-43.0042,-45.9825,25/10/2018 05:37,6.3,175,17,58500,279,19356,1253
AMT28,-43.7905,-46.9552,25/10/2018 14:05,6.3,118,16,14426,129,8830,1273
AMT28,-45.2973,-48.8956,26/10/2018 05:35,6.1,82,19,18394,137,14996,1033
AMT28,-46.0175,-49.8723,26/10/2018 14:07,7,196,19,20667,150,10231,1210
AMT28,-47.5651,-51.7738,27/10/2018 06:35,5.9,167,19,18424,83,12096,1092
AMT28,-48.1988,-52.691,27/10/2018 15:02,7.1,167,23,14480,35,9855,967
