Cruise,Date,Lat,Lon,Depth,PIC,Bsi,POC
AMT18,20081004,50.2037,-2.4631,6,49.75564715,0.81153,126.13
AMT18,20081005,49.7727,-4.7685,6,9.014565774,0.17649,103.02
AMT18,20081005,49.7329,-5.7966,6,6.682191511,0.12627,197.5
AMT18,20081005,49.6909,-6.9044,6,6.493857277,0.24217,219.67
AMT18,20081006,49.4827,-9.1803,1,4.348764044,0.02694,62.57
AMT18,20081006,49.4333,-10.5,6,1.214821064,0.12823,78.125
AMT18,20081006,49.3718,-11.3907,1,1.48674479,0.05715,71.86
AMT18,20081006,49.326,-11.993,6,3.304397954,0.0703,87.35333333
AMT18,20081007,49.1492,-14.6525,1,1.99527631,0.03217,63.25833333
AMT18,20081007,49.017,-15.445,6,1.925939074,0.07112,52.55416667
AMT18,20081007,48.8687,-16.1947,1,2.034861446,0.05895,86.73333333
AMT18,20081007,48.3806,-16.7191,6,1.766591282,0.05335,64.47916667
AMT18,20081007,47.877,-17.271,6,1.408299928,0.0793,70.70833333
AMT18,20081008,46.5907,-18.6967,1,1.376871436,0.06125,61.5
AMT18,20081008,46.1366,-19.1544,6,1.673370169,0.07022,60.8875
AMT18,20081008,45.6642,-19.587,1,0.708865806,0.06368,48.56666667
AMT18,20081008,45.1789,-20.021,6,0.79759433,0.03111,49.05416667
AMT18,20081008,44.265,-20.818,6,0.927360416,0.02802,48.02083333
AMT18,20081009,42.6729,-22.195,1,NaN,0.0257,28.83333333
AMT18,20081009,41.964,-22.788,6,0.399624442,0.02879,30.8375
AMT18,20081009,41.147,-23.471,6,0.360463812,0.03657,33.7625
AMT18,20081009,40.257,-24.21,6,0.318545134,0.03892,31.01666667
AMT18,20081010,38.9821,-25.3243,1,0.635876568,0.0397,44.85416667
AMT18,20081010,38.472,-25.65,6,0.644277063,0.04133,33.57083333
AMT18,20081010,37.964,-25.98,6,0.441830644,0.01959,50.69
AMT18,20081010,37.185,-26.285,6,1.475705943,0.02805,33.22083333
AMT18,20081011,36.0115,-27.7373,1,1.406157324,0.01806,40.20416667
AMT18,20081011,35.61,-28.168,6,0.752981046,0.00671,29.575
AMT18,20081011,35.3137,-28.4663,1,0.645004372,0.09287,40.79583333
AMT18,20081011,34.868,-28.995,6,0.695826852,0.01928,33.25416667
AMT18,20081011,34.242,-29.723,6,0.458844043,0.02096,37.02916667
AMT18,20081012,33.2978,-30.7968,1,1.420847781,0.12797,45.9625
AMT18,20081012,32.955,-31.188,6,0.63126312,0.04229,26.31666667
AMT18,20081012,32.49,-31.71,1,1.437145677,0.01178,30.925
AMT18,20081012,32.048,-32.209,6,0.561189068,0.0093,24.65416667
AMT18,20081012,31.504,-32.814,6,0.629373437,0.01178,29.0625
AMT18,20081013,30.4723,-33.9512,1,0.159034821,0.02687,41.67083333
AMT18,20081013,30.093,-34.375,6,0.573559925,0.02012,24.84166667
AMT18,20081013,29.6697,-34.8333,1,1.52794106,0.006,52.7125
AMT18,20081013,29.307,-35.233,6,0.732693123,0.01344,24.40416667
AMT18,20081013,28.811,-35.765,6,0.470523111,0.00765,30.4
AMT18,20081014,27.6316,-37.0305,1,4.348841043,0.01594,38.28333333
AMT18,20081014,27.25,-37.44,6,1.016566932,0.01124,33.29583333
AMT18,20081014,26.8131,-37.8954,1,1.248442422,0.01039,34.8125
AMT18,20081014,26.323,-38.426,6,1.075547563,0.01124,28.30833333
AMT18,20081014,25.867,-38.906,6,1.006742612,0.0138,32.71666667
AMT18,20081015,24.7443,-40.0884,1,1.059245089,0.01465,60.66666667
AMT18,20081015,24.7381,-40.07,1,0.907289799,0.01465,54.61666667
AMT18,20081015,24.393,-40.458,6,0.936621537,0.01465,39.50833333
AMT18,20081015,23.928,-40.933,6,1.174294347,0.01551,37.6625
AMT18,20081016,22.5998,-40.2658,1,0.996137268,0.01039,56.15
AMT18,20081016,22.15,-39.944,6,0.920770434,0.01551,32.65
AMT18,20081016,21.6733,-39.5963,1,1.05665557,0.02238,49.17916667
AMT18,20081016,21.252,-39.31,6,1.014647439,0.0302,39.04583333
AMT18,20081016,20.755,-38.959,6,1.162638743,0.02325,37.67916667
AMT18,20081017,19.7224,-38.2301,1,1.247205363,0.01209,45.92916667
AMT18,20081017,19.152,-37.837,6,0.661027544,0.03634,23.3875
AMT18,20081017,18.7886,-37.5778,1,0.820781211,0.02152,37.95
AMT18,20081017,18.401,-37.326,6,0.783630169,0.02933,36.7125
AMT18,20081017,17.97,-37.018,6,3.519744895,0.02503,32.97083333
AMT18,20081018,16.8105,-36.2067,1,1.687983024,0.0223,57.99166667
AMT18,20081018,16.8106,-36.2067,1,0.91051506,0.03422,77.64166667
AMT18,20081018,16.531,-36.024,6,0.477876096,0.01777,58.24166667
AMT18,20081018,15.925,-35.612,6,0.639638051,0.01327,71.475
AMT18,20081019,14.9192,-34.922,1,0.693125407,0.04072,61.6375
AMT18,20081019,14.67,-34.758,6,0.692460984,0.02049,56.31666667
AMT18,20081019,14.0933,-34.3601,1,1.793855222,0.01958,60.60833333
AMT18,20081019,13.655,-34.054,6,0.552212776,0.02869,47.475
AMT18,20081019,13.085,-33.685,6,0.828012294,0.01777,63.55
AMT18,20081020,11.8207,-32.8241,1,0.896557781,0.12159,70.94166667
AMT18,20081020,11.287,-32.474,6,1.271239507,0.01594,48.00833333
AMT18,20081020,10.8916,-32.2064,1,1.071714279,0.02483,71.475
AMT18,20081020,10.415,-31.895,6,0.400447675,0.02037,NaN
AMT18,20081020,9.939,-31.575,6,0.598774019,0.03382,45.2625
AMT18,20081021,8.6438,-30.7084,1,0.880890776,0.05966,73.60416667
AMT18,20081021,8.183,-30.408,6,0.446626012,0.02393,50.5
AMT18,20081021,7.6627,-30.0593,1,0.919720081,0.02126,52.4875
AMT18,20081021,7.13,-29.706,6,0.408155645,0.02662,45.27083333
AMT18,20081021,6.556,-29.326,6,0.906976964,0.02931,49.1
AMT18,20081022,5.3397,-28.5213,1,0.664453812,0.02215,64.77083333
AMT18,20081022,5.139,-28.3909,1,0.417522127,0.01506,62.45833333
AMT18,20081022,4.721,-28.118,6,0.80758464,0.02381,41.57916667
AMT18,20081022,4.04,-27.666,6,0.59014326,0.0365,41.05416667
AMT18,20081023,2.7925,-26.8546,1,1.073144523,0.02974,61.85
AMT18,20081023,2.19,-26.451,6,0.812756152,0.02381,59.89166667
AMT18,20081023,1.8306,-26.2153,1,0.769610229,0.01648,59.75416667
AMT18,20081023,1.364,-25.914,6,0.833578923,0.0216,42.37916667
AMT18,20081023,0.631,-25.43,6,0.818342698,0.02307,34.0375
AMT18,20081024,-0.5793,-24.9939,1,0.606535964,0.02087,50.55416667
AMT18,20081024,-1.146,-25.001,6,0.570421225,0.03424,42.2875
AMT18,20081024,-1.6242,-24.997,1,0.620142406,0.03049,62.26666667
AMT18,20081024,-2.249,-25,6,0.366332223,0.04486,23.73333333
AMT18,20081025,-4.848,-25,6,1.001632701,0.02825,46.04583333
AMT18,20081025,-5.593,-25.001,6,0.993871451,0.02381,35.725
AMT18,20081025,-6.0524,-24.9771,1,1.589337619,0.02751,55.17083333
AMT18,20081025,-6.62,-25.003,6,0.882332248,0.0193,39.7875
AMT18,20081025,-7.336,-25,6,0.952000715,0.01465,39.425
AMT18,20081026,-8.8254,-24.9953,1,1.579237173,0.02399,38.53333333
AMT18,20081026,-9.336,-25.001,6,0.557923649,0.02211,29.325
AMT18,20081026,-9.9753,-24.9994,1,0.80085438,0.00726,38.89583333
AMT18,20081026,-10.642,-25,6,0.427818004,0.0036,45.74583333
AMT18,20081026,-11.307,-25,6,0.504580784,0.00268,28.4375
AMT18,20081027,-12.8396,-24.9982,1,2.286575825,0.01002,41.12083333
AMT18,20081027,-13.455,-25,6,0.982708739,NaN,27.05416667
AMT18,20081027,-13.9944,-24.9952,1,1.16762096,0.00689,57.59583333
AMT18,20081027,-14.469,-24.984,6,0.994445984,0.00238,28.99166667
AMT18,20081027,-15.075,-24.988,6,0.997496524,0.0078,27.9125
AMT18,20081028,-16.6377,-24.9938,1,0.69347934,0.00961,47.4625
AMT18,20081028,-16.8754,-24.9961,1,0.79318204,0.00238,59.85416667
AMT18,20081028,-17.588,-25.002,6,0.656346558,0.00961,27.45
AMT18,20081028,-18,-24.983,6,0.436993724,0.01508,28.5
AMT18,20081029,-19.1236,-24.9959,1,2.588193214,0.01234,38.24166667
AMT18,20081029,-19.725,-25,6,0.367988274,0.00737,25.92916667
AMT18,20081029,-20.2832,-25.0012,1,0.459128035,0.00893,43.52916667
AMT18,20081029,-20.662,-24.992,6,1.064849903,0.01155,38.68333333
AMT18,20081029,-21.262,-25.003,6,0.497474627,0.00737,45.59583333
AMT18,20081030,-22.7854,-25.0091,1,0.469891244,0.00633,44.075
AMT18,20081030,-23.43,-24.998,6,0.358335859,0.00841,30.02916667
AMT18,20081030,-23.9345,-24.9993,1,0.56980755,0.0105,65.51666667
AMT18,20081030,-24.346,-24.998,6,0.526373891,0.01472,36.5125
AMT18,20081030,-25.087,-25,6,0.833857926,0.00272,56.75416667
AMT18,20081031,-26.5572,-24.9979,1,0.727393046,0.00478,77.1875
AMT18,20081031,-27.061,-25.004,6,2.152710139,0.00633,39.50416667
AMT18,20081031,-27.826,-25,6,0.924875811,0.00272,44.57083333
AMT18,20081101,-28.8683,-26.0362,1,1.553601432,0.00478,71.34166667
AMT18,20081101,-29.274,-26.507,6,0.982821912,0.00633,34.875
AMT18,20081101,-29.634,-26.954,6,1.045457505,0.0053,37.52083333
AMT18,20081101,-29.965,-27.386,6,1.281562269,0.00118,37.65833333
AMT18,20081101,-30.308,-27.921,6,0.954824488,0.00067,34.5125
AMT18,20081102,-31.196,-28.941,6,1.156556254,0.0053,30.4875
AMT18,20081102,-31.724,-29.392,6,1.707438491,0.00221,32.76666667
AMT18,20081102,-32.1788,-29.8255,1,0.837085494,0.0105,53.6875
AMT18,20081102,-32.358,-30.118,6,0.803277528,0.02328,36.14166667
AMT18,20081102,-32.77,-30.753,6,2.108146088,0.0222,47.19166667
AMT18,20081103,-33.7682,-32.0031,1,2.423711297,0.27742,136.45
AMT18,20081103,-34.107,-32.424,6,2.111366008,0.1805,82.3
AMT18,20081103,-34.5532,-32.9805,1,1.606621248,0.14076,141.88
AMT18,20081103,-35.105,-33.685,6,2.226237616,0.20845,208.21
AMT18,20081104,-36.1734,-35.0541,1,3.976564337,0.12888,100.21
AMT18,20081104,-36.173,-35.054,6,1.229081236,0.00099,76.53
AMT18,20081104,-36.1731,-35.0542,1,1.17795012,0.01352,74.74
AMT18,20081104,-36.597,-35.597,6,1.068368719,0.05256,90.41
AMT18,20081104,-37.119,-36.283,6,2.290540828,0.01479,100.22
AMT18,20081105,-37.9633,-37.404,1,4.432087806,0.07883,126.81
AMT18,20081105,-38.445,-38.027,6,3.16679457,0.04097,113.06
AMT18,20081105,-38.7624,-38.4591,1,2.596103392,0.01671,87.82
AMT18,20081105,-39.129,-38.891,6,2.597503538,0.00161,91.14
AMT18,20081105,-39.596,-39.494,6,3.237600816,0.11843,149.86
AMT18,20081106,-40.482,-40.76,6,2.50768404,0.06657,98.98
AMT18,20081106,-40.938,-41.344,6,1.53438155,0.11605,117.91
AMT18,20081106,-41.4768,-42.1396,1,1.809184732,0.6776,271.83
AMT18,20081106,-41.83,-42.644,6,2.083136388,0.46214,250.11
AMT18,20081107,-43.2267,-44.6134,1,1.784926453,0.71626,358.99
AMT18,20081107,-43.518,-45.039,6,2.779707646,0.6232,271.5
AMT18,20081107,-43.9473,-45.6474,1,3.001177034,0.59245,264.92
AMT18,20081107,-44.295,-46.14,6,2.91081134,0.77712,314.28
AMT18,20081107,-44.888,-47.024,6,5.483088771,0.54703,219.62
AMT18,20081108,-45.867,-48.484,6,4.33529252,0.91109,199.56
AMT18,20081108,-46.446,-49.131,6,1.339434956,0.28414,145.01
AMT19,20091014,49.57,-8.63,10,6,4.568,0.01
AMT19,20091014,49.48,-9.91,6,9,14.511,0.091
AMT19,20091014,49.43,-10.53,10,13,6.938,0.105
AMT19,20091014,49.18,-10.33,6,16,2.748,0.057
AMT19,20091015,48.95,-14.46,10,22,22.174,0.031
AMT19,20091015,48.97,-15.5,6,25,2.549,0.08
AMT19,20091015,48.99,-16.11,6,26,1.728,0.022
AMT19,20091016,49,-16.66,10,32,4.118,0.04
AMT19,20091016,48.49,-17.15,6,35,2.673,0.121
AMT19,20091017,47.29,-18.04,10,41,1.772,0.017
AMT19,20091017,46.34,-18.8,0,49,1.594,0.011
AMT19,20091017,45.52,-19.42,6,50,4.383,0.018
AMT19,20091018,44.24,-20.4,8,57,1.699,0.016
AMT19,20091018,43.68,-20.83,6,59,10.356,0.021
AMT19,20091018,43.21,-21.18,0,65,1.198,0.03
AMT19,20091018,42.37,-21.81,6,66,1.405,0.021
AMT19,20091019,41.25,-22.6,9,73,1.114,0.018
AMT19,20091019,40.8,-22.92,6,75,0.961,0.01
AMT19,20091019,40.32,-23.27,10,80,0.742,0.011
AMT19,20091019,39.6,-23.78,6,82,0.516,0.006
AMT19,20091020,38.91,-24.27,6,83,4.294,0.011
AMT19,20091020,38.32,-24.67,7,90,1.263,0.016
AMT19,20091020,37.78,-25.04,6,92,2.569,0.013
AMT19,20091020,37.7,-25.65,6,93,0.776,0.031
AMT19,20091021,37.1,-26.49,10,98,0.27,0.002
AMT19,20091021,36.55,-27.23,6,100,0.888,0.002
AMT19,20091022,36.1,-27.81,6,101,2.772,0.006
AMT19,20091022,35.45,-28.65,0,109,0.805,0.018
AMT19,20091022,35.01,-29.22,6,110,0.609,0.006
AMT19,20091022,34.72,-29.59,0,116,0.753,0.005
AMT19,20091022,34.2,-30.34,6,117,0.506,0.012
AMT19,20091023,33.81,-30.76,6,118,0.92,0.003
AMT19,20091023,33.42,-31.25,0,126,1.223,0.009
AMT19,20091023,33.11,-31.65,6,127,0.553,0.004
AMT19,20091023,32.87,-31.95,0,133,0.459,0.004
AMT19,20091023,32.34,-32.61,6,134,1.184,0.008
AMT19,20091024,31.85,-33.24,6,135,1.48,0.002
AMT19,20091024,31.43,-33.74,0,143,0.645,0.006
AMT19,20091024,31.04,-34.19,6,144,0.778,0.005
AMT19,20091024,30.74,-34.48,0,150,0.673,0.005
AMT19,20091024,30.52,-35,6,151,0.594,0.003
AMT19,20091025,29.68,-35.52,6,152,1.062,NaN
AMT19,20091025,29.18,-35.98,0,160,1.448,NaN
AMT19,20091025,28.73,-36.45,6,161,1.032,NaN
AMT19,20091025,28.48,-36.68,0,167,NaN,0.045
AMT19,20091026,27.44,-37.67,6,168,1.23,0.017
AMT19,20091026,27.21,-37.89,0,176,3.916,0.02
AMT19,20091026,27.02,-38.05,0,182,1.074,NaN
AMT19,20091026,26.36,-38.69,6,183,1.049,NaN
AMT19,20091027,25.86,-39.15,6,184,9.578,NaN
AMT19,20091027,25.39,-39.61,0,192,1.158,NaN
AMT19,20091027,24.94,-40.01,6,193,1.92,NaN
AMT19,20091027,24.65,-40.28,0,199,0.665,0.01
AMT19,20091028,23.49,-40.9,6,200,1.868,0.012
AMT19,20091028,23.23,-40.72,0,208,4.936,0.013
AMT19,20091028,22.9,-40.49,6,209,1.674,0.043
AMT19,20091028,22.11,-39.93,6,210,1.361,0.013
AMT19,20091029,21.56,-39.25,6,211,1.028,0.011
AMT19,20091029,21.13,-39.25,0,217,0.422,0.006
AMT19,20091030,20.94,-39.17,0,223,0.822,0.009
AMT19,20091030,20.31,-38.67,6,224,0.687,0.013
AMT19,20091031,19.07,-38.21,6,225,NaN,0.047
AMT19,20091031,19.14,-37.86,10,232,0.588,0.015
AMT19,20091031,18.69,-37.55,6,234,0.681,0.013
AMT19,20091031,18.42,-37.36,0,240,0.846,0.006
AMT19,20091031,17.84,-36.96,6,241,0.344,0.007
AMT19,20091101,17.2,-36.53,6,242,0.536,0.006
AMT19,20091101,16.57,-36.1,0,250,0.568,0.022
AMT19,20091101,16.26,-35.88,6,251,1.675,0.009
AMT19,20091101,15.93,-35.66,0,257,0.763,0.006
AMT19,20091101,15.28,-35.22,6,258,0.752,0.008
AMT19,20091102,14.61,-34.77,6,259,0.657,0.01
AMT19,20091102,14.16,-34.46,10,266,0.344,0.008
AMT19,20091102,13.63,-34.11,6,268,NaN,0.008
AMT19,20091102,13.35,-33.92,0,274,0.509,0.009
AMT19,20091102,12.72,-33.49,6,275,0.353,0.011
AMT19,20091103,11.47,-32.65,10,281,3.449,0.015
AMT19,20091103,10.91,-32.27,6,284,0.749,0.015
AMT19,20091103,10.56,-32.04,0,290,0.663,0.019
AMT19,20091103,9.96,-31.64,6,291,1.656,0.024
AMT19,20091104,9.28,-31.18,6,292,1.883,0.01
AMT19,20091104,9.02,-31.01,6,293,0.412,0.034
AMT19,20091104,8.8,-30.87,0,299,1.653,0.025
AMT19,20091104,8.12,-30.4,6,300,0.632,0.011
AMT19,20091105,7.47,-29.97,6,301,1.557,0.013
AMT19,20091105,6.84,-29.54,7,308,0.504,0.034
AMT19,20091105,6.33,-29.21,6,310,1.78,0.014
AMT19,20091105,5.95,-28.96,10,315,0.646,0.016
AMT19,20091105,5.3,-28.53,6,317,1.22,0.021
AMT19,20091106,4.56,-28.02,6,318,20.374,0.015
AMT19,20091106,4.05,-27.69,0,326,2.088,0.011
AMT19,20091106,3.54,-27.35,6,327,5.118,0.019
AMT19,20091106,3.16,-27.1,0,333,0.618,0.009
AMT19,20091106,2.53,-26.69,6,334,2.644,0.008
AMT19,20091107,1.27,-25.85,10,341,0.515,0.017
AMT19,20091107,0,-25.57,6,343,1.629,0.068
AMT19,20091108,-2.05,-24.99,10,352,0.925,0.01
AMT19,20091108,-2.85,-25,0,359,0.491,0.031
AMT19,20091109,-3.84,-25,0,367,0.256,0.012
AMT19,20091109,-4.28,-25,6,368,2.041,0.007
AMT19,20091109,-4.86,-25,0,374,0.387,0.076
AMT19,20091109,-5.61,-25,6,375,1.499,0.085
AMT19,20091110,-6.48,-25,6,376,1.333,0.095
AMT19,20091110,-7.36,-24.99,0,384,0.427,0.096
AMT19,20091110,-7.87,-25,6,385,0.894,0.096
AMT19,20091110,-8.38,-25,0,391,1.547,0.09
AMT19,20091110,-9.1,-25,6,392,1.049,0.096
AMT19,20091110,-9.8,-25,6,393,1.456,0.022
AMT19,20091111,-10.65,-25,0,401,1.016,0.06
AMT19,20091111,-11.14,-25,6,402,1.582,0.033
AMT19,20091111,-11.72,-25,0,408,1.156,0.02
AMT19,20091111,-12.4,-25.01,6,409,1.93,0.016
AMT19,20091111,-13.07,-25,0,410,0.341,0.025
AMT19,20091112,-13.81,-24.99,0,416,1.482,0.007
AMT19,20091113,-14.68,-25.03,6,417,2.418,0.066
AMT19,20091113,-15.51,-25,6,418,2.868,0.02
AMT19,20091114,-16.36,-25,0,426,0.752,0.018
AMT19,20091114,-16.79,-25,6,427,1.088,0.011
AMT19,20091114,-17.35,-25,0,433,0.792,0.008
AMT19,20091114,-18,-25,6,434,1.534,0.014
AMT19,20091114,-18.53,-25,6,435,1.425,0.004
AMT19,20091115,-19.5,-25,0,441,0.847,NaN
AMT19,20091115,-20.05,-25,6,442,0.247,0.038
AMT19,20091115,-20.59,-25,0,448,0.603,0.036
AMT19,20091115,-21.27,-25,6,449,0.491,0.013
AMT19,20091115,-21.84,-25,6,450,2.234,NaN
AMT19,20091116,-22.85,-25,0,458,0.403,0.017
AMT19,20091116,-23.31,-25,6,459,0.421,0.015
AMT19,20091116,-23.76,-25,0,465,0.388,0.02
AMT19,20091116,-24.44,-25,6,466,0.701,0.018
AMT19,20091117,-26.11,-25,0,472,0.445,0.199
AMT19,20091117,-26.62,-25,6,473,0.684,0.057
AMT19,20091117,-27.17,-25,0,479,0.541,0.035
AMT19,20091117,-27.79,-25,6,480,0.478,0.025
AMT19,20091117,-28.28,-25.4,6,481,1.005,0.022
AMT19,20091118,-28.79,-26.14,0,489,0.281,0.066
AMT19,20091118,-29.05,-26.53,6,490,0.661,0.016
AMT19,20091118,-29.39,-27.04,0,496,NaN,0.016
AMT19,20091118,-29.77,-27.62,6,497,0.172,0.013
AMT19,20091118,-30.23,-28.28,6,498,1.009,0.013
AMT19,20091119,-30.83,-29.18,0,504,0.848,0.018
AMT19,20091119,-31.17,-29.68,6,505,1.014,0.104
AMT19,20091119,-31.55,-30.25,0,506,0.685,0.042
AMT19,20091119,-31.88,-30.74,6,507,1.13,0.02
AMT19,20091119,-32.22,-31.27,6,508,1.514,0.024
AMT19,20091120,-32.95,-32.4,6,509,1.495,0.019
AMT19,20091120,-32.82,-32.75,6,510,0.885,0.035
AMT19,20091121,-32.96,-33.6,6,511,1.673,0.035
AMT19,20091121,-33.41,-34.25,10,518,1.259,0.022
AMT19,20091121,-33.65,-34.61,6,520,0.92,0.035
AMT19,20091121,-33.88,-34.97,0,526,0.95,0.021
AMT19,20091121,-34.29,-35.58,6,527,1.605,0.071
AMT19,20091122,-34.81,-36.37,6,528,1.283,0.027
AMT19,20091122,-35.29,-37.11,10,534,2.56,0.057
AMT19,20091123,-35.59,-37.65,6,536,3.854,0.073
AMT19,20091123,-36.14,-38.41,6,537,3.289,0.167
AMT19,20091123,-36.66,-39.21,6,538,7.827,0.133
AMT19,20091124,-37.3,-40.19,10,545,3.749,0.164
AMT19,20091124,-37.58,-40.64,6,547,3.584,0.308
AMT19,20091124,-37.87,-41.09,0,553,3.421,0.083
AMT19,20091124,-38.25,-41.69,6,554,3.378,0.048
AMT19,20091124,-38.63,-42.3,6,555,1.527,0.069
AMT19,20091125,-39.31,-43.39,10,560,2.518,0.112
AMT19,20091125,-39.64,-43.91,6,562,1.302,0.328
AMT19,20091125,-39.97,-44.45,0,568,0.627,0.184
AMT19,20091125,-40.4,-45.15,6,569,1.115,0.501
AMT19,20091125,-40.89,-45.95,6,570,3.118,0.254
AMT19,20091126,-41.53,-47.05,6,571,1.793,0.17
AMT19,20091126,-41.93,-47.67,6,572,3.671,0.37
AMT19,20091126,-42.25,-48.23,7,577,1.358,0.178
AMT19,20091126,-42.6,-48.8,6,579,1.107,0.244
AMT19,20091126,-42.87,-49.27,6,580,1.062,0.135
AMT19,20091127,-43.72,-50.7,6,581,0.832,0.65
AMT19,20091127,-44.16,-51.47,6,582,0.402,0.145
AMT19,20091127,-44.62,-52.27,6,583,4.965,0.216
AMT20,20101013,49.7161,-6.9176,6,1,12.736,0.099
AMT20,20101013,49.6713,-7.6847,10,6,20.233,0.054
AMT20,20101013,49.6674,-7.793,6,8,13.883,0.135
AMT20,20101014,49.4058,-11.1647,10,13,10.464,0.06
AMT20,20101014,49.3737,-11.5465,6,16,9.767,0.093
AMT20,20101014,49.2767,-13.4994,6,17,14.744,0.059
AMT20,20101014,49.2698,-12.8839,10,22,7.51,0.058
AMT20,20101014,49.2696,-13.1043,6,24,5.587,0.033
AMT20,20101014,49.1749,-14.1586,6,25,7.475,0.05
AMT20,20101015,49.0497,-16.4297,5,32,7.501,0.09
AMT20,20101015,48.9556,-16.6367,6,33,15.86,0.218
AMT20,20101015,48.2179,-17.2449,6,34,3.603,0.11
AMT20,20101015,48.1165,-17.3243,10,39,6.555,0.165
AMT20,20101015,47.9748,-17.4553,6,41,8.563,0.077
AMT20,20101015,47.3701,-17.9934,6,42,5.335,0.091
AMT20,20101016,46.0562,-19.198,10,48,5.512,0.085
AMT20,20101016,45.8217,-19.412,6,50,3.77,0.157
AMT20,20101016,45.2923,-19.8526,6,51,4.552,0.118
AMT20,20101016,45.1975,-19.9337,10,57,3.572,0.075
AMT20,20101016,45.0209,-20.0975,6,59,2.092,0.036
AMT20,20101016,45.6081,-20.4599,6,60,3.42,0.058
AMT20,20101017,43.5496,-21.3642,10,66,3.765,0.045
AMT20,20101017,43.3906,-21.4985,6,68,3.916,0.114
AMT20,20101017,42.8887,-21.936,6,69,6.816,0.084
AMT20,20101017,42.7668,-22.0345,10,75,3.833,0.08
AMT20,20101017,42.595,-22.1845,6,77,2.827,0.035
AMT20,20101017,42.0845,-22.6063,6,78,5.212,0.027
AMT20,20101018,40.9942,-23.4793,2,85,4.41,0.021
AMT20,20101018,40.8407,-23.6096,6,86,2.981,0.097
AMT20,20101018,40.2542,-24.0902,6,87,3.214,0.053
AMT20,20101018,40.1264,-24.1928,2,94,2.545,0.017
AMT20,20101018,40,-24.2915,6,95,2.662,0.029
AMT20,20101018,39.4225,-24.7503,6,96,3.682,0.038
AMT20,20101019,38.268,-25.6457,10,102,10.341,0.029
AMT20,20101020,34.7383,-29.1558,6,104,14.486,0.047
AMT20,20101021,34.2263,-29.7372,6,105,6.364,0.096
AMT20,20101021,33.8655,-30.1736,6,106,4.556,0.05
AMT20,20101021,33.8424,-30.2035,2,113,1.391,0.053
AMT20,20101021,33.6621,-30.4072,6,114,0.741,0.032
AMT20,20101021,33.3159,-31.805,6,115,1.117,0.025
AMT20,20101022,32.4287,-31.805,2,122,1.246,0.039
AMT20,20101022,32.2504,-31.9999,6,123,1.209,0.136
AMT20,20101022,31.7902,-32.4918,6,124,1.755,0.042
AMT20,20101022,31.7298,-32.5628,10,130,0.092,0.08
AMT20,20101022,31.6311,-32.6777,6,132,1.032,0.02
AMT20,20101022,31.1981,-33.1661,6,133,NaN,0.021
AMT20,20101023,30.2932,-34.1832,2,140,0.204,0.02
AMT20,20101023,30.1608,-34.3313,6,141,0.785,0.066
AMT20,20101023,29.7083,-34.8009,6,142,10.291,0.039
AMT20,20101023,29.61,-34.9013,2,149,0.458,0.014
AMT20,20101023,29.5076,-35.0198,6,150,0.559,0.018
AMT20,20101023,29.0482,-35.5205,6,151,1.463,0.013
AMT20,20101024,28.1128,-36.5085,2,158,0.994,0.02
AMT20,20101024,27.9745,-36.6537,6,159,1.369,0.071
AMT20,20101024,27.5533,-37.1357,6,160,1.235,0.084
AMT20,20101024,27.4516,-37.2333,2,167,0.802,0.122
AMT20,20101024,27.3686,-37.3223,6,168,0.199,0.028
AMT20,20101024,26.9415,-37.7775,6,169,1.01,0.024
AMT20,20101025,25.9836,-38.783,2,176,0.705,0.02
AMT20,20101025,25.8242,-38.9568,6,177,NaN,0.089
AMT20,20101025,25.3472,-39.4558,6,178,0.902,0.058
AMT20,20101025,25.2688,-39.5316,2,185,0.477,0.04
AMT20,20101025,25.082,-39.5316,6,186,0.608,0.044
AMT20,20101025,24.6476,-40.1877,6,187,0.772,0.034
AMT20,20101026,23.7651,-41.1074,2,194,0.517,0.037
AMT20,20101026,23.61,-40.9919,6,195,0.692,0.144
AMT20,20101026,23.0701,-40.5999,6,196,0.528,0.053
AMT20,20101026,22.9636,-40.532,2,203,4.182,0.015
AMT20,20101026,22.8228,-40.4248,6,204,0.636,0.015
AMT20,20101027,21.2123,-39.2923,2,211,0.881,0.008
AMT20,20101027,21.057,-39.1786,6,212,0.802,0.101
AMT20,20101027,20.5507,-38.8191,6,213,NaN,0.033
AMT20,20101027,20.2842,-38.6368,6,214,NaN,0.029
AMT20,20101027,19.7999,-38.2891,6,215,0.674,0.024
AMT20,20101028,18.691,-37.5228,2,222,0.542,0.037
AMT20,20101028,18.4842,-37.3875,6,223,0.486,0.097
AMT20,20101028,18.0231,-37.0565,6,224,0.951,0.053
AMT20,20101028,17.9128,-36.9838,2,230,2.563,0.005
AMT20,20101028,17.7038,-36.8466,6,231,NaN,0.021
AMT20,20101028,17.2693,-36.5486,6,232,NaN,0.02
AMT20,20101029,16.1883,-35.8047,2,239,NaN,0.011
AMT20,20101029,16.0554,-35.7194,6,240,1.519,0.104
AMT20,20101029,15.4238,-35.2855,10,246,1.984,0.063
AMT20,20101029,15.2935,-35.2001,6,248,2.752,0.025
AMT20,20101029,14.6804,-34.7828,6,249,1.601,0.024
AMT20,20101030,13.4653,-33.9534,2,256,0.245,0.031
AMT20,20101030,13.2817,-33.8383,6,257,1.757,0.095
AMT20,20101030,12.6858,-33.4269,6,258,0.079,0.049
AMT20,20101030,12.3961,-33.3289,2,265,0.858,0.025
AMT20,20101030,12.3532,-33.2027,6,266,1.218,0.058
AMT20,20101030,11.7988,-32.8343,6,267,1.937,0.043
AMT20,20101031,10.5713,-31.998,2,274,1.628,0.039
AMT20,20101031,10.4632,-31.9284,6,275,2.944,0.144
AMT20,20101031,9.8514,-31.5279,6,276,0.671,0.079
AMT20,20101031,9.7506,-31.4575,10,282,0.522,0.13
AMT20,20101101,7.8168,-30.1599,2,290,0.638,0.039
AMT20,20101101,7.5794,-30.0106,6,291,0.862,0.134
AMT20,20101101,6.9124,-29.5647,6,292,0.796,0.081
AMT20,20101101,6.7038,-29.484,2,299,1.001,0.054
AMT20,20101101,6.6447,-29.3867,6,300,1.256,0.038
AMT20,20101101,5.9675,-28.9389,6,301,3.396,0.094
AMT20,20101102,4.8007,-28.1622,10,307,1.429,0.061
AMT20,20101102,3.8857,-27.5649,10,314,1.001,0.115
AMT20,20101102,3.178,-27.0823,6,316,1.412,0.04
AMT20,20101103,2.0385,-26.3435,6,317,0.677,0.06
AMT20,20101103,1.136,-25.7498,6,318,0.949,0.039
AMT20,20101103,0,-25.2735,6,319,2.048,0.003
AMT20,20101104,-1.1237,-25.005,6,320,1.938,0.076
AMT20,20101104,-1.2654,-25.0015,6,321,0.838,0.032
AMT20,20101104,-1.341,-24.9927,6,322,0.721,0.065
AMT20,20101104,-1.6049,-25.009,6,323,1.033,0.044
AMT20,20101104,-2.3079,-25.0111,6,324,1.34,0.047
AMT20,20101105,-3.8488,-25.0154,2,331,1.478,0.03
AMT20,20101105,-3.9703,-25.0088,6,332,4.261,0.104
AMT20,20101105,-5.0297,-25.0276,6,333,1.292,0.059
AMT20,20101105,-5.6812,-25.0298,6,334,3.951,0.029
AMT20,20101106,-6.0547,-23.7606,2,341,1.703,0.043
AMT20,20101106,-6.2338,-22.8686,6,342,3.747,0.085
AMT20,20101106,-6.2681,-22.698,2,349,0.539,0.038
AMT20,20101106,-6.333,-22.3831,6,350,2.433,0.043
AMT20,20101106,-6.461,-21.7206,6,351,0.982,0.056
AMT20,20101107,-6.8606,-19.7001,6,352,0.485,0.042
AMT20,20101107,-7.0128,-18.926,6,353,0.843,0.028
AMT20,20101107,-7.1398,-18.2954,6,354,1.15,0.031
AMT20,20101107,-7.2262,-17.8634,6,355,1.01,0.023
AMT20,20101108,-7.6252,-15.8232,6,356,2.659,0.03
AMT20,20101109,-10.6124,-17.1168,6,357,9.266,0.032
AMT20,20101109,-10.969,-17.3843,6,358,4.25,0.115
AMT20,20101109,-11.5092,-18.0073,6,359,1.573,0.059
AMT20,20101110,-12.5292,-19.022,2,366,0.756,0.025
AMT20,20101110,-13.3461,-19.8448,6,367,1.509,0.075
AMT20,20101110,-13.4733,-19.9666,2,374,1.359,0.029
AMT20,20101110,-13.6688,-20.1753,6,375,1.204,0.025
AMT20,20101110,-14.2573,-20.7636,6,376,2.111,0.019
AMT20,20101111,-15.3314,-21.8412,2,383,1.401,0.019
AMT20,20101111,-15.6611,-22.1789,6,384,1.711,0.097
AMT20,20101111,-16.1802,-22.7013,6,385,2.687,0.061
AMT20,20101111,-16.3163,-22.8417,2,392,1.653,0.016
AMT20,20101111,-16.5479,-23.0808,6,393,5.435,0.022
AMT20,20101111,-17.0862,-23.6337,6,394,1.999,0.02
AMT20,20101112,-18.5312,-25.1055,6,395,1.005,0.025
AMT20,20101112,-18.5371,-25.1296,2,402,1.069,0.017
AMT20,20101112,-18.859,-25.101,6,403,1.633,0.029
AMT20,20101113,-20.3796,-25.0892,2,410,0.247,0.015
AMT20,20101113,-20.8388,-25.099,6,411,0.789,0.085
AMT20,20101113,-21.7059,-25.0969,2,418,0.761,0.014
AMT20,20101113,-22.1333,-25.206,6,419,1.11,0.024
AMT20,20101113,-22.6156,-25.5845,6,420,0.459,0.021
AMT20,20101114,-23.8377,-26.5663,2,427,1.388,0.023
AMT20,20101114,-24.1219,-26.7884,6,428,0.151,0.091
AMT20,20101114,-24.6804,-27.2519,6,429,2.548,0.049
AMT20,20101114,-24.819,-27.3587,2,436,NaN,0.017
AMT20,20101114,-25.3491,-27.793,6,437,1.112,0.019
AMT20,20101115,-26.8575,-29.068,2,444,0.994,0.026
AMT20,20101115,-27.1702,-29.3367,6,445,0.78,0.071
AMT20,20101115,-27.7967,-29.8863,6,446,3.555,0.048
AMT20,20101115,-28.6885,-30.6643,6,447,1.099,0.033
AMT20,20101116,-29.9434,-31.8233,2,454,0.619,0.02
AMT20,20101116,-30.2717,-32.1353,6,455,0.682,0.093
AMT20,20101116,-30.8763,-32.6997,6,456,NaN,0.047
AMT20,20101116,-30.9955,-32.814,10,462,NaN,0.112
AMT20,20101116,-31.2526,-33.0746,6,464,2.46,0.02
AMT20,20101116,-31.7805,-33.5748,6,465,NaN,0.016
AMT20,20101117,-33.0447,-34.8455,10,471,NaN,0.017
AMT20,20101117,-33.9497,-35.7716,6,473,0.203,0.062
AMT20,20101117,-34.0107,-35.9254,10,479,0.661,0.072
AMT20,20101117,-34.408,-36.2559,6,481,0.728,0.032
AMT20,20101117,-34.9542,-36.8415,6,482,0.399,0.008
AMT20,20101118,-36.0901,-38.0881,10,488,1.266,0.112
AMT20,20101118,-36.3998,-38.4442,6,490,2.77,0.147
AMT20,20101118,-36.9559,-39.0776,6,491,2.588,0.114
AMT20,20101118,-37.0938,-39.2305,4,498,NaN,0.016
AMT20,20101118,-37.804,-40.0763,6,499,1.848,0.132
AMT20,20101119,-38.9242,-41.4532,10,505,1.034,0.152
AMT20,20101119,-39.1844,-41.7931,6,507,3.474,0.252
AMT20,20101119,-39.7065,-42.4445,6,508,3.088,0.223
AMT20,20101119,-39.7912,-42.5522,2,515,1.909,0.179
AMT20,20101119,-40.0333,-42.8801,6,516,4.714,0.321
AMT20,20101119,-40.4956,-43.4948,6,517,47.55,0.296
AMT20,20101120,-41.6557,-45.093,10,523,0.592,0.548
AMT20,20101120,-41.912,-45.4622,6,525,NaN,0.248
AMT20,20101120,-42.3833,-46.1467,6,526,1.32,0.282
AMT20,20101120,-42.498,-46.2962,10,532,2.36,0.336
AMT20,20101120,-42.7161,-46.6407,6,534,NaN,0.276
AMT20,20101120,-43.1893,-47.357,6,535,0.426,0.103
AMT20,20101121,-44.1998,-48.9385,10,541,2.519,0.114
AMT20,20101121,-44.4655,-49.3858,6,543,3.223,0.125
AMT20,20101121,-44.9293,-50.1537,6,544,4.804,0.078
AMT20,20101121,-45.0165,-50.2845,5,551,3.46,0.174
AMT20,20101121,-45.331,-50.8435,6,552,4.667,0.151
AMT20,20101121,-45.6305,-51.3542,6,553,4.218,0.326
AMT20,20101122,-46.9675,-53.8308,6,554,5.314,0.187
AMT20,20101122,-47.3547,-54.5785,6,555,3.351,0.142
AMT20,20101122,-47.4928,-54.851,6,556,16.644,0.257
AMT22,20121011,49.52503333,-9.399316667,6,1,0.0007414,0.21
AMT22,20121012,49.32066667,-11.96933333,6,2,0.0005802,0.2182
AMT22,20121012,49.24936667,-13.05215,10,9,0.0002425,0.069
AMT22,20121012,49.14933333,-14.3965,6,11,0.0004865,0.1365
AMT22,20121013,48.92766667,-16.3695,2,19,0.000255,0.2447
AMT22,20121013,48.5395,-16.81833333,6,20,0.001093,0.2531
AMT22,20121013,47.8818,-17.2666,2,28,0.0002227,0.1694
AMT22,20121013,46.92916667,-17.90216667,6,29,0.0002399,0.0889
AMT22,20121014,45.87741667,-18.60811667,2,37,0.0001196,0.1655
AMT22,20121014,45.49116667,-18.85411667,6,38,0.001177,0.0721
AMT22,20121014,44.75991667,-19.32458333,2,46,0.000142,0.3209
AMT22,20121014,43.85933333,-19.88831667,6,47,0.0002514,0.0593
AMT22,20121015,42.81741667,-20.5779,7,54,8.176e-05,0.234
AMT22,20121015,42.38433333,-20.80316667,6,55,0.0002984,0.0818
AMT22,20121015,41.65423333,-21.26483333,2,63,0.0001361,0.4107
AMT22,20121015,40.70466667,-21.83666667,6,64,0.0002397,0.0566
AMT22,20121016,39.6626,-22.50953333,2,72,0.00011,0.1743
AMT22,20121016,39.28413333,-22.6718,6,73,0.0001716,0.0589
AMT22,20121016,38.5545,-23.09711667,4,82,0.0001115,0.427
AMT22,20121016,37.63245,-23.62948333,6,83,0.0001078,0.0403
AMT22,20121017,36.68633333,-24.46878333,2,91,2.73e-06,0.2111
AMT22,20121017,36.36241667,-24.85596667,6,92,0.0001553,0.0483
AMT22,20121017,35.847,-25.59428333,4,100,0.0001037,0.1296
AMT22,20121017,35.16201667,-26.52731667,6,101,0.0001281,0.0391
AMT22,20121018,34.38276667,-27.63751667,4,109,7.895e-05,0.2053
AMT22,20121018,34.08095,-27.95333333,6,110,0.0001472,0.0631
AMT22,20121018,33.56076667,-28.73921667,3,117,0.0001036,0.033
AMT22,20121018,32.82466667,-29.64916667,6,118,6.436e-05,0.0445
AMT22,20121019,32.02236667,-30.7364,2,126,0.0001583,0.1695
AMT22,20121019,31.65683333,-31.1805,6,127,8.532e-05,0.0281
AMT22,20121019,30.99833333,-32.03983333,6,128,0.0001176,0.0734
AMT22,20121019,30.56126667,-32.60733333,6,129,0.001235,0.1757
AMT22,20121020,29.8077,-33.55001667,2,137,0.0002059,0.1109
AMT22,20121020,29.48381667,-33.98283333,6,138,2.305e-05,0.0616
AMT22,20121020,28.8528,-34.67443333,2,146,8.837e-05,0.1308
AMT22,20121020,28.33933333,-35.44133333,6,147,NaN,0.0258
AMT22,20121021,27.61468333,-36.347,2,155,0.000229,NaN
AMT22,20121021,27.25433333,-36.79516667,6,156,9.431e-05,NaN
AMT22,20121021,26.71686667,-37.47081667,2,164,0.0002127,NaN
AMT22,20121021,26.139,-38.1785,6,165,0.0001653,NaN
AMT22,20121022,25.49931667,-38.9826,2,173,0.0002466,0.1664
AMT22,20121022,25.1345,-39.41033333,6,174,0.0001084,0.0321
AMT22,20121022,24.59508333,-40.07538333,2,182,9.855e-05,0.1271
AMT22,20121022,24.00783333,-40.79716667,6,183,0.0001155,0.0275
AMT22,20121023,23.16396667,-40.60368333,2,191,9.504e-05,0.1659
AMT22,20121023,22.713,-40.29766667,6,192,0.0001285,0.0491
AMT22,20121023,22.07503333,-39.79768333,2,200,0.000115,0.1762
AMT22,20121023,21.46716667,-39.32616667,6,201,0.0001066,0.0376
AMT22,20121024,20.5651,-38.59323333,2,209,7.056e-05,0.1841
AMT22,20121024,20.09433333,-38.28016667,6,210,0.0002147,0.0456
AMT22,20121024,19.44286667,-37.77198333,2,218,6.35e-05,0.2091
AMT22,20121024,18.60583333,-37.144,6,219,0.000255,0.0499
AMT22,20121025,17.7095,-36.42821667,2,227,5.869e-05,0.1931
AMT22,20121025,17.2565,-36.12783333,6,228,0.000159,0.0282
AMT22,20121025,16.64138333,-35.65746667,2,236,3.129e-05,0.3866
AMT22,20121025,15.867,-35.09266667,6,237,9.376e-05,0.0326
AMT22,20121026,15.06206667,-34.44718333,2,245,4.293e-05,0.1369
AMT22,20121026,14.60066667,-34.154,6,246,8.197e-05,0.036
AMT22,20121026,13.95561667,-33.66718333,2,254,5.976e-05,0.1719
AMT22,20121026,13.19433333,-33.10816667,6,255,7.302e-05,0.0521
AMT22,20121027,12.22433333,-32.36051667,2,263,5.655e-05,0.1607
AMT22,20121027,11.78683333,-32.07116667,6,264,0.0001187,0.0639
AMT22,20121027,11.11528333,-31.57761667,2,265,7.364e-05,0.0373
AMT22,20121027,10.35816667,-31.033,6,266,0.0001113,0.0616
AMT22,20121028,9.452533333,-30.32823333,2,274,5.01e-05,0.1684
AMT22,20121028,9.002833333,-30.03083333,6,275,6.224e-05,0.0569
AMT22,20121028,8.2967,-29.5326,9,282,8.149e-05,0.0456
AMT22,20121028,7.527,-28.95766667,6,284,0.0001811,0.0844
AMT22,20121029,6.621216667,-28.34188333,5,292,0.0001858,0.2953
AMT22,20121029,6.217333333,-28.02033333,6,293,0.0002564,0.0844
AMT22,20121029,5.545383333,-27.54323333,2,301,7.363e-05,0.3856
AMT22,20121029,4.730666667,-26.96116667,6,302,0.000113,0.0614
AMT22,20121030,4.028383333,-26.4693,2,310,8.588e-05,0.217
AMT22,20121030,3.5655,-26.12533333,6,311,9.46e-05,0.0614
AMT22,20121030,2.9197,-25.66168333,9,318,6.197e-05,0.035
AMT22,20121030,2.154,-25.11,6,320,0.0001484,0.0672
AMT22,20121031,1.107783333,-24.98443333,2,328,7.493e-05,0.1659
AMT22,20121031,0.644166667,-25.00083333,6,329,0.0001318,0.0731
AMT22,20121031,0.089166667,-24.99916667,6,330,0.0001912,0.066
AMT22,20121101,-1.883733333,-24.95633333,2,334,0.0004212,0.0497
AMT22,20121101,-2.929883333,-24.98411667,2,343,0.0001311,0.0906
AMT22,20121101,-3.776666667,-25.02583333,6,344,0.000231,0.0256
AMT22,20121102,-4.622983333,-25.00381667,2,352,7.741e-05,0.0954
AMT22,20121102,-5.1065,-25.034,6,353,0.0001902,0.038
AMT22,20121102,-5.829383333,-25.02986667,2,361,0.0001568,0.1089
AMT22,20121102,-6.865166667,-25.03483333,6,362,0.0001543,0.0404
AMT22,20121103,-8.089116667,-25.01423333,2,370,8.267e-05,0.1875
AMT22,20121103,-8.662166667,-25.0455,6,371,0.0003233,0.0392
AMT22,20121103,-9.514833333,-25.05333333,2,373,0.000103,0.0189
AMT22,20121103,-9.8085,-25.05391667,6,374,0.0003828,0.0461
AMT22,20121103,-10.56166667,-25.05483333,6,375,0.0003005,0.0472
AMT22,20121104,-11.62183333,-25.0205,2,382,0.0001071,0.0679
AMT22,20121104,-12.2575,-25.0635,6,383,0.0001825,0.0402
AMT22,20121104,-13.07346667,-25.0667,2,391,0.0001017,0.1281
AMT22,20121104,-14.0845,-25.07883333,6,392,0.0002186,0.021
AMT22,20121105,-15.28706667,-25.0511,5,400,0.0001603,0.1256
AMT22,20121105,-15.91066667,-25.0675,6,401,0.0001108,0.0311
AMT22,20121105,-16.75973333,-25.09766667,2,408,0.0002895,0.0292
AMT22,20121105,-17.58583333,-25.095,6,409,0.0002019,0.0192
AMT22,20121106,-18.516,-25.10116667,2,417,0.0001353,0.2177
AMT22,20121106,-18.53583333,-25.12066667,6,418,0.0001072,0.0236
AMT22,20121106,-18.50166667,-25.12066667,6,419,0.0002028,0.0383
AMT22,20121107,-18.5298,-25.10146667,2,427,0.0004074,NaN
AMT22,20121107,-19.21783333,-24.82333333,6,428,0.0002133,NaN
AMT22,20121108,-20.12123333,-24.49688333,2,436,0.000139,NaN
AMT22,20121108,-20.58033333,-24.66033333,6,437,0.0002826,NaN
AMT22,20121108,-22.037,-24.84551667,2,444,7.749e-05,0.023
AMT22,20121109,-22.96473333,-24.98051667,2,453,0.0001052,0.1161
AMT22,20121109,-23.4835,-25.00416667,6,454,0.0002036,0.0332
AMT22,20121109,-24.12538333,-25.00286667,2,462,0.000102,0.1087
AMT22,20121109,-24.92816667,-25.00483333,6,463,0.0002322,0.0401
AMT22,20121110,-25.7495,-24.99083333,2,471,7.465e-05,0.1553
AMT22,20121110,-26.25283333,-25.006,6,472,0.0001955,0.043
AMT22,20121111,-26.956,-25.00623333,2,474,3.588e-05,0.0327
AMT22,20121111,-27.20066667,-25.01683333,6,475,0.0001996,0.0327
AMT22,20121111,-28.3879,-25.47501667,2,482,0.0001527,0.0181
AMT22,20121111,-28.678,-25.91366667,6,483,0.0001722,0.0293
AMT22,20121111,-29.1152,-26.50701667,2,491,0.0001433,0.136
AMT22,20121111,-29.66366667,-27.232,6,492,0.0001802,0.038
AMT22,20121112,-30.19978333,-27.91883333,2,500,8.745e-05,0.1088
AMT22,20121112,-30.49516667,-28.37516667,6,501,0.0002286,0.0415
AMT22,20121112,-30.97011667,-29.05215,2,509,0.0001173,0.2789
AMT22,20121112,-31.54566667,-29.83566667,6,510,0.00011,0.0461
AMT22,20121113,-32.60983333,-31.375,6,511,0.0001449,0.0243
AMT22,20121113,-33.17266667,-32.13533333,6,512,9.144e-05,0.0288
AMT22,20121113,-33.56416667,-32.6535,6,513,0.0001467,0.0531
AMT22,20121114,-34.14741667,-33.49238333,5,521,0.0001902,0.4959
AMT22,20121114,-34.38066667,-33.87183333,6,522,0.0001673,0.0311
AMT22,20121114,-34.85773333,-34.53746667,5,530,0.0002091,0.3903
AMT22,20121114,-35.48,-35.44683333,6,531,0.0002275,0.0457
AMT22,20121115,-36.06936667,-36.25573333,3,539,0.0002227,0.4311
AMT22,20121115,-36.377,-36.77333333,6,540,0.0002274,0.3116
AMT22,20121115,-36.83716667,-37.439,3,548,6.275e-05,0.3903
AMT22,20121115,-37.4,-38.26833333,6,549,0.0003274,1.0215
AMT22,20121116,-38.10566667,-39.32868333,10,556,6.467e-05,0.1016
AMT22,20121116,-38.422,-39.80766667,6,558,0.0001294,0.1364
AMT22,20121116,-38.90925,-40.56313333,10,565,0.0006842,0.2885
AMT22,20121116,-39.10333333,-40.85566667,6,567,0.000207,0.4427
AMT22,20121116,-39.44483333,-41.38083333,6,568,0.0001244,0.3333
AMT22,20121117,-40.10236667,-42.38306667,10,575,0.0001157,0.0786
AMT22,20121117,-40.406,-42.88833333,6,577,0.000115,0.1517
AMT22,20121117,-40.90633333,-43.64931667,5,579,7.411e-05,0.1989
AMT22,20121117,-41.067,-43.88666667,6,580,0.0001272,0.062
AMT22,20121117,-41.481,-44.531,6,581,0.0001768,0.0632
AMT22,20121118,-42.13718333,-45.62688333,8,588,3.716e-05,0.0715
AMT22,20121118,-42.5765,-46.3055,6,590,0.0001061,0.0967
AMT22,20121118,-43.04683333,-47.0785,8,597,8.862e-06,0.116
AMT22,20121118,-43.491,-47.80816667,6,599,0.0004256,0.0607
AMT22,20121119,-43.92301667,-48.56536667,3,607,6.627e-06,0.1942
AMT22,20121119,-44.30033333,-49.10183333,6,608,6.453e-05,0.094
AMT22,20121119,-44.67525,-49.75883333,10,615,0.0001772,0.1513
AMT22,20121119,-45.11216667,-50.53233333,6,617,0.0001682,0.1361
AMT22,20121120,-45.50061667,-51.3197,8,624,0.00025,0.5007
AMT22,20121120,-45.99466667,-52.36766667,6,626,0.0002348,0.3744
AMT22,20121120,-46.45733333,-53.36066667,6,627,0.0002784,0.1539
AMT24,20140925,49.82896667,-4.7564,10,1,0.000372,0.3993
AMT24,20140925,48.9657,-6.1945,7,2,0.000355,0.0415
AMT24,20140926,47.86773167,-7.937166667,5,9,0.000375,0.523
AMT24,20140926,47.4299,-8.5738,7,10,0.000102,0.1929
AMT24,20140926,47.18635,-8.8255,5,18,0.000378,0.1729
AMT24,20140926,47.3109,-8.6912,7,19,5.95e-05,0.006
AMT24,20140926,47.2172,-8.8146,7,20,9.53e-05,0.0162
AMT24,20140927,47.3044,-8.7672,7,21,8.05e-05,0.045
AMT24,20140927,47.5017,-8.612,7,22,7.68e-05,0.0248
AMT24,20140927,47.572,-8.504866667,5,30,0.000193,0.1253
AMT24,20140927,47.568,-8.7517,7,31,0.000122,0.1303
AMT24,20140927,47.1803,-9.5739,7,32,6.56e-05,0.0409
AMT24,20140928,46.3876,-10.98316667,7,39,0.000143,0.0655
AMT24,20140928,45.9443,-11.7202,7,41,9.99e-05,0.1874
AMT24,20140928,45.50205,-12.4895,5,49,0.000118,0.0281
AMT24,20140928,45.231,-12.9516,7,50,0.000124,0.0192
AMT24,20140928,44.8631,-13.5852,7,51,4.42e-05,0.0203
AMT24,20140929,44.09348333,-14.92076667,5,59,5.56e-05,0.0192
AMT24,20140929,43.6237,-15.6766,7,60,6.76e-05,0.1872
AMT24,20140929,43.17016667,-16.42566667,5,68,8.66e-05,0.0583
AMT24,20140929,42.8884,-16.9042,7,69,7.53e-05,0.0297
AMT24,20140929,42.5322,-17.4851,7,70,0.000127,0.0422
AMT24,20140930,41.77153333,-18.75718333,5,78,9.05e-05,0.0308
AMT24,20140930,41.2761,-19.5273,7,79,0.000106,0.107
AMT24,20140930,40.84221667,-20.21483333,5,87,0.000101,0.0538
AMT24,20140930,40.5504,-20.6903,7,88,0.000103,0.0377
AMT24,20140930,40.1918,-21.2513,7,89,8.99e-05,0.0264
AMT24,20141001,39.3985,-22.4553,5,97,9.39e-05,0.0286
AMT24,20141001,38.9298,-23.228,7,98,8.73e-05,0.1259
AMT24,20141001,38.49595,-23.89175,5,106,0.000123,0.0686
AMT24,20141001,38.2645,-24.2472,7,107,6.45e-05,0.04
AMT24,20141002,36.95466667,-25.91076667,5,115,5.51e-05,0.0377
AMT24,20141002,36.4617,-26.0747,7,116,NaN,0.022
AMT24,20141002,35.9044,-26.2607,7,117,3.38e-05,0.0209
AMT24,20141003,34.55565,-26.60888333,5,125,6.3e-05,0.0332
AMT24,20141003,34.011,-26.8753,7,126,4.43e-05,0.1371
AMT24,20141003,33.35388333,-27.096,5,134,4.7e-05,0.0531
AMT24,20141003,32.9106,-27.2251,7,135,4.55e-05,0.0303
AMT24,20141003,32.3552,-27.4004,7,136,3.35e-05,0.0225
AMT24,20141004,31.29521667,-27.70426667,5,144,5.27e-05,0.0191
AMT24,20141004,30.5743,-27.9546,7,145,4.37e-05,0.1296
AMT24,20141004,29.89863333,-28.16523333,5,153,7.8e-05,0.0648
AMT24,20141004,29.434,-28.3012,7,154,2.8e-05,0.0427
AMT24,20141004,28.9164,-28.4667,7,155,4.84e-05,0.02
AMT24,20141005,27.51166667,-28.86398333,5,163,4.91e-05,0.0245
AMT24,20141005,26.7848,-29.1072,7,164,5.36e-05,0.0404
AMT24,20141005,26.10898333,-29.30523333,5,172,6.29e-05,0.0554
AMT24,20141005,25.6445,-29.4449,7,173,3.16e-05,0.0198
AMT24,20141005,25.0956,-29.607,7,174,6.07e-05,0.0277
AMT24,20141006,24.06046667,-29.8828,5,182,9.25e-05,0.0368
AMT24,20141006,23.3664,-29.9532,7,183,5.31e-05,0.1057
AMT24,20141006,22.65878333,-29.86641667,5,191,0.000338,0.0569
AMT24,20141006,22.1712,-29.734,7,192,6.77e-05,0.0235
AMT24,20141006,21.6777,-29.5804,7,193,5.76e-05,0.0361
AMT24,20141007,20.45328333,-29.2478,5,201,0.000131,0.0349
AMT24,20141007,19.8553,-29.1406,7,202,5.42e-05,0.2793
AMT24,20141007,19.85541667,-29.14061667,5,210,0.000199,0.0738
AMT24,20141007,19.3776,-29.0374,7,211,4.52e-05,0.0387
AMT24,20141007,18.847,-28.923,7,212,4.73e-05,0.0239
AMT24,20141008,17.83166667,-28.68111667,5,220,0.000116,0.0239
AMT24,20141008,17.1123,-28.5486,7,221,6.79e-05,0.055
AMT24,20141008,16.43541667,-28.40483333,5,229,6.92e-05,0.0353
AMT24,20141008,15.9662,-28.303,7,230,5.88e-05,0.0262
AMT24,20141008,15.4174,-28.1894,7,231,2.69e-05,0.0153
AMT24,20141009,14.22036667,-27.9077,5,239,8.51e-05,0.0277
AMT24,20141009,13.5294,-27.7887,7,240,4.56e-05,0.0803
AMT24,20141009,12.84395,-27.6471,5,248,7.2e-05,0.0504
AMT24,20141009,12.3869,-27.5491,7,249,4.08e-05,0.0717
AMT24,20141009,11.8774,-27.4436,7,250,4.83e-05,0.0634
AMT24,20141010,10.76045,-27.19571667,5,258,4.39e-05,0.0329
AMT24,20141010,10.0582,-27.0631,7,259,5.38e-05,0.1065
AMT24,20141010,9.36835,-26.92098333,5,267,4.75e-05,0.0563
AMT24,20141010,9.0411,-26.845,7,268,1.65e-05,0.0695
AMT24,20141010,8.5038,-26.7427,7,269,3.16e-05,0.0444
AMT24,20141011,7.279166667,-26.51276667,5,277,2.2e-05,0.0265
AMT24,20141011,6.5734,-26.3566,7,278,2.32e-05,0.1078
AMT24,20141011,5.899116667,-26.20461667,5,286,4.61e-05,0.0369
AMT24,20141011,5.432,-26.1235,7,287,2.74e-05,0.0416
AMT24,20141011,4.9124,-26.0035,7,288,5.08e-05,0.0265
AMT24,20141012,3.7811,-25.77475,5,296,4.14e-05,0.0323
AMT24,20141012,3.0532,-25.6213,7,298,0.000153,0.0701
AMT24,20141012,2.375833333,-25.48623333,5,306,9.95e-05,0.0534
AMT24,20141012,1.9257,-25.3936,7,307,4.72e-05,0.0323
AMT24,20141012,1.3391,-25.2727,7,308,8.48e-05,0.0464
AMT24,20141013,0,-25,5,316,0.000251,0.1093
AMT24,20141013,-0.6549,-25.0055,7,318,0.00022,0.139
AMT24,20141014,-3.9025,-24.99648333,5,326,0.000444,0.129
AMT24,20141014,-4.7263,-25.0222,7,327,0.000135,0.0863
AMT24,20141014,-5.322333333,-25.02621667,5,335,7.44e-05,0.0916
AMT24,20141014,-5.8345,-25.0325,7,336,0.000142,0.0737
AMT24,20141014,-6.3736,-25.0343,7,337,0.000235,0.0492
AMT24,20141015,-7.4775,-25.01358333,5,344,4.65e-05,0.0207
AMT24,20141015,-8.2213,-25.045,7,346,9.27e-05,0.1333
AMT24,20141015,-8.9112,-25.04266667,5,354,0.000143,0.0433
AMT24,20141015,-9.3823,-25.052,7,355,6.94e-05,0.0967
AMT24,20141015,-9.922,-25.0529,7,356,6.7e-05,0.0319
AMT24,20141016,-11.04763333,-25.0223,5,364,6.17e-05,0.0205
AMT24,20141016,-11.7942,-25.0594,7,366,3.48e-05,0.0882
AMT24,20141016,-12.49475,-25.06531667,5,374,5.43e-05,0.0573
AMT24,20141016,-13.0095,-25.07,7,375,4.37e-05,0.0375
AMT24,20141016,-13.5349,-25.0721,7,376,2.24e-05,0.0274
AMT24,20141017,-14.6706,-25.06516667,5,384,7.52e-05,0.0467
AMT24,20141017,-15.4277,-25.0823,7,386,4.42e-05,0.0984
AMT24,20141017,-16.1315,-25.08448333,5,394,7.42e-05,0.0455
AMT24,20141017,-16.6428,-25.0904,7,395,8.7e-05,0.0341
AMT24,20141017,-17.1649,-25.0923,7,396,6.86e-05,0.0231
AMT24,20141018,-18.31495,-25.06468333,5,404,4.96e-05,0.0277
AMT24,20141018,-18.5503,-25.097,7,406,7.7e-05,0.0894
AMT24,20141018,-18.55583333,-25.07115,5,414,7.45e-05,0.0846
AMT24,20141018,-18.5624,-25.1296,7,416,8.67e-05,0.0451
AMT24,20141019,-18.55,-25.0954,7,417,0.000193,0.0787
AMT24,20141019,-19.36029755,-25.08952082,7,418,0.000159,0.0337
AMT24,20141020,-20.85605,-25.06633333,5,425,9.65e-05,0.018
AMT24,20141020,-21.6324116,-25.073211,7,427,0.000109,0.1098
AMT24,20141020,-22.31641667,-25.0602,5,435,0.000113,0.0004
AMT24,20141020,-22.79486706,-25.05953314,7,436,0.000107,0.0262
AMT24,20141020,-23.25043939,-25.05251143,7,437,0.000135,0.0194
AMT24,20141021,-24.43311667,-25.03716667,5,444,0.000132,0.0015
AMT24,20141021,-25.1384402,-25.0378972,7,445,0.000146,0.1027
AMT24,20141021,-25.59473333,-25.03571667,5,453,0.000115,NaN
AMT24,20141021,-26.11365059,-25.02862373,7,454,0.000115,0.0301
AMT24,20141021,-26.6797451,-25.02033449,7,455,0.000191,0.0094
AMT24,20141022,-27.74685,-25.03121667,5,463,0.000128,0.0243
AMT24,20141022,-28.47933857,-25.02881878,7,464,0.000119,0.0441
AMT24,20141022,-29.15396667,-25.2756,5,472,0.000466,0.0285
AMT24,20141022,-29.59570184,-25.44012857,7,473,0.000127,0.0173
AMT24,20141022,-30.10299306,-25.6267198,7,474,0.000217,0.0113
AMT24,20141023,-31.36493333,-26.09645,5,482,0.000181,0.0083
AMT24,20141023,-32.0564844,-26.3750058,7,483,8.96e-05,0.093
AMT24,20141023,-32.71653333,-26.63186667,5,491,0.000103,0.0371
AMT24,20141023,-33.19438531,-26.81612388,7,492,0.000119,0.0169
AMT24,20141023,-33.75007588,-27.03289902,7,493,0.000124,0.0454
AMT24,20141024,-34.57346667,-27.4288,5,501,0.000139,0.0485
AMT24,20141024,-35.17354745,-27.64645216,7,502,9.99e-05,0.1503
AMT24,20141024,-35.79555,-27.87496667,5,510,0.000287,0.1095
AMT24,20141024,-36.3077712,-28.0764056,7,511,0.000171,0.1162
AMT24,20141024,-36.86501898,-28.3029951,7,512,0.000176,0.0983
AMT24,20141025,-37.89311667,-28.77883333,5,519,0.000553,0.105
AMT24,20141025,-38.4687102,-28.97151882,7,520,0.000266,1.3259
AMT24,20141025,-38.96125,-29.17416667,5,524,0.000227,0.0678
AMT24,20141025,-39.3819882,-29.3637204,7,525,0.000151,0.0635
AMT24,20141025,-39.61114765,-29.84139039,7,526,0.000164,0.0561
AMT24,20141026,-40.11881667,-30.94208333,5,533,0.000176,0.0939
AMT24,20141026,-40.40805196,-31.49178549,7,534,0.000172,0.2119
AMT24,20141026,-40.68543333,-32.1032,5,542,0.000496,0.1061
AMT24,20141026,-40.91423265,-32.58041286,7,543,0.000137,0.1874
AMT24,20141026,-41.16956941,-33.1235798,7,544,0.000137,0.1094
AMT24,20141027,-41.47113333,-33.88256667,5,552,0.000246,0.0798
AMT24,20141027,-41.81100961,-34.50808333,7,553,0.000132,0.1717
AMT24,20141027,-42.08058333,-35.10188333,5,561,0.000213,0.0922
AMT24,20141027,-42.32508265,-35.62356776,7,562,0.000107,0.1167
AMT24,20141028,-43.00257833,-37.14135,5,570,0.00024,0.1144
AMT24,20141028,-43.30666878,-37.75430694,7,571,0.000185,0.1418
AMT24,20141028,-43.5872,-38.38916667,5,579,0.000165,0.1335
AMT24,20141028,-43.80756137,-38.86516961,7,580,0.00012,0.1524
AMT24,20141028,-44.03995469,-39.38457,7,581,0.000184,0.5323
AMT24,20141029,-44.6259,-40.72605,5,589,0.000177,0.2888
AMT24,20141029,-44.9685046,-41.4708376,7,590,0.000135,0.0918
AMT24,20141029,-45.28746667,-42.19836667,5,598,0.000135,0.0934
AMT24,20141029,-45.54082388,-42.78162347,7,599,0.000108,0.1035
AMT24,20141029,-45.82111551,-43.41188878,7,600,0.000161,0.0857
AMT24,20141030,-46.0724,-44.20941667,5,608,0.000199,0.0879
AMT24,20141030,-46.38828765,-44.87682706,7,609,0.00125,0.2039
AMT24,20141030,-46.95507647,-46.50067431,7,610,0.00017,0.2202
AMT24,20141030,-47.22723061,-47.25793265,7,611,0.00016,0.1494
AMT24,20141031,-47.62357673,-48.58514959,7,612,0.000202,0.1517
AMT24,20141031,-47.91344353,-49.46058392,7,613,0.00018,0.1331
AMT24,20141031,-48.24511667,-50.34083333,5,621,0.000661,0.2339
AMT24,20141031,-48.53521714,-50.91857612,7,622,0.00013,1.6358
AMT24,20141031,-48.82698878,-51.50150429,7,623,0.000298,1.7194
AMT24,20141101,-49.5799,-53.07065,5,631,0.000532,1.125
AMT24,20141101,-49.9144366,-53.7820514,7,632,0.000193,0.5282
AMT24,20141101,-50.2593,-54.52943333,5,640,0.000486,0.8832
AMT24,20141101,-50.37852939,-54.78531429,7,641,0.000506,0.9499
AMT25,20150918,50.03,-4.38,5,7,0.000236,0.39373
AMT25,20150918,49.7244,-5.2375,6.5,8,0.000418,0.26576
AMT25,20150919,48.41,-9.2,5,16,0.000293,0.22212
AMT25,20150919,47.8848,-10.4836,6.5,17,0.000249,0.08586
AMT25,20150919,47.51,-11.06,5,25,0.000159,0.03146
AMT25,20150919,47.272,-11.403,6.5,26,0.00017,0.05317
AMT25,20150919,46.9511,-11.9183,6.5,27,9.2e-05,0.04796
AMT25,20150920,46.28,-12.94,5,35,0.000306,0.24657
AMT25,20150920,45.8325,-13.6152,6.5,36,0.000108,0.12942
AMT25,20150920,45.59,-13.99,5,44,0.000197,0.04263
AMT25,20150920,45.1086,-14.7133,6.5,46,8.9e-05,0.07433
AMT25,20150921,44.46,-15.69,5,54,7e-05,0.15278
AMT25,20150921,44.0067,-16.342,6.5,55,6.3e-05,0.0906
AMT25,20150921,43.71,-16.78,5,63,4.2e-05,0.12969
AMT25,20150921,43.4787,-17.1166,6.5,64,3.5e-05,0.06443
AMT25,20150921,43.0575,-17.7144,6.5,65,3e-05,0.06762
AMT25,20150922,40.9072,-20.7359,6.5,84,8.4e-05,0.11074
AMT25,20150923,40.04,-21.92,5,92,0.000103,0.15272
AMT25,20150923,39.4843,-22.6697,6.5,93,5.9e-05,0.06
AMT25,20150923,39.2,-23.05,5,101,0.00011,0.0622
AMT25,20150923,38.9763,-23.3358,6.5,102,2.6e-05,0.06114
AMT25,20150924,37.646,-26.0075,5,119,5e-06,0.0306
AMT25,20150924,37.4309,-27.0796,6.5,121,NaN,0.02345
AMT25,20150924,37.2089,-28.1075,6.5,122,5.1e-05,0.04927
AMT25,20150925,36.84,-29.96,5,130,5.1e-05,0.03472
AMT25,20150925,36.5941,-31.0878,6.5,131,4.3e-05,0.03575
AMT25,20150925,36.3432,-32.2346,6.5,132,8.8e-05,0.02141
AMT25,20150928,35.61,-34.17,5,151,5.5e-05,0.0866
AMT25,20150928,35.305,-34.8805,6.5,152,0.000114,0.03742
AMT25,20150928,35.06,-35.44,5,160,4.3e-05,0.11351
AMT25,20150928,34.8356,-35.7232,6.5,161,4.4e-05,0.01664
AMT25,20150928,34.2139,-36.1606,6.5,162,3.9e-05,0.03502
AMT25,20150929,34,-37.57,5,170,5.2e-05,0.03812
AMT25,20150930,30.5034,-41.5394,6.5,188,3e-05,0.05384
AMT25,20150930,30.1,-41.94,2,196,5.5e-05,0.06224
AMT25,20150930,29.8204,-42.2293,6.5,197,3.8e-05,0.02804
AMT25,20150930,29.1856,-42.82,6.5,198,5.8e-05,0.0633
AMT25,20151001,28.26,-42.31,2,206,7.9e-05,0.04866
AMT25,20151001,27.7722,-41.5744,6.5,207,0.000174,0.03513
AMT25,20151001,27.47,-40.89,2,215,7.1e-05,0.03823
AMT25,20151001,27.2622,-40.7938,6.5,216,5.5e-05,0.0269
AMT25,20151001,26.8119,-40.1035,6.5,217,0.00013,0.04239
AMT25,20151002,25.93,-38.83,5,225,9.7e-05,0.07238
AMT25,20151002,25.4219,-38.0261,6.5,226,8.3e-05,0.03286
AMT25,20151002,25.45,-38.08,5,234,0.000102,0.01525
AMT25,20151003,22.99,-34.39,5,253,4.6e-05,0.02952
AMT25,20151003,22.7651,-34.0749,6.5,254,2.5e-05,0.01515
AMT25,20151003,22.2798,-33.32,6.5,255,8.2e-05,0.24366
AMT25,20151004,21.47,-32.08,2,263,4.5e-05,0.09448
AMT25,20151004,20.8922,-31.2313,6.5,264,0.000101,0.07357
AMT25,20151005,19.27,-28.99,2,282,1.1e-05,0.08562
AMT25,20151005,18.7639,-28.3707,6.5,283,5.1e-05,0.04898
AMT25,20151005,18.48,-28.03,2,291,1.7e-05,0.0458
AMT25,20151005,18.3251,-27.8783,6.5,292,NaN,0.03213
AMT25,20151005,17.9264,-27.3867,6.5,293,8.6e-05,0.07483
AMT25,20151006,16.43,-25.55,2,310,5.1e-05,0.08903
AMT25,20151006,16.2349,-25.3282,6.5,311,4.7e-05,0.03796
AMT25,20151006,15.7603,-24.7532,6.5,312,6.2e-05,0.36501
AMT25,20151007,15.1,-23.95,2,320,5.1e-05,0.15496
AMT25,20151008,13.38,-22.9,2,328,3.6e-05,0.30746
AMT25,20151008,12.8522,-22.7013,6.5,329,3.2e-05,0.11814
AMT25,20151009,10,-21.6,2,347,3.5e-05,0.03488
AMT25,20151009,9.0632,-21.2324,6.5,348,3e-05,0.21845
AMT25,20151009,8.57,-21.04,2,356,5.5e-05,0.11256
AMT25,20151009,8.2117,-20.894,6.5,357,6e-05,0.07508
AMT25,20151010,5.88,-20.03,2,365,2.9e-05,0.04216
AMT25,20151010,4.9215,-19.6448,6.5,366,0.000195,0.03178
AMT25,20151010,4.4,-19.43,2,374,3.3e-05,0.04285
AMT25,20151010,4.0849,-19.3051,6.5,375,4e-06,0.05019
AMT25,20151010,3.3629,-19.017,6.5,378,2.8e-05,0.04494
AMT25,20151011,1.93,-18.43,2,386,0.000143,0.0523
AMT25,20151011,0.9841,-18.0463,6.5,387,2e-05,0.03454
AMT25,20151011,0.49,-17.84,2,395,4.2e-05,0.10933
AMT25,20151011,0.1676,-17.7257,6.5,396,1.9e-05,0.04095
AMT25,20151011,0.5422,-17.4246,6.5,397,7.9e-05,0.1674
AMT25,20151012,-1.68,-16.98,2,405,0.000142,0.17825
AMT25,20151012,-2.2507,-16.7482,6.5,406,0.000163,0.12523
AMT25,20151012,-3.0201,-16.4313,6.5,407,0.000724,0.3193
AMT25,20151012,-3.5027,-16.2342,6.5,408,0.000584,0.26056
AMT25,20151013,-4.42,-15.87,2,416,7.8e-05,0.1499
AMT25,20151013,-5.0544,-15.6,6.5,417,0.000246,0.1132
AMT25,20151013,-5.39,-15.45,2,425,0.000187,0.11884
AMT25,20151013,-5.6267,-15.3656,6.5,426,0.000172,0.06072
AMT25,20151013,-6.1113,-15.1649,6.5,427,0.000339,0.09759
AMT25,20151014,-7.661,-14.5221,2,435,5.1e-05,0.05597
AMT25,20151014,-7.86,-14.44,2,444,8.1e-05,0.12122
AMT25,20151014,-8.0606,-14.4222,6.5,445,0.000213,0.17181
AMT25,20151019,-10.11,-16.57,2,453,0.000115,0.00543
AMT25,20151019,-10.8722,-17.3547,6.5,454,9.9e-05,0.22712
AMT25,20151019,-14.02,-20.5,2,462,0.000143,0.07438
AMT25,20151020,-14.2084,-20.6974,6.5,481,6.2e-05,0.03269
AMT25,20151020,-14.7221,-21.2213,6.5,482,0.000106,0.19977
AMT25,20151021,-15.69,-22.19,2,490,7.1e-05,0.02544
AMT25,20151021,-16.3331,-22.8642,6.5,491,7.1e-05,0.07637
AMT25,20151022,-18.5,-25,5,509,0.000161,0.05188
AMT25,20151022,-18.9596,-25.1023,6.5,510,0.000276,0.25992
AMT25,20151023,-20.54,-25.07,2,518,0.000237,0.11087
AMT25,20151023,-24.91,-25.07,6.5,519,4.5e-05,0.06977
AMT25,20151024,-25.9628,-25.0393,6.5,537,4.8e-05,0.04091
AMT25,20151025,-29.41,-26.21,5,563,6.2e-05,0.02278
AMT25,20151025,-29.5167,-26.3532,6.5,564,5.4e-05,0.0458
AMT25,20151025,-29.7837,-26.6795,6.5,565,NaN,0.03632
AMT25,20151026,-30.7155,-27.8227,6.5,566,0.00014,0.02175
AMT25,20151026,-30.94,-28.09,5,572,7.8e-05,0.11848
AMT25,20151026,-31.1116,-28.2608,6.5,573,6.9e-05,0.06075
AMT25,20151026,-31.5095,-28.7805,6.5,574,9.9e-05,0.03632
AMT25,20151027,-32.39,-29.85,5,582,0.000151,0.08111
AMT25,20151027,-33.0407,-30.7046,6.5,583,0.000165,0.26681
AMT25,20151027,-33.33,-31.07,3,590,0.00017,0.13939
AMT25,20151027,-33.5643,-31.382,6.5,591,0.000246,0.41129
AMT25,20151027,-34.0974,-32.0603,6.5,592,6e-05,0.24454
AMT25,20151028,-35.33,-33.65,2,600,0.000187,0.15926
AMT25,20151028,-35.9614,-34.4569,6.5,601,0.000247,0.08655
AMT25,20151028,-36.557,-35.2023,6.5,609,0.000113,0.22153
AMT25,20151028,-37.2229,-36.0996,6.5,610,0.000184,0.31579
AMT25,20151029,-41.68,-42.23,2,618,0.00024,0.0575
AMT25,20151030,-42.3812,-43.1839,6.5,638,0.000269,0.14304
AMT25,20151030,-42.72,-43.7,2,645,9.1e-05,0.06156
AMT25,20151030,-42.8483,-44.0013,6.5,646,NaN,0.06915
AMT25,20151030,-43.4505,-44.8028,6.5,647,7.9e-05,0.18975
AMT25,20151031,-44.59,-46.35,2,655,6.1e-05,0.08119
AMT25,20151031,-45.2667,-47.3873,6.5,656,1.4e-05,0.09339
AMT25,20151031,-45.65,-48.01,2,663,8.8e-05,0.05923
AMT25,20151031,-45.8812,-48.3244,6.5,664,NaN,0.12247
AMT25,20151031,-46.3527,-49.0578,6.5,665,0.000776,0.19032
AMT25,20151101,-47.3069,-50.6696,6.5,666,0.000136,0.07328
AMT25,20151101,-47.658,-50.891,6.5,667,0.000163,0.06245
AMT25,20151101,-47.6588,-51.1704,6.5,668,0.0002,0.06245
AMT25,20151101,-47.9882,-51.6401,6.5,669,0.00044,0.10654
AMT25,20151102,-45.87,-53.11,5,677,0.000608,0.70403
AMT25,20151102,-49.4792,-54.0208,6.5,678,0.00041,0.68078
AMT25,20151102,-49.78,-54.51,5,686,7.5e-05,0.72265
AMT25,20151102,-49.909,-54.755,6.5,687,9e-05,1.02672
AMT28,20180925,49.638,-5.502,5,NaN,NaN,17.966
AMT28,20180925,49.581,-5.676,5,NaN,NaN,10.45
AMT28,20180925,49.501,-5.908,5,NaN,NaN,15.83
AMT28,20180925,49.429,-6.108,5,NaN,NaN,12.785
AMT28,20180925,49.355,-6.332,5,NaN,NaN,12.995
AMT28,20180925,49.267,-6.567,5,NaN,NaN,12.737
AMT28,20180925,49.178,-6.803,5,NaN,NaN,11.563
AMT28,20180925,49.083,-7.085,5,NaN,NaN,9.487
AMT28,20180925,49.015,-7.282,5,NaN,NaN,4.883
AMT28,20180925,48.92,-7.547,5,NaN,NaN,3.707
AMT28,20180926,48.824,-7.826,5,NaN,NaN,4.098
AMT28,20180926,48.734,-8.077,5,NaN,NaN,4.805
AMT28,20180926,48.647,-8.334,5,NaN,NaN,4.6
AMT28,20180926,48.571,-8.054,5,NaN,NaN,5.04
AMT28,20180926,48.474,-8.833,5,NaN,NaN,3.705
AMT28,20180926,48.469,-8.837,5,NaN,NaN,4.358
AMT28,20180926,48.395,-9.026,5,NaN,NaN,4.105
AMT28,20180926,48.324,-9.256,5,NaN,NaN,5.623
AMT28,20180926,48.226,-9.538,5,NaN,NaN,4.99
AMT28,20180926,48.169,-9.686,5,NaN,NaN,5.283
AMT28,20180926,48.099,-9.875,5,NaN,NaN,4.55
AMT28,20180926,48.037,-10.038,5,NaN,NaN,4.417
AMT28,20180926,47.961,-10.235,5,NaN,NaN,4.413
AMT28,20180926,47.901,-10.381,5,NaN,NaN,5.423
AMT28,20180926,47.867,-10.458,5,NaN,NaN,6.013
AMT28,20180926,47.775,-10.734,5,NaN,NaN,5.853
AMT28,20180926,47.698,-10.96,5,NaN,NaN,6.725
AMT28,20180926,47.62,-11.171,5,NaN,NaN,6.366
AMT28,20180926,47.495,-11.468,5,NaN,NaN,5.731
AMT28,20180926,47.353,-11.623,5,NaN,NaN,6.149
AMT28,20180926,47.22,-11.734,5,NaN,NaN,6.269
AMT28,20180926,47.031,-11.9,5,NaN,NaN,4.14
AMT28,20180926,46.838,-12.063,5,NaN,NaN,4.818
AMT28,20180927,46.699,-12.178,5,NaN,NaN,4.98
AMT28,20180927,46.513,-12.331,5,NaN,NaN,5.138
AMT28,20180927,46.373,-12.453,5,NaN,NaN,3.863
AMT28,20180927,46.242,-12.567,5,NaN,NaN,3.17
AMT28,20180927,46.061,-12.711,5,NaN,NaN,2.573
AMT28,20180927,46.029,-12.733,5,NaN,NaN,2.568
AMT28,20180927,45.934,-12.818,5,NaN,NaN,2.208
AMT28,20180927,45.791,-12.935,5,NaN,NaN,1.746
AMT28,20180927,45.618,-13.903,5,NaN,NaN,2.152
AMT28,20180927,45.566,-13.112,5,NaN,NaN,2.302
AMT28,20180927,45.395,-13.257,5,NaN,NaN,2.582
AMT28,20180927,45.231,-13.4,5,NaN,NaN,3.16
AMT28,20180927,45.032,-13.561,5,NaN,NaN,3.067
AMT28,20180927,44.965,-13.594,5,NaN,NaN,2.86
AMT28,20180927,44.802,-13.736,5,NaN,NaN,3.165
AMT28,20180927,44.703,-13.827,5,NaN,NaN,3.022
AMT28,20180927,44.552,-13.954,5,NaN,NaN,3.725
AMT28,20180927,44.393,-14.077,5,NaN,NaN,3.398
AMT28,20180927,44.837,-13.703,5,NaN,NaN,4.76
AMT28,20180927,44.064,-14.341,5,NaN,NaN,4.758
AMT28,20180927,43.899,-14.474,5,NaN,NaN,2.76
AMT28,20180927,43.817,-14.562,5,NaN,NaN,2.658
AMT28,20180927,43.725,-14.635,5,NaN,NaN,2.718
AMT28,20180928,43.565,-14.746,5,NaN,NaN,2.255
AMT28,20180928,43.414,-14.867,5,NaN,NaN,2.89
AMT28,20180928,43.28,-14.969,5,NaN,NaN,2.728
AMT28,20180928,43.151,-15.07,5,NaN,NaN,2.604
AMT28,20180928,42.989,-15.199,5,NaN,NaN,2.936
AMT28,20180928,42.967,-15.213,5,NaN,NaN,3.32
AMT28,20180928,42.896,-15.271,5,NaN,NaN,2.93
AMT28,20180928,42.712,-15.416,5,NaN,NaN,2.55
AMT28,20180928,42.59,-15.508,5,NaN,NaN,2.656
AMT28,20180928,42.449,-15.621,5,NaN,NaN,2.344
AMT28,20180928,42.301,-15.732,5,NaN,NaN,2.286
AMT28,20180928,42.137,-15.864,5,NaN,NaN,2.27
AMT28,20180928,42.025,-15.94,5,NaN,NaN,2.008
AMT28,20180928,41.908,-16.048,5,NaN,NaN,2.5
AMT28,20180928,41.755,-16.159,5,NaN,NaN,2.128
AMT28,20180928,41.584,-16.293,5,NaN,NaN,1.954
AMT28,20180928,41.434,-16.409,5,NaN,NaN,1.972
AMT28,20180928,41.307,-16.507,5,NaN,NaN,2.287
AMT28,20180928,41.122,-16.648,5,NaN,NaN,2.243
AMT28,20180928,40.975,-16.761,5,NaN,NaN,2.228
AMT28,20180928,40.813,-16.887,5,NaN,NaN,1.937
AMT28,20180928,40.672,-16.992,5,NaN,NaN,2.017
AMT28,20180928,40.533,-17.103,5,NaN,NaN,1.892
AMT28,20180929,40.391,-17.204,5,NaN,NaN,2.028
AMT28,20180929,40.228,-17.33,5,NaN,NaN,2.222
AMT28,20180929,40.075,-17.441,5,NaN,NaN,1.988
AMT28,20180929,39.907,-17.558,5,NaN,NaN,1.927
AMT28,20180929,39.737,-17.694,5,NaN,NaN,2.408
AMT28,20180929,39.719,-17.716,5,NaN,NaN,2.07
AMT28,20180929,39.603,-17.797,5,NaN,NaN,2.187
AMT28,20180929,39.482,-17.89,5,NaN,NaN,2.235
AMT28,20180929,39.315,-18.014,5,NaN,NaN,1.997
AMT28,20180929,39.201,-18.103,5,NaN,NaN,2.493
AMT28,20180929,39.013,-18.24,5,NaN,NaN,2.348
AMT28,20180929,38.879,-18.335,5,NaN,NaN,2.376
AMT28,20180929,38.743,-18.441,5,NaN,NaN,2.228
AMT28,20180929,38.631,-18.526,5,NaN,NaN,2.292
AMT28,20180929,38.496,-18.627,5,NaN,NaN,2.348
AMT28,20180929,38.364,-18.71,5,NaN,NaN,2.636
AMT28,20180929,38.207,-18.831,5,NaN,NaN,2.694
AMT28,20180929,37.096,-18.913,5,NaN,NaN,2.836
AMT28,20180929,37.921,-19.039,5,NaN,NaN,2.294
AMT28,20180929,37.799,-19.13,5,NaN,NaN,2.33
AMT28,20180929,37.646,-19.244,5,NaN,NaN,2.488
AMT28,20180929,37.482,-19.361,5,NaN,NaN,1.97
AMT28,20180929,37.352,-19.455,5,NaN,NaN,2.326
AMT28,20180930,37.207,-19.559,5,NaN,NaN,2.194
AMT28,20180930,37.064,-19.661,5,NaN,NaN,2.458
AMT28,20180930,36.914,-19.771,5,NaN,NaN,2.204
AMT28,20180930,36.737,-19.897,5,NaN,NaN,1.922
AMT28,20180930,36.592,-20.001,5,NaN,NaN,1.9
AMT28,20180930,36.414,-20.122,5,NaN,NaN,1.678
AMT28,20180930,36.315,-20.199,5,NaN,NaN,1.76
AMT28,20180930,36.246,-20.251,5,NaN,NaN,1.707
AMT28,20180930,36.041,-20.398,5,NaN,NaN,1.745
AMT28,20180930,35.871,-20.348,5,NaN,NaN,1.783
AMT28,20180930,35.973,-20.444,5,NaN,NaN,1.555
AMT28,20180930,35.563,-20.736,5,NaN,NaN,1.65
AMT28,20180930,35.344,-20.891,5,NaN,NaN,1.972
AMT28,20180930,35.283,-20.923,5,NaN,NaN,2.157
AMT28,20180930,35.158,-21.021,5,NaN,NaN,1.903
AMT28,20180930,35.005,-21.116,5,NaN,NaN,1.76
AMT28,20180930,34.85,-21.202,5,NaN,NaN,2.115
AMT28,20180930,34.71,-21.28,5,NaN,NaN,2.252
AMT28,20180930,34.536,-21.366,5,NaN,NaN,2.092
AMT28,20180930,34.368,-21.458,5,NaN,NaN,1.708
AMT28,20180930,34.2,-21.551,5,NaN,NaN,1.827
AMT28,20180930,34.046,-21.63,5,NaN,NaN,1.818
AMT28,20180930,33.872,-21.012,5,NaN,NaN,2.09
AMT28,20181001,33.691,-21.816,5,NaN,NaN,1.722
AMT28,20181001,33.573,-21.876,5,NaN,NaN,1.73
AMT28,20181001,33.41,-21.957,5,NaN,NaN,1.795
AMT28,20181001,33.245,-21.045,5,NaN,NaN,1.782
AMT28,20181001,33.068,-22.134,5,NaN,NaN,2.13
AMT28,20181001,33.047,-22.137,5,NaN,NaN,2.078
AMT28,20181001,32.981,-22.169,5,NaN,NaN,1.884
AMT28,20181001,32.829,-22.256,5,NaN,NaN,1.818
AMT28,20181001,32.656,-22.343,5,NaN,NaN,1.868
AMT28,20181001,32.524,-22.41,5,NaN,NaN,1.816
AMT28,20181001,32.387,-22.48,5,NaN,NaN,2.022
AMT28,20181001,32.2,-22.575,5,NaN,NaN,1.99
AMT28,20181001,32.043,-22.657,5,NaN,NaN,2.208
AMT28,20181001,31.857,-22.71,5,NaN,NaN,1.675
AMT28,20181001,31.825,-22.741,5,NaN,NaN,1.827
AMT28,20181001,31.631,-22.856,5,NaN,NaN,2.005
AMT28,20181001,31.487,-22.947,5,NaN,NaN,2.165
AMT28,20181001,31.322,-23.023,5,NaN,NaN,2.38
AMT28,20181001,31.16,-23.102,5,NaN,NaN,2.768
AMT28,20181001,30.991,-23.187,5,NaN,NaN,2.21
AMT28,20181001,30.806,-23.279,5,NaN,NaN,1.994
AMT28,20181001,30.62,-23.372,5,NaN,NaN,2.148
AMT28,20181001,30.448,-23.457,5,NaN,NaN,1.738
AMT28,20181002,30.27,-23.545,5,NaN,NaN,1.986
AMT28,20181002,30.068,-23.647,5,NaN,NaN,1.946
AMT28,20181002,29.916,-23.72,5,NaN,NaN,2.01
AMT28,20181002,29.731,-23.811,5,NaN,NaN,2.108
AMT28,20181002,29.521,-23.916,5,NaN,NaN,1.986
AMT28,20181002,29.488,-23.932,5,NaN,NaN,1.742
AMT28,20181002,29.389,-23.981,5,NaN,NaN,1.504
AMT28,20181002,29.215,-24.066,5,NaN,NaN,1.486
AMT28,20181002,29.043,-24.15,5,NaN,NaN,1.847
AMT28,20181002,28.86,-24.239,5,NaN,NaN,1.713
AMT28,20181002,28.71,-24.312,5,NaN,NaN,1.625
AMT28,20181002,28.609,-24.361,5,NaN,NaN,1.538
AMT28,20181002,28.586,-24.368,5,NaN,NaN,1.588
AMT28,20181002,28.423,-24.448,5,NaN,NaN,1.762
AMT28,20181002,28.241,-24.538,5,NaN,NaN,1.692
AMT28,20181002,28.111,-24.596,5,NaN,NaN,1.797
AMT28,20181002,27.974,-24.666,5,NaN,NaN,2.347
AMT28,20181002,27.804,-24.753,5,NaN,NaN,2.042
AMT28,20181002,27.657,-24.825,5,NaN,NaN,2.082
AMT28,20181002,27.48,-24.909,5,NaN,NaN,2.195
AMT28,20181002,27.315,-24.989,5,NaN,NaN,2.242
AMT28,20181002,27.118,-25.082,5,NaN,NaN,2.32
AMT28,20181003,26.976,-25.154,5,NaN,NaN,1.86
AMT28,20181003,26.808,-25.24,5,NaN,NaN,1.987
AMT28,20181003,26.636,-25.318,5,NaN,NaN,2.507
AMT28,20181003,26.441,-25.408,5,NaN,NaN,2.212
AMT28,20181003,26.22,-25.512,5,NaN,NaN,1.727
AMT28,20181003,26.204,-25.521,5,NaN,NaN,1.923
AMT28,20181003,26.061,-25.592,5,NaN,NaN,1.93
AMT28,20181003,25.938,-25.649,5,NaN,NaN,1.975
AMT28,20181003,25.736,-25.742,5,NaN,NaN,1.803
AMT28,20181003,25.56,-25.831,5,NaN,NaN,1.698
AMT28,20181003,25.347,-25.933,5,NaN,NaN,1.645
AMT28,20181003,25.289,-25.954,5,NaN,NaN,1.933
AMT28,20181003,25.179,-26.006,5,NaN,NaN,1.64
AMT28,20181003,25.059,-26.055,5,NaN,NaN,2.267
AMT28,20181003,24.91,-26.117,5,NaN,NaN,2.058
AMT28,20181003,24.703,-26.234,5,NaN,NaN,1.675
AMT28,20181003,24.518,-26.321,5,NaN,NaN,1.898
AMT28,20181003,24.406,-26.373,5,NaN,NaN,2.542
AMT28,20181003,24.19,-26.474,5,NaN,NaN,2.432
AMT28,20181003,24.016,-26.556,5,NaN,NaN,2.842
AMT28,20181003,23.858,-26.637,5,NaN,NaN,2.605
AMT28,20181003,23.659,-26.723,5,NaN,NaN,2.158
AMT28,20181003,23.502,-26.792,5,NaN,NaN,2.175
AMT28,20181004,23.345,-26.869,5,NaN,NaN,2.232
AMT28,20181004,23.183,-26.946,5,NaN,NaN,2.598
AMT28,20181004,23.004,-27.029,5,NaN,NaN,2.667
AMT28,20181004,22.846,-27.104,5,NaN,NaN,2.702
AMT28,20181004,22.628,-27.202,5,NaN,NaN,2.207
AMT28,20181004,22.6,-27.213,5,NaN,NaN,2.317
AMT28,20181004,22.542,-27.229,5,NaN,NaN,2.42
AMT28,20181004,22.214,-27.394,5,NaN,NaN,2.212
AMT28,20181004,22.542,-27.229,5,NaN,NaN,1.868
AMT28,20181004,22.043,-27.474,5,NaN,NaN,2.055
AMT28,20181004,21.878,-27.551,5,NaN,NaN,2.193
AMT28,20181004,21.711,-27.626,5,NaN,NaN,1.94
AMT28,20181004,21.549,-27.703,5,NaN,NaN,2.503
AMT28,20181004,21.446,-27.74,5,NaN,NaN,2.292
AMT28,20181004,21.274,-27.816,5,NaN,NaN,2.345
AMT28,20181004,21.12,-27.894,5,NaN,NaN,2.34
AMT28,20181004,20.936,-27.983,5,NaN,NaN,2.133
AMT28,20181004,20.82,-28.033,5,NaN,NaN,2.265
AMT28,20181004,20.619,-28.128,5,NaN,NaN,2.468
AMT28,20181004,20.447,-28.206,5,NaN,NaN,2.412
AMT28,20181004,20.286,-28.28,5,NaN,NaN,2.115
AMT28,20181004,20.106,-28.359,5,NaN,NaN,2.035
AMT28,20181004,19.957,-28.43,5,NaN,NaN,2.52
AMT28,20181005,19.797,-28.503,5,NaN,NaN,2.098
AMT28,20181005,19.618,-28.581,5,NaN,NaN,2.217
AMT28,20181005,19.438,-28.664,5,NaN,NaN,1.687
AMT28,20181005,19.277,-28.745,5,NaN,NaN,2.252
AMT28,20181005,19.087,-28.817,5,NaN,NaN,1.957
AMT28,20181005,19.078,-28.817,5,NaN,NaN,1.773
AMT28,20181005,18.998,-28.818,5,NaN,NaN,1.972
AMT28,20181005,18.873,-28.832,5,NaN,NaN,1.985
AMT28,20181005,18.658,-28.855,5,NaN,NaN,1.63
AMT28,20181005,18.484,-28.873,5,NaN,NaN,1.895
AMT28,20181005,18.456,-28.876,5,NaN,NaN,1.683
AMT28,20181005,18.134,-28.901,5,NaN,NaN,1.95
AMT28,20181005,17.844,-28.926,5,NaN,NaN,1.783
AMT28,20181005,17.742,-28.93,5,NaN,NaN,1.788
AMT28,20181005,17.586,-28.987,5,NaN,NaN,2.242
AMT28,20181005,17.377,-28.997,5,NaN,NaN,2.297
AMT28,20181005,17.18,-28.995,5,NaN,NaN,2.573
AMT28,20181005,17.034,-28.992,5,NaN,NaN,3.953
AMT28,20181005,16.84,-28.989,5,NaN,NaN,4.028
AMT28,20181005,16.62,-28.965,5,NaN,NaN,3.715
AMT28,20181005,16.455,-28.944,5,NaN,NaN,3.183
AMT28,20181005,16.236,-28.916,5,NaN,NaN,2.62
AMT28,20181005,16.064,-28.873,5,NaN,NaN,2.426
AMT28,20181006,15.905,-28.834,5,NaN,NaN,2.684
AMT28,20181006,15.705,-28.781,5,NaN,NaN,2.606
AMT28,20181006,15.509,-28.731,5,NaN,NaN,2.108
AMT28,20181006,15.314,-28.683,5,NaN,NaN,2.734
AMT28,20181006,15.086,-28.626,5,NaN,NaN,2.554
AMT28,20181006,15.076,-28.613,5,NaN,NaN,2.536
AMT28,20181006,15.033,-28.599,5,NaN,NaN,2.414
AMT28,20181006,14.85,-28.557,5,NaN,NaN,2.616
AMT28,20181006,14.666,-28.517,5,NaN,NaN,2.562
AMT28,20181006,14.473,-28.468,5,NaN,NaN,2.03
AMT28,20181006,14.274,-28.418,5,NaN,NaN,2.452
AMT28,20181006,14.114,-28.378,5,NaN,NaN,2.282
AMT28,20181006,13.937,-28.32,5,NaN,NaN,2.316
AMT28,20181006,13.812,-28.294,5,NaN,NaN,2.666
AMT28,20181006,13.664,-28.255,5,NaN,NaN,3.048
AMT28,20181006,13.373,-28.192,5,NaN,NaN,3.858
AMT28,20181006,13.249,-28.16,5,NaN,NaN,5.348
AMT28,20181006,13.099,-28.118,5,NaN,NaN,3.854
AMT28,20181006,12.909,-28.074,5,NaN,NaN,4.834
AMT28,20181006,12.717,-28.026,5,NaN,NaN,6.106
AMT28,20181006,12.546,-27.983,5,NaN,NaN,4.604
AMT28,20181006,12.355,-27.937,5,NaN,NaN,4.585
AMT28,20181006,12.169,-27.888,5,NaN,NaN,4.66
AMT28,20181007,11.976,-27.841,5,NaN,NaN,5
AMT28,20181007,11.79,-27.795,5,NaN,NaN,4.515
AMT28,20181007,11.658,-27.761,5,NaN,NaN,4.685
AMT28,20181007,11.567,-27.744,5,NaN,NaN,5.04
AMT28,20181007,11.469,-27.722,5,NaN,NaN,4.41
AMT28,20181007,11.447,-27.709,5,NaN,NaN,4.678
AMT28,20181007,11.352,-27.682,5,NaN,NaN,4.365
AMT28,20181007,11.185,-27.642,5,NaN,NaN,4.743
AMT28,20181007,10.972,-27.59,5,NaN,NaN,3.763
AMT28,20181007,10.813,-27.543,5,NaN,NaN,3.083
AMT28,20181007,10.615,-27.473,5,NaN,NaN,4.403
AMT28,20181007,10.431,-27.409,5,NaN,NaN,3.975
AMT28,20181007,10.231,-27.342,5,NaN,NaN,3.808
AMT28,20181007,10.064,-27.283,5,NaN,NaN,2.578
AMT28,20181007,9.834,-27.216,5,NaN,NaN,3.13
AMT28,20181007,9.595,-27.146,5,NaN,NaN,2.766
AMT28,20181007,9.396,-27.09,5,NaN,NaN,3.23
AMT28,20181007,9.209,-27.039,5,NaN,NaN,3.39
AMT28,20181007,9.239,-27.047,5,NaN,NaN,3.213
AMT28,20181007,8.869,-26.964,5,NaN,NaN,3.637
AMT28,20181007,8.734,-26.936,5,NaN,NaN,2.943
AMT28,20181007,8.528,-26.889,5,NaN,NaN,2.475
AMT28,20181007,8.405,-26.858,5,NaN,NaN,2.377
AMT28,20181008,8.225,-26.807,5,NaN,NaN,2.497
AMT28,20181008,8.058,-26.763,5,NaN,NaN,2.608
AMT28,20181008,7.875,-26.729,5,NaN,NaN,2.34
AMT28,20181008,7.705,-26.694,5,NaN,NaN,2.258
AMT28,20181008,7.504,-26.649,5,NaN,NaN,2.16
AMT28,20181008,7.471,-26.65,5,NaN,NaN,1.993
AMT28,20181008,7.393,-26.627,5,NaN,NaN,2.038
AMT28,20181008,7.246,-26.592,5,NaN,NaN,1.968
AMT28,20181008,7.069,-26.553,5,NaN,NaN,1.925
AMT28,20181008,6.917,-26.52,5,NaN,NaN,2.018
AMT28,20181008,6.733,-26.479,5,NaN,NaN,1.793
AMT28,20181008,6.553,-26.44,5,NaN,NaN,1.883
AMT28,20181008,6.383,-26.403,5,NaN,NaN,2.41
AMT28,20181008,6.256,-26.381,5,NaN,NaN,2.372
AMT28,20181008,6.106,-26.343,5,NaN,NaN,2.642
AMT28,20181008,5.909,-26.295,5,NaN,NaN,2.76
AMT28,20181008,5.753,-26.263,5,NaN,NaN,2.914
AMT28,20181008,5.599,-26.228,5,NaN,NaN,2.888
AMT28,20181008,5.423,-26.19,5,NaN,NaN,3.03
AMT28,20181008,5.245,-26.149,5,NaN,NaN,3.018
AMT28,20181008,5.07,-26.113,5,NaN,NaN,3
AMT28,20181008,4.892,-26.073,5,NaN,NaN,2.72
AMT28,20181008,4.73,-26.039,5,NaN,NaN,2.758
AMT28,20181009,4.56,-26.001,5,NaN,NaN,2.958
AMT28,20181009,4.393,-25.963,5,NaN,NaN,2.513
AMT28,20181009,4.224,-25.926,5,NaN,NaN,2.935
AMT28,20181009,4.028,-25.883,5,NaN,NaN,2.3
AMT28,20181009,3.832,-25.84,5,NaN,NaN,2.208
AMT28,20181009,3.808,-25.836,5,NaN,NaN,2.373
AMT28,20181009,3.733,-25.819,5,NaN,NaN,2.82
AMT28,20181009,3.594,-25.788,5,NaN,NaN,1.972
AMT28,20181009,3.507,-25.769,5,NaN,NaN,2.546
AMT28,20181010,0.002,-24.993,5,NaN,NaN,2.358
AMT28,20181010,-0.067,-24.995,5,NaN,NaN,2.092
AMT28,20181010,-0.21,-24.998,5,NaN,NaN,2.264
AMT28,20181010,-0.406,-24.998,5,NaN,NaN,1.718
AMT28,20181010,-0.557,-24.997,5,NaN,NaN,1.99
AMT28,20181010,-0.711,-24.996,5,NaN,NaN,2.106
AMT28,20181010,-0.872,-24.996,5,NaN,NaN,2.524
AMT28,20181010,-1.074,-24.995,5,NaN,NaN,2.298
AMT28,20181010,-1.15,-24.982,5,NaN,NaN,2.206
AMT28,20181010,-1.293,-24.983,5,NaN,NaN,1.87
AMT28,20181010,-1.461,-24.99,5,NaN,NaN,1.814
AMT28,20181010,-1.663,-24.992,5,NaN,NaN,1.938
AMT28,20181010,-1.832,-24.99,5,NaN,NaN,1.944
AMT28,20181010,-1.972,-24.99,5,NaN,NaN,1.956
AMT28,20181010,-2.173,-24.989,5,NaN,NaN,2.196
AMT28,20181010,-2.331,-24.988,5,NaN,NaN,1.925
AMT28,20181010,-2.528,-24.987,5,NaN,NaN,1.837
AMT28,20181010,-2.71,-24.986,5,NaN,NaN,1.912
AMT28,20181011,-2.889,-24.986,5,NaN,NaN,1.822
AMT28,20181011,-3.07,-24.985,5,NaN,NaN,2.057
AMT28,20181011,-3.271,-24.982,5,NaN,NaN,2.062
AMT28,20181011,-3.453,-24.986,5,NaN,NaN,2.17
AMT28,20181011,-3.653,-24.986,5,NaN,NaN,2.003
AMT28,20181011,-3.689,-24.98,5,NaN,NaN,2.09
AMT28,20181011,-3.781,-24.98,5,NaN,NaN,2.478
AMT28,20181011,-3.963,-24.983,5,NaN,NaN,NaN
AMT28,20181011,-4.149,-24.982,5,NaN,NaN,1.722
AMT28,20181011,-4.308,-24.982,5,NaN,NaN,1.828
AMT28,20181011,-4.487,-24.98,5,NaN,NaN,1.865
AMT28,20181011,-4.654,-24.979,5,NaN,NaN,2.112
AMT28,20181011,-4.865,-24.977,5,NaN,NaN,1.642
AMT28,20181011,-4.985,-24.973,5,NaN,NaN,1.825
AMT28,20181011,-5.141,-24.971,5,NaN,NaN,1.457
AMT28,20181011,-5.339,-24.972,5,NaN,NaN,1.96
AMT28,20181011,-5.517,-24.971,5,NaN,NaN,2.037
AMT28,20181011,-5.661,-24.97,5,NaN,NaN,1.982
AMT28,20181011,-5.86,-24.969,5,NaN,NaN,1.817
AMT28,20181011,-6.044,-24.968,5,NaN,NaN,2.258
AMT28,20181011,-6.221,-24.967,5,NaN,NaN,1.752
AMT28,20181011,-6.405,-24.969,5,NaN,NaN,1.845
AMT28,20181011,-6.579,-24.968,5,NaN,NaN,1.732
AMT28,20181012,-6.762,-24.966,5,NaN,NaN,1.753
AMT28,20181012,-6.941,-24.964,5,NaN,NaN,1.627
AMT28,20181012,-7.12,-24.962,5,NaN,NaN,1.88
AMT28,20181012,-7.296,-24.962,5,NaN,NaN,1.467
AMT28,20181012,-7.5,-24.96,5,NaN,NaN,1.663
AMT28,20181012,-7.549,-24.959,5,NaN,NaN,1.81
AMT28,20181012,-7.598,-24.958,5,NaN,NaN,1.67
AMT28,20181012,-7.801,-24.959,5,NaN,NaN,1.468
AMT28,20181012,-7.968,-24.959,5,NaN,NaN,1.322
AMT28,20181012,-8.137,-24.957,5,NaN,NaN,1.343
AMT28,20181012,-8.329,-24.956,5,NaN,NaN,1.277
AMT28,20181012,-8.446,-24.956,5,NaN,NaN,NaN
AMT28,20181012,-8.665,-24.954,5,NaN,NaN,1.477
AMT28,20181012,-8.763,-24.948,5,NaN,NaN,1.398
AMT28,20181012,-8.907,-24.946,5,NaN,NaN,1.48
AMT28,20181012,-9.077,-24.952,5,NaN,NaN,1.46
AMT28,20181012,-9.257,-24.952,5,NaN,NaN,1.887
AMT28,20181012,-9.397,-24.949,5,NaN,NaN,2.023
AMT28,20181012,-9.582,-24.948,5,NaN,NaN,1.827
AMT28,20181012,-9.765,-24.947,5,NaN,NaN,1.665
AMT28,20181012,-9.974,-24.945,5,NaN,NaN,1.697
AMT28,20181012,-10.143,-24.944,5,NaN,NaN,1.698
AMT28,20181012,-10.323,-24.942,5,NaN,NaN,1.735
AMT28,20181013,-10.487,-24.942,5,NaN,NaN,1.888
AMT28,20181013,-10.653,-24.943,5,NaN,NaN,1.943
AMT28,20181013,-10.813,-24.939,5,NaN,NaN,1.762
AMT28,20181013,-10.996,-24.938,5,NaN,NaN,1.705
AMT28,20181013,-11.223,-24.938,5,NaN,NaN,1.677
AMT28,20181013,-11.262,-24.939,5,NaN,NaN,1.518
AMT28,20181013,-11.355,-24.933,5,NaN,NaN,1.462
AMT28,20181013,-11.537,-24.936,5,NaN,NaN,1.575
AMT28,20181013,-11.691,-24.934,5,NaN,NaN,1.277
AMT28,20181013,-11.877,-24.933,5,NaN,NaN,1.708
AMT28,20181013,-12.028,-24.932,5,NaN,NaN,1.537
AMT28,20181013,-12.083,-24.93,5,NaN,NaN,1.525
AMT28,20181013,-12.102,-24.928,5,NaN,NaN,1.652
AMT28,20181013,-12.304,-24.94,5,NaN,NaN,1.692
AMT28,20181013,-12.491,-24.98,5,NaN,NaN,1.535
AMT28,20181013,-12.177,-24.97,5,NaN,NaN,1.667
AMT28,20181013,-12.823,-24.958,5,NaN,NaN,1.535
AMT28,20181013,-13.026,-24.95,5,NaN,NaN,1.432
AMT28,20181013,-13.218,-24.955,5,NaN,NaN,1.493
AMT28,20181013,-13.414,-24.96,5,NaN,NaN,1.62
AMT28,20181013,-13.603,-24.964,5,NaN,NaN,1.575
AMT28,20181013,-13.783,-24.967,5,NaN,NaN,1.495
AMT28,20181014,-13.969,-24.971,5,NaN,NaN,1.398
AMT28,20181014,-14.145,-24.977,5,NaN,NaN,1.38
AMT28,20181014,-14.339,-24.979,5,NaN,NaN,1.797
AMT28,20181014,-14.541,-24.984,5,NaN,NaN,1.44
AMT28,20181014,-14.75,-24.989,5,NaN,NaN,1.355
AMT28,20181014,-14.779,-24.986,5,NaN,NaN,1.7
AMT28,20181014,-14.878,-24.989,5,NaN,NaN,1.645
AMT28,20181014,-15.065,-24.997,5,NaN,NaN,1.527
AMT28,20181014,-15.279,-25.003,5,NaN,NaN,1.277
AMT28,20181014,-15.422,-25.997,5,NaN,NaN,1.307
AMT28,20181014,-15.564,-25.003,5,NaN,NaN,1.458
AMT28,20181014,-15.716,-25.014,5,NaN,NaN,1.375
AMT28,20181014,-15.913,-25.023,5,NaN,NaN,1.473
AMT28,20181014,-16.032,-25.024,5,NaN,NaN,1.463
AMT28,20181014,-16.197,-25.031,5,NaN,NaN,1.095
AMT28,20181014,-16.36,-25.042,5,NaN,NaN,1.273
AMT28,20181014,-16.502,-25.043,5,NaN,NaN,1.192
AMT28,20181014,-16.655,-25.047,5,NaN,NaN,1.412
AMT28,20181014,-16.826,-25.052,5,NaN,NaN,1.433
AMT28,20181014,-17.988,-25.056,5,NaN,NaN,78.106
AMT28,20181014,-17.143,-25.06,5,NaN,NaN,1.339
AMT28,20181014,-17.322,-25.066,5,NaN,NaN,1.099
AMT28,20181014,-17.471,-25.069,5,NaN,NaN,1.323
AMT28,20181015,-17.639,-25.072,5,NaN,NaN,1.291
AMT28,20181015,-17.816,-25.078,5,NaN,NaN,1.331
AMT28,20181015,-17.955,-25.083,5,NaN,NaN,1.379
AMT28,20181015,-18.129,-25.086,5,NaN,NaN,1.323
AMT28,20181015,-18.279,-25.091,5,NaN,NaN,1.188
AMT28,20181015,-18.339,-25.087,5,NaN,NaN,1.373
AMT28,20181015,-18.436,-25.089,5,NaN,NaN,1.171
AMT28,20181015,-18.551,-25.09,5,NaN,NaN,1.15
AMT28,20181015,-18.553,-25.09,5,NaN,NaN,1.323
AMT28,20181015,-18.539,-25.092,5,NaN,NaN,1.043
AMT28,20181015,-18.5585,-25.089,5,NaN,NaN,NaN
AMT28,20181015,-18.578,-25.086,5,NaN,NaN,1.393
AMT28,20181015,-18.573,-25.085,5,NaN,NaN,1.269
AMT28,20181015,-18.547,-25.08,5,NaN,NaN,1.437
AMT28,20181015,-18.544,-25.08,5,NaN,NaN,1.304
AMT28,20181015,-18.613,-25.085,5,NaN,NaN,1.174
AMT28,20181015,-18.798,-25.084,5,NaN,NaN,1.264
AMT28,20181015,-18.951,-25.084,5,NaN,NaN,1.37
AMT28,20181015,-19.152,-25.085,5,NaN,NaN,1.228
AMT28,20181015,-19.341,-25.084,5,NaN,NaN,1.314
AMT28,20181015,-19.473,-25.083,5,NaN,NaN,1.359
AMT28,20181016,-19.643,-25.078,5,NaN,NaN,1.338
AMT28,20181016,-19.81,-25.075,5,NaN,NaN,1.246
AMT28,20181016,-19.975,-25.073,5,NaN,NaN,1.503
AMT28,20181016,-20.152,-25.069,5,NaN,NaN,1.17
AMT28,20181016,-20.373,-25.066,5,NaN,NaN,1.386
AMT28,20181016,-20.38,-25.059,5,NaN,NaN,1.175
AMT28,20181016,-20.433,-25.064,5,NaN,NaN,1.088
AMT28,20181016,-20.617,-25.061,5,NaN,NaN,1.3
AMT28,20181016,-20.97,-25.058,5,NaN,NaN,1.29
AMT28,20181016,-20.792,-25.055,5,NaN,NaN,1.245
AMT28,20181016,-21.131,-25.051,5,NaN,NaN,1.278
AMT28,20181016,-21.49,-25.046,5,NaN,NaN,1.195
AMT28,20181016,-21.609,-25.048,5,NaN,NaN,1.558
AMT28,20181016,-21.737,-25.044,5,NaN,NaN,1.189
AMT28,20181016,-21.938,-25.036,5,NaN,NaN,1.444
AMT28,20181016,-22.086,-25.118,5,NaN,NaN,1.261
AMT28,20181016,-22.231,-25.032,5,NaN,NaN,1.358
AMT28,20181016,-22.41,-25.129,5,NaN,NaN,1.486
AMT28,20181016,-22.584,-25.026,5,NaN,NaN,1.563
AMT28,20181016,-22.807,-25.123,5,NaN,NaN,1.386
AMT28,20181016,-22.956,-25.017,5,NaN,NaN,1.301
AMT28,20181016,-23.148,-25.016,5,NaN,NaN,1.271
AMT28,20181017,-23.338,-25.013,5,NaN,NaN,1.35
AMT28,20181017,-23.496,-25.009,5,NaN,NaN,1.39
AMT28,20181017,-23.625,-25.006,5,NaN,NaN,0.931
AMT28,20181017,-23.791,-25.003,5,NaN,NaN,1.465
AMT28,20181017,-23.978,-25,5,NaN,NaN,1.376
AMT28,20181017,-24,-25,5,NaN,NaN,1.404
AMT28,20181017,-24.068,-25.064,5,NaN,NaN,1.394
AMT28,20181017,-24.199,-25.191,5,NaN,NaN,1.261
AMT28,20181017,-24.332,-25.334,5,NaN,NaN,1.371
AMT28,20181017,-24.462,-25.463,5,NaN,NaN,1.454
AMT28,20181017,-24.584,-25.598,5,NaN,NaN,1.538
AMT28,20181017,-24.814,-25.821,5,NaN,NaN,1.654
AMT28,20181017,-24.906,-25.903,5,NaN,NaN,1.526
AMT28,20181017,-25.005,-26.007,5,NaN,NaN,1.647
AMT28,20181017,-25.128,-26.143,5,NaN,NaN,1.594
AMT28,20181017,-25.26,-26.27,5,NaN,NaN,1.637
AMT28,20181017,-25.378,-26.389,5,NaN,NaN,1.436
AMT28,20181017,-25.427,-26.464,5,NaN,NaN,1.461
AMT28,20181017,-25.541,-26.579,5,NaN,NaN,1.934
AMT28,20181017,-25.684,-26.716,5,NaN,NaN,1.75
AMT28,20181017,-25.802,-26.822,5,NaN,NaN,1.683
AMT28,20181017,-25.937,-981.583,5,NaN,NaN,1.797
AMT28,20181018,-26.083,-27.107,5,NaN,NaN,1.611
AMT28,20181018,-26.239,-27.255,5,NaN,NaN,1.614
AMT28,20181018,-26.354,-27.354,5,NaN,NaN,1.561
AMT28,20181018,-26.489,-27.489,5,NaN,NaN,1.587
AMT28,20181018,-26.623,-27.623,5,NaN,NaN,1.381
AMT28,20181018,-26.655,-27.655,5,NaN,NaN,1.8
AMT28,20181018,-26.671,-27.671,5,NaN,NaN,1.476
AMT28,20181018,-26.819,-27.819,5,NaN,NaN,1.369
AMT28,20181018,-26.981,-27.981,5,NaN,NaN,1.447
AMT28,20181018,-27.103,-27.103,5,NaN,NaN,1.307
AMT28,20181018,-27.242,-28.242,5,NaN,NaN,1.38
AMT28,20181018,-27.25,-28.25,5,NaN,NaN,1.387
AMT28,20181018,-27.253,-28.253,5,NaN,NaN,1.113
AMT28,20181018,-27.411,-28.411,5,NaN,NaN,1.394
AMT28,20181018,-27.549,-28.549,5,NaN,NaN,1.206
AMT28,20181018,-27.63,-28.63,5,NaN,NaN,1.517
AMT28,20181018,-27.762,-28.762,5,NaN,NaN,1.343
AMT28,20181018,-27.873,-28.873,5,NaN,NaN,1.839
AMT28,20181018,-27.01,-29.01,5,NaN,NaN,1.85
AMT28,20181018,-28.134,-29.134,5,NaN,NaN,1.65
AMT28,20181018,-28.193,-29.263,5,NaN,NaN,1.841
AMT28,20181018,-28.32,-29.396,5,NaN,NaN,1.676
AMT28,20181018,-28.446,-29.527,5,NaN,NaN,1.544
AMT28,20181019,-28.564,-29.649,5,NaN,NaN,1.777
AMT28,20181019,-28.698,-29.788,5,NaN,NaN,1.574
AMT28,20181019,-28.822,-29.916,5,NaN,NaN,1.653
AMT28,20181019,-28.94,-30.035,5,NaN,NaN,1.587
AMT28,20181019,-29.105,-30.205,5,NaN,NaN,1.543
AMT28,20181019,-29.128,-30.223,5,NaN,NaN,1.619
AMT28,20181019,-29.195,-30.302,5,NaN,NaN,1.61
AMT28,20181019,-29.305,-30.418,5,NaN,NaN,1.427
AMT28,20181019,-29.426,-30.544,5,NaN,NaN,1.401
AMT28,20181019,-29.568,-30.681,5,NaN,NaN,NaN
AMT28,20181019,-29.672,-30.781,5,NaN,NaN,1.573
AMT28,20181019,-29.916,-31.047,5,NaN,NaN,1.81
AMT28,20181019,-30.006,-31.15,5,NaN,NaN,1.86
AMT28,20181019,-30.121,-31.272,5,NaN,NaN,1.946
AMT28,20181019,-30.263,-31.415,5,NaN,NaN,1.79
AMT28,20181019,-30.388,-31.554,5,NaN,NaN,1.759
AMT28,20181019,-30.485,-31.66,5,NaN,NaN,1.711
AMT28,20181019,-30.628,-31.81,5,NaN,NaN,1.739
AMT28,20181019,-30.755,-31.945,5,NaN,NaN,1.487
AMT28,20181019,-30.889,-32.086,5,NaN,NaN,1.827
AMT28,20181019,-30.977,-32.187,5,NaN,NaN,1.621
AMT28,20181019,-31.109,-32.327,5,NaN,NaN,1.776
AMT28,20181020,-31.191,-32.415,5,NaN,NaN,1.517
AMT28,20181020,-31.305,-32.541,5,NaN,NaN,1.633
AMT28,20181020,-31.404,-32.639,5,NaN,NaN,1.84
AMT28,20181020,-31.513,-32.754,5,NaN,NaN,1.827
AMT28,20181020,-31.598,-32.847,5,NaN,NaN,1.887
AMT28,20181020,-31.614,-32.888,5,NaN,NaN,1.731
AMT28,20181020,-31.608,-32.892,5,NaN,NaN,1.989
AMT28,20181020,-31.699,-32.975,5,NaN,NaN,1.86
AMT28,20181020,-31.808,-33.072,5,NaN,NaN,1.801
AMT28,20181020,-31.922,-33.187,5,NaN,NaN,1.774
AMT28,20181020,-32.038,-33.318,5,NaN,NaN,1.539
AMT28,20181020,-32.278,-33.576,5,NaN,NaN,1.83
AMT28,20181020,-32.373,-33.674,5,NaN,NaN,1.698
AMT28,20181020,-32.375,-33.675,5,NaN,NaN,1.415
AMT28,20181020,-32.45,-33.757,5,NaN,NaN,1.807
AMT28,20181020,-32.556,-33.876,5,NaN,NaN,1.757
AMT28,20181020,-32.67,-34.001,5,NaN,NaN,1.81
AMT28,20181020,-32.814,-34.156,5,NaN,NaN,2.263
AMT28,20181020,-32.85,-34.193,5,NaN,NaN,1.902
AMT28,20181020,-33.05,-34.413,5,NaN,NaN,1.752
AMT28,20181020,-33.156,-34.526,5,NaN,NaN,1.908
AMT28,20181020,-33.263,-34.646,5,NaN,NaN,2.917
AMT28,20181021,-33.379,-34.769,5,NaN,NaN,2.212
AMT28,20181021,-33.496,-34.89,5,NaN,NaN,1.702
AMT28,20181021,-33.603,-35.009,5,NaN,NaN,1.9
AMT28,20181021,-33.689,-35.109,5,NaN,NaN,1.838
AMT28,20181021,-33.808,-35.239,5,NaN,NaN,1.772
AMT28,20181021,-33.829,-35.266,5,NaN,NaN,2.162
AMT28,20181021,-33.851,-35.287,5,NaN,NaN,2.473
AMT28,20181021,-33.956,-35.404,5,NaN,NaN,1.965
AMT28,20181021,-34.063,-35.522,5,NaN,NaN,2.198
AMT28,20181021,-34.17,-35.639,5,NaN,NaN,2.303
AMT28,20181021,-34.268,-35.748,5,NaN,NaN,2.36
AMT28,20181021,-34.497,-36.003,5,NaN,NaN,2.302
AMT28,20181021,-34.581,-36.091,5,NaN,NaN,2.44
AMT28,20181021,-34.585,-36.092,5,NaN,NaN,2.986
AMT28,20181021,-34.705,-36.225,5,NaN,NaN,2.37
AMT28,20181021,-34.829,-36.369,5,NaN,NaN,2.474
AMT28,20181021,-34.918,-36.467,5,NaN,NaN,2.306
AMT28,20181021,-34.06,-36.627,5,NaN,NaN,2.344
AMT28,20181021,-35.176,-36.755,5,NaN,NaN,3.002
AMT28,20181021,-35.3,-36.893,5,NaN,NaN,2.962
AMT28,20181021,-35.404,-37.009,5,NaN,NaN,2.76
AMT28,20181021,-35.52,-37.142,5,NaN,NaN,2.706
AMT28,20181022,-35.638,-37.265,5,NaN,NaN,2.686
AMT28,20181022,-35.759,-37.402,5,NaN,NaN,3.246
AMT28,20181022,-35.88,-37.54,5,NaN,NaN,4.972
AMT28,20181022,-36.018,-37.7,5,NaN,NaN,6.074
AMT28,20181022,-36.144,-37.843,5,NaN,NaN,4.726
AMT28,20181022,-36.167,-37.866,5,NaN,NaN,3.468
AMT28,20181022,-36.202,-37.907,5,NaN,NaN,4.042
AMT28,20181022,-36.334,-38.059,5,NaN,NaN,3.998
AMT28,20181022,-36.449,-38.184,5,NaN,NaN,3.74
AMT28,20181022,-36.564,-38.32,5,NaN,NaN,3.85
AMT28,20181022,-36.688,-38.461,5,NaN,NaN,3.214
AMT28,20181022,-36.927,-38.728,5,NaN,NaN,3.328
AMT28,20181022,-37.012,-38.835,5,NaN,NaN,4.436
AMT28,20181022,-37.083,-38.905,5,NaN,NaN,3.525
AMT28,20181022,-37.188,-39.036,5,NaN,NaN,6.768
AMT28,20181022,-37.326,-39.188,5,NaN,NaN,3.433
AMT28,20181022,-37.41,-39.287,5,NaN,NaN,4.15
AMT28,20181022,-37.55,-39.448,5,NaN,NaN,7.58
AMT28,20181022,-37.681,-39.598,5,NaN,NaN,7.453
AMT28,20181022,-37.782,-39.717,5,NaN,NaN,4.357
AMT28,20181022,-37.9,-39.85,5,NaN,NaN,4.14
AMT28,20181022,-38.012,-39.98,5,NaN,NaN,4.507
AMT28,20181023,-38.132,-40.119,5,NaN,NaN,5.703
AMT28,20181023,-38.252,-40.258,5,NaN,NaN,7.227
AMT28,20181023,-38.349,-40.373,5,NaN,NaN,7.923
AMT28,20181023,-38.467,-40.508,5,NaN,NaN,7.45
AMT28,20181023,-38.57,-40.629,5,NaN,NaN,7.147
AMT28,20181023,-38.584,-40.654,5,NaN,NaN,5.153
AMT28,20181023,-38.609,-40.687,5,NaN,NaN,4.693
AMT28,20181023,-38.723,-40.81,5,NaN,NaN,6.373
AMT28,20181023,-38.839,-40.942,5,NaN,NaN,6.587
AMT28,20181023,-39.538,-41.068,5,NaN,NaN,5.333
AMT28,20181023,-39.028,-41.163,5,NaN,NaN,7.757
AMT28,20181023,-39.106,-41.282,5,NaN,NaN,9.51
AMT28,20181023,-39.167,-41.396,5,NaN,NaN,9.807
AMT28,20181023,-39.209,-41.475,5,NaN,NaN,7.823
AMT28,20181023,-39.21,-41.475,5,NaN,NaN,8.247
AMT28,20181023,-39.278,-41.566,5,NaN,NaN,7.463
AMT28,20181023,-39.389,-41.703,5,NaN,NaN,7.827
AMT28,20181023,-39.472,-41.803,5,NaN,NaN,7.34
AMT28,20181023,-39.57,-41.923,5,NaN,NaN,6.477
AMT28,20181023,-39.664,-42.041,5,NaN,NaN,7.903
AMT28,20181023,-39.759,-42.158,5,NaN,NaN,7.773
AMT28,20181023,-39.855,-42.273,5,NaN,NaN,7.233
AMT28,20181023,-39.957,-42.398,5,NaN,NaN,7.17
AMT28,20181024,-40.06,-42.51,5,NaN,NaN,7.183
AMT28,20181024,-40.158,-42.636,5,NaN,NaN,6.56
AMT28,20181024,-40.269,-42.775,5,NaN,NaN,6.533
AMT28,20181024,-40.373,-42.903,5,NaN,NaN,7.51
AMT28,20181024,-40.492,-42.079,5,NaN,NaN,7.127
AMT28,20181024,-40.52,-43.082,5,NaN,NaN,6.657
AMT28,20181024,-40.565,-43.133,5,NaN,NaN,6.687
AMT28,20181024,-40.65,-43.23,5,NaN,NaN,5.65
AMT28,20181024,-40.796,-43.389,5,NaN,NaN,4.637
AMT28,20181024,-40.916,-43.52,5,NaN,NaN,4.543
AMT28,20181024,-41.02,-43.632,5,NaN,NaN,4.563
AMT28,20181024,-41.146,-43.77,5,NaN,NaN,4.677
AMT28,20181024,-41.289,-43.927,5,NaN,NaN,4.64
AMT28,20181024,-41.37,-44.013,5,NaN,NaN,4.64
AMT28,20181024,-41.371,-44.014,5,NaN,NaN,4.787
AMT28,20181024,-41.481,-44.145,5,NaN,NaN,5.32
AMT28,20181024,-41.599,-44.282,5,NaN,NaN,5.583
AMT28,20181024,-41.719,-44.426,5,NaN,NaN,5.473
AMT28,20181024,-41.843,-44.573,5,NaN,NaN,5.393
AMT28,20181024,-41.993,-44.75,5,NaN,NaN,6.26
AMT28,20181024,-42.068,-44.832,5,NaN,NaN,5.985
AMT28,20181024,-42.184,-44.953,5,NaN,NaN,7.008
AMT28,20181024,-42.306,-45.104,5,NaN,NaN,6.533
AMT28,20181025,-42.418,-45.243,5,NaN,NaN,7.355
AMT28,20181025,-42.526,-45.377,5,NaN,NaN,6.54
AMT28,20181025,-42.636,-45.519,5,NaN,NaN,6.035
AMT28,20181025,-42.754,-45.662,5,NaN,NaN,3.623
AMT28,20181025,-42.871,-45.805,5,NaN,NaN,5.828
AMT28,20181025,-42.974,-45.939,5,NaN,NaN,4.48
AMT28,20181025,-43.005,-45.982,5,NaN,NaN,6.018
AMT28,20181025,-43.019,-46.006,5,NaN,NaN,5.065
AMT28,20181025,-43.135,-46.136,5,NaN,NaN,5.263
AMT28,20181025,-43.268,-46.305,5,NaN,NaN,3.788
AMT28,20181025,-43.358,-46.418,5,NaN,NaN,5.623
AMT28,20181025,-43.464,-46.551,5,NaN,NaN,6.463
AMT28,20181025,-43.596,-46.713,5,NaN,NaN,6.003
AMT28,20181025,-43.699,-46.839,5,NaN,NaN,6.06
AMT28,20181025,-43.791,-46.955,5,NaN,NaN,5.39
AMT28,20181025,-43.853,-47.035,5,NaN,NaN,5.598
AMT28,20181025,-43.966,-47.181,5,NaN,NaN,4.99
AMT28,20181025,-44.079,-47.328,5,NaN,NaN,5.365
AMT28,20181025,-44.175,-47.447,5,NaN,NaN,5.098
AMT28,20181025,-44.282,-47.589,5,NaN,NaN,6.273
AMT28,20181025,-44.393,-47.729,5,NaN,NaN,5.25
AMT28,20181025,-44.489,-47.851,5,NaN,NaN,6.473
AMT28,20181025,-44.593,-47.984,5,NaN,NaN,5.86
AMT28,20181025,-44.696,-48.116,5,NaN,NaN,5.095
AMT28,20181026,-44.806,-48.263,5,NaN,NaN,4.658
AMT28,20181026,-44.921,-48.404,5,NaN,NaN,4.698
AMT28,20181026,-45.024,-48.541,5,NaN,NaN,4.985
AMT28,20181026,-45.118,-48.662,5,NaN,NaN,4.563
AMT28,20181026,-45.231,-48.812,5,NaN,NaN,5.29
AMT28,20181026,-45.297,-48.896,5,NaN,NaN,4.418
AMT28,20181026,-45.345,-48.956,5,NaN,NaN,4.71
AMT28,20181026,-45.456,-48.101,5,NaN,NaN,4.255
AMT28,20181026,-45.47,-49.118,5,NaN,NaN,3.953
AMT28,20181026,-45.606,-49.443,5,NaN,NaN,5.28
AMT28,20181026,-45.711,-49.562,5,NaN,NaN,4.063
AMT28,20181026,-45.833,-49.701,5,NaN,NaN,5.08
AMT28,20181026,-45.931,-49.792,5,NaN,NaN,5.273
AMT28,20181026,-46.018,-49.872,5,NaN,NaN,5.908
AMT28,20181026,-46.094,-49.958,5,NaN,NaN,6.497
AMT28,20181026,-46.199,-50.079,5,NaN,NaN,6.447
AMT28,20181026,-46.302,-50.191,5,NaN,NaN,6.943
AMT28,20181026,-46.394,-50.29,5,NaN,NaN,6.023
AMT28,20181026,-46.516,-50.426,5,NaN,NaN,6.18
AMT28,20181026,-46.634,-50.555,5,NaN,NaN,5.26
AMT28,20181026,-46.742,-50.664,5,NaN,NaN,5.43
AMT28,20181026,-46.876,-50.799,5,NaN,NaN,6.43
AMT28,20181026,-46.932,-50.87,5,NaN,NaN,6.368
AMT28,20181027,-47.093,-51.106,5,NaN,NaN,5.573
AMT28,20181027,-47.156,-51.195,5,NaN,NaN,5.013
AMT28,20181027,-47.247,-51.324,5,NaN,NaN,4.37
AMT28,20181027,-47.321,-51.435,5,NaN,NaN,4.163
AMT28,20181027,-47.432,-51.599,5,NaN,NaN,2.307
AMT28,20181027,-47.503,-51.705,5,NaN,NaN,4.233
AMT28,20181027,-47.565,-51.774,5,NaN,NaN,4.993
AMT28,20181027,-47.603,-51.814,5,NaN,NaN,3.553
AMT28,20181027,-47.707,-51.955,5,NaN,NaN,4.2
AMT28,20181027,-47.749,-52.086,5,NaN,NaN,4.623
AMT28,20181027,-47.86,-52.236,5,NaN,NaN,3.045
AMT28,20181027,-47.933,-52.353,5,NaN,NaN,3.643
AMT28,20181027,-48.014,-52.436,5,NaN,NaN,2.77
AMT28,20181027,-48.115,-52.572,5,NaN,NaN,2.423
AMT28,20181027,-48.199,-52.692,5,NaN,NaN,3.913
