Cruise,Date,Lat,Lon,POC,Total chl-a (mg m^-3),Prochlorococcus cell counts,Synechococcus cell counts,Picoeukaryote cell counts,Phytoplankton carbon from FCM (mg m^-3)
AMT18,20081006,49.3718,-11.3907,71.86,0.21,68721,22368,8575,22.7828766978124
AMT18,20081007,49.1492,-14.6525,63.25833333,0.258,40927,12883,5818,18.8906014636926
AMT18,20081007,48.8687,-16.1947,86.73333333,0.358,27367,8935,8619,36.6997801218912
AMT18,20081009,42.6729,-22.195,28.83333333,0.064,109229,828,1316,10.8012242651453
AMT18,20081010,38.9821,-25.3243,44.85416667,0.059,146433,7685,881,10.6512472734921
AMT18,20081011,36.0115,-27.7373,40.20416667,0.045,115640,1276,679,7.21967379254994
AMT18,20081011,35.3137,-28.4663,40.79583333,0.025,110941,1270,525,7.10526702193635
AMT18,20081012,33.2978,-30.7968,45.9625,0.275,94751,1667,547,6.25528941728502
AMT18,20081012,32.49,-31.71,30.925,0.037,65267,1375,593,4.66514322366535
AMT18,20081013,30.4723,-33.9512,41.67083333,0.032,70222,2008,588,5.21324661006556
AMT18,20081013,29.6697,-34.8333,52.7125,0.219,53273,1598,683,4.34783193499969
AMT18,20081014,27.6316,-37.0305,38.28333333,0.044,83535,877,665,5.54287417083009
AMT18,20081015,24.7443,-40.0884,60.66666667,0.051,88834,1285,689,6.00600193508123
AMT18,20081016,22.5998,-40.2658,56.15,0.043,91555,958,914,7.1835315942666
AMT18,20081016,21.6733,-39.5963,49.17916667,0.049,83806,1208,859,7.0930562454466
AMT18,20081017,19.7224,-38.2301,45.92916667,0.058,172999,3057,822,9.91928776183301
AMT18,20081017,18.7886,-37.5778,37.95,0.056,125171,1861,635,7.08052622539031
AMT18,20081018,16.8105,-36.2067,57.99166667,0.079,226389,4418,1050,11.962948477495
AMT18,20081019,14.9192,-34.922,61.6375,0.128,219207,5962,1037,12.0028222648772
AMT18,20081019,14.0933,-34.3601,60.60833333,0.122,145830,4728,687,8.64850456466549
AMT18,20081021,8.6438,-30.7084,73.60416667,0.086,220506,21572,1227,15.7859846250414
AMT18,20081021,7.6627,-30.0593,52.4875,0.086,158113,11138,1195,10.9680316367141
AMT18,20081022,5.3397,-28.5213,64.77083333,0.063,153792,13361,1219,10.1074684531654
AMT18,20081022,5.139,-28.3909,62.45833333,0.058,132624,17633,1120,11.0595568770722
AMT18,20081023,2.7925,-26.8546,61.85,0.097,188941,10835,1125,11.5905357781477
AMT18,20081023,1.8306,-26.2153,59.75416667,0.115,203697,2871,1071,10.0455831993346
AMT18,20081024,-0.5793,-24.9939,50.55416667,0.082,350783,8361,2748,18.6477139816744
AMT18,20081024,-1.6242,-24.997,62.26666667,0.045,194752,2854,1431,9.8998662078914
AMT18,20081025,-6.0524,-24.9771,55.17083333,0.054,242034,1290,1002,11.2300213566873
AMT18,20081026,-8.8254,-24.9953,38.53333333,0.052,216144,1627,1239,12.881401549304
AMT18,20081026,-9.9753,-24.9994,38.89583333,0.037,123893,1618,914,7.53551943111094
AMT18,20081027,-12.8396,-24.9982,41.12083333,0.034,118001,1907,1034,6.60869420087082
AMT18,20081027,-13.9944,-24.9952,57.59583333,0.029,38152,1426,687,3.62392425714342
AMT18,20081028,-16.6377,-24.9938,47.4625,0.037,69875,1395,780,4.73108073414913
AMT18,20081028,-16.8754,-24.9961,59.85416667,0.029,29196,1199,725,3.19284130443413
AMT18,20081029,-19.1236,-24.9959,38.24166667,0.042,62770,1523,1030,5.12364994922062
AMT18,20081029,-20.2832,-25.0012,43.52916667,0.036,51899,1822,835,4.1063038866114
AMT18,20081030,-22.7854,-25.0091,44.075,0.04,72888,1334,1387,5.28778884111741
AMT18,20081030,-23.9345,-24.9993,65.51666667,0.07,77510,1595,1207,5.19293491671693
AMT18,20081031,-26.5572,-24.9979,77.1875,0.054,77115,1829,1131,5.74829559071936
AMT18,20081101,-28.8683,-26.0362,71.34166667,0.071,136595,3614,2267,9.40076491551871
AMT18,20081103,-33.7682,-32.0031,136.45,0.182,36532,11893,4000,16.8733576398048
AMT18,20081103,-34.5532,-32.9805,141.88,0.102,36273,7101,2641,9.75768401789851
AMT18,20081104,-36.1731,-35.0542,74.74,0.245,19390,58495,11343,37.9467222662355
AMT18,20081105,-37.9633,-37.404,126.81,0.563,11205,211637,20016,85.8313566302168
AMT18,20081105,-38.7624,-38.4591,87.82,0.457,4013,80612,14280,40.3066056348855
AMT18,20081107,-43.2267,-44.6134,358.99,2.238,0,22671,19668,65.0881454887269
AMT18,20081107,-43.9473,-45.6474,264.92,1.633,0,11292,18097,40.828922183483
AMT19,20091017,46.34,-18.8,11,0.234,176605.97,6539.38,4597.2,16.6496970594685
AMT19,20091022,34.72,-29.59,5,0.076,170358.2,1330.78,868.27,8.58756016311593
AMT19,20091026,27.02,-38.05,NaN,0.073,91636.16,4110.52,811.62,6.70941875263936
AMT19,20091027,24.65,-40.28,10,0.073,69212.7,7340.6,790.43,5.85828500039142
AMT19,20091029,21.13,-39.25,6,0.094,220132.15,1408.2,928.7,9.80965597856458
AMT19,20091029,21.13,-39.25,6,0.094,181806.06,1290.97,656.3,8.85495510587211
AMT19,20091029,21.13,-39.25,6,0.106,224450.75,1600.13,863.91,10.3183877954912
AMT19,20091102,13.35,-33.92,9,0.121,201103.89,6381.61,1118.11,12.2193789871468
AMT19,20091103,10.56,-32.04,19,0.226,52816.82,35537.26,298.58,16.2969181580995
AMT19,20091104,8.8,-30.87,25,0.13,35088.53,98083.51,845.3,25.029184900935
AMT19,20091105,5.95,-28.96,16,0.152,101019.74,54462.65,1063.63,18.4007126039358
AMT19,20091106,4.05,-27.69,11,0.155,134135.83,80847.73,1599.48,25.5211977560877
AMT19,20091108,-2.85,-25,31,0.098,319121.8,2459.87,0,11.7181201246425
AMT19,20091110,-7.36,-24.99,96,0.069,358499.05,1901.6,1295.42,15.5388287152658
AMT19,20091110,-8.38,-25,90,0.11,224639.97,4144.51,2674.52,12.3331273785428
AMT19,20091111,-10.65,-25,60,0.039,152024.28,1691.46,956.47,8.19855319386435
AMT19,20091112,-13.81,-24.99,7,0.033,141847.75,1278.06,733.77,7.85564379723374
AMT19,20091112,-13.81,-24.99,7,0.033,102285.79,1505.85,706.36,6.31880958425521
AMT19,20091114,-16.36,-25,18,0.03,88922.5,1447.49,669.88,5.8629893026574
AMT19,20091114,-17.35,-25,8,0.029,89969.35,1487.4,745.06,5.28739426292861
AMT19,20091115,-19.5,-25,NaN,0.029,91802.45,1634.73,633.13,5.6772850770388
AMT19,20091116,-22.85,-25,17,0.044,99899.37,1988.78,1082.78,6.99898214289277
AMT19,20091116,-23.76,-25,20,0.044,73360.73,2016.2,1007.46,5.32602897875311
AMT19,20091117,-26.11,-25,199,0.059,152919.97,3069.81,1227.36,10.4833123251744
AMT19,20091118,-28.79,-26.14,66,0.076,163269,3942.2,1849.3,10.4423403927529
AMT19,20091118,-29.39,-27.04,16,0.06,109471.69,3664.89,1631.64,7.62656735405213
AMT19,20091119,-31.55,-30.25,42,0.07,111839.92,4528.54,1887.14,8.84491245326169
AMT19,20091121,-33.41,-34.25,22,0.098,117026.74,4503.09,1771.57,13.5793786225681
AMT19,20091121,-33.88,-34.97,21,0.082,94882.55,8362.29,1853.86,10.4086243477016
AMT19,20091122,-35.29,-37.11,57,0.361,99591.95,103207.9,9938.3,48.2526820485057
AMT19,20091122,-35.29,-37.11,57,0.361,95145.77,71020.62,8237.04,40.1065729599869
AMT19,20091124,-37.3,-40.19,164,0.656,11708.85,268779.06,11505.93,79.3849936749311
AMT19,20091124,-37.87,-41.09,83,0.648,42385.93,130340.36,11156.63,57.8297773504976
AMT19,20091125,-39.31,-43.39,112,3.32,2181.5,283024.92,2468.11,108.052849733571
AMT19,20091125,-39.97,-44.45,184,1.671,0,259750.53,86826.42,126.067423956839
AMT19,20091126,-42.25,-48.23,178,1.919,0,314166.92,85951.95,170.627118796372
AMT20,20101014,49.4058,-11.1647,60,0.346,109366,25366,11990,43.786565376288
AMT20,20101014,49.2698,-12.8839,58,0.212,163460,9460,9397,29.9281620055709
AMT20,20101015,49.0497,-16.4297,90,0.356,144654,15711,11363,34.1955394243955
AMT20,20101015,48.1165,-17.3243,165,0.394,75769,14945,9910,26.1435675004568
AMT20,20101016,46.0562,-19.198,85,0.21,109483,4388,7016,20.7257672317267
AMT20,20101016,45.1975,-19.9337,75,0.185,181533,4742,4948,19.8386049780407
AMT20,20101017,43.5496,-21.3642,45,0.187,111486,3441,7411,18.5392293077403
AMT20,20101018,40.9942,-23.4793,21,0.091,135566,5071,2000,13.9464265840158
AMT20,20101018,40.1264,-24.1928,17,0.073,149327,5825,1385,9.82052568982336
AMT20,20101019,38.268,-25.6457,29,0.065,178925,5860,1449,12.8077998667815
AMT20,20101021,33.8424,-30.2035,53,0.051,171650,1630,724,9.37775535623732
AMT20,20101022,32.4287,-31.805,39,0.033,148979,1990,866,8.18111748972945
AMT20,20101022,31.7298,-32.5628,80,0.033,145039,1679,684,8.21125426472674
AMT20,20101023,30.2932,-34.1832,20,0.038,125046,1539,904,7.77923627443012
AMT20,20101023,29.61,-34.9013,14,0.033,112061,1478,827,6.41650569977597
AMT20,20101024,27.4516,-37.2333,122,0.07,40050,6921,728,5.74129239588076
AMT20,20101025,25.9836,-38.783,20,0.062,33084,6996,713,6.28990440760813
AMT20,20101025,25.2688,-39.5316,40,0.063,61422,5840,815,5.44406724761741
AMT20,20101026,23.7651,-41.1074,37,0.056,60114,6056,803,6.70286340894256
AMT20,20101026,22.9636,-40.532,15,0.132,47834,4296,509,6.21907495566441
AMT20,20101027,21.2123,-39.2923,8,0.041,65172,4068,870,6.48125615463963
AMT20,20101027,20.5507,-38.8191,33,0.038,107517,1252,809,6.61593358628742
AMT20,20101028,18.691,-37.5228,37,0.05,140728,1549,888,8.19174404736448
AMT20,20101028,17.9128,-36.9838,5,0.051,175143,1219,1017,9.92975212485757
AMT20,20101029,16.1883,-35.8047,11,0.091,321486,1708,1018,14.9528953158091
AMT20,20101029,15.4238,-35.2855,63,0.063,222105,1964,699,9.94161892001523
AMT20,20101030,13.4653,-33.9534,31,0.062,230012,4947,1048,11.3396845150553
AMT20,20101030,12.6858,-33.4269,49,0.08,211664,4011,739,11.404200903644
AMT20,20101031,10.5713,-31.998,39,0.076,340880,8820,1198,16.8900625154081
AMT20,20101031,9.7506,-31.4575,130,0.086,261704,17320,1050,16.6636136564921
AMT20,20101101,7.8168,-30.1599,39,0.074,195296,29168,1353,15.8761606704819
AMT20,20101101,6.7038,-29.484,54,0.063,122333,35155,1118,14.8223236367944
AMT20,20101102,4.8007,-28.1622,61,0.117,389291,21646,1743,21.3540080351154
AMT20,20101105,-3.8488,-25.0154,30,0.024,254758,967,1722,12.632623026963
AMT20,20101105,-5.0297,-25.0276,59,0.03,239475,986,1290,13.423515090952
AMT20,20101106,-6.0547,-23.7606,43,0.029,257707,1114,1368,12.5246342828534
AMT20,20101106,-6.2681,-22.698,38,0.037,308328,1557,1394,15.4859035073738
AMT20,20101110,-12.5292,-19.022,25,0.032,313070,2019,1365,15.0612789044234
AMT20,20101110,-13.4733,-19.9666,29,0.027,176337,2004,1007,8.8430089785736
AMT20,20101111,-15.3314,-21.8412,19,0.029,230681,2022,1023,11.310268341987
AMT20,20101111,-16.3163,-22.8417,16,0.045,124477,2778,1038,7.55873644101053
AMT20,20101113,-20.3796,-25.0892,15,0.033,116852,2762,1340,8.27443395763681
AMT20,20101113,-21.7059,-25.0969,14,0.028,59748,3776,1329,6.49271437044853
AMT20,20101114,-23.8377,-26.5663,23,0.034,113331,4830,1452,8.39946605774262
AMT20,20101114,-24.819,-27.3587,17,0.034,105691,4018,1298,9.04854653858796
AMT20,20101115,-26.8575,-29.068,26,0.043,238531,5540,1547,14.3304685633846
AMT20,20101115,-27.7967,-29.8863,48,0.044,156089,8335,1752,11.8891809502692
AMT20,20101116,-29.9434,-31.8233,20,0.041,110350,4990,1176,9.15689754542228
AMT20,20101116,-30.9955,-32.814,112,0.064,106527,4553,2605,14.750945260306
AMT20,20101117,-33.0447,-34.8455,17,0.072,53344,6132,3974,14.4963266175854
AMT20,20101117,-34.0107,-35.9254,72,0.057,85370,5720,2594,17.4510990367816
AMT20,20101118,-36.0901,-38.0881,112,0.179,188790,218981,13099,65.1092727720816
AMT20,20101118,-37.0938,-39.2305,16,0.098,328981,128025,10416,49.9949931125065
AMT20,20101119,-38.9242,-41.4532,152,0.432,26162,112215,14754,46.9011189901152
AMT20,20101119,-39.7912,-42.5522,179,0.892,10674,121157,13333,74.1038661374901
AMT20,20101120,-41.6557,-45.093,548,0.594,2555,71578,18299,71.9880074857973
AMT20,20101120,-42.498,-46.2962,336,0.487,0,22742,12903,41.9300952114265
AMT20,20101121,-44.1998,-48.9385,114,0.814,8173,80921,20470,132.343983915832
AMT20,20101121,-45.0165,-50.2845,174,0.402,0,329960,27731,130.809994722287
AMT22,20121012,49.24936667,-13.05215,69,0.482,56308,47336,NaN,11.1200541674377
AMT22,20121012,49.14933333,-14.3965,136.5,0.396,2821,37285,15956,36.7556828647665
AMT22,20121013,47.8818,-17.2666,169.4,0.371,167738,23209,8057,29.8008423452051
AMT22,20121014,45.87741667,-18.60811667,165.5,0.258,201829,6491,4185,19.4139609728863
AMT22,20121015,42.81741667,-20.5779,234,0.239,136342,15205,6293,26.6844546695867
AMT22,20121015,41.65423333,-21.26483333,410.7,0.156,182146,4178,2582,17.304292091218
AMT22,20121016,39.6626,-22.50953333,174.3,0.111,243651,6426,1897,14.0492015920817
AMT22,20121016,38.5545,-23.09711667,427,0.104,167318,3929,822,8.71515349650467
AMT22,20121017,36.68633333,-24.46878333,211.1,0.09,194670,3182,1121,10.1193124967059
AMT22,20121018,34.38276667,-27.63751667,205.3,0.076,173913,3507,986,9.91832619511888
AMT22,20121018,33.56076667,-28.73921667,33,0.078,131508,2123,998,8.21469781983528
AMT22,20121019,32.02236667,-30.7364,169.5,0.061,149146,2869,827,9.18067415437843
AMT22,20121019,30.99833333,-32.03983333,73.4,0.056,138410,2522,950,7.96989556789912
AMT22,20121020,29.8077,-33.55001667,110.9,0.059,119386,1621,885,6.65389717474586
AMT22,20121020,28.8528,-34.67443333,130.8,0.038,73414,1398,699,5.27713802009942
AMT22,20121021,27.61468333,-36.347,NaN,0.06,82320,2338,886,6.40971496452555
AMT22,20121021,26.71686667,-37.47081667,NaN,0.055,69473,3999,767,5.3108980704647
AMT22,20121022,25.49931667,-38.9826,166.4,0.077,58669,5010,876,6.52779522554818
AMT22,20121022,24.59508333,-40.07538333,127.1,0.072,64068,5445,772,6.89710561638994
AMT22,20121023,23.16396667,-40.60368333,165.9,0.09,85091,3928,869,6.61868156521393
AMT22,20121023,22.07503333,-39.79768333,176.2,0.101,124477,1587,837,8.75363650914641
AMT22,20121024,20.5651,-38.59323333,184.1,0.079,144562,1660,796,8.72912944579945
AMT22,20121024,19.44286667,-37.77198333,209.1,0.122,143400,1856,796,8.44347940009891
AMT22,20121025,17.7095,-36.42821667,193.1,0.091,232714,2264,878,12.6828073438484
AMT22,20121025,16.64138333,-35.65746667,386.6,0.095,241167,2603,937,11.8602723620451
AMT22,20121026,15.06206667,-34.44718333,136.9,0.116,328276,3917,1070,16.2989405161937
AMT22,20121026,13.95561667,-33.66718333,171.9,0.16,261535,11368,1509,14.3882799287219
AMT22,20121027,12.22433333,-32.36051667,160.7,0.131,260275,26217,1431,16.6798306568642
AMT22,20121027,11.11528333,-31.57761667,37.3,0.131,201695,15658,1031,12.4217248376184
AMT22,20121028,9.452533333,-30.32823333,168.4,0.129,211774,32487,1451,16.5684863126689
AMT22,20121028,8.2967,-29.5326,45.6,0.153,181207,19186,996,13.3452989667243
AMT22,20121029,6.621216667,-28.34188333,295.3,0.147,320611,21873,1026,18.1995511777217
AMT22,20121029,5.545383333,-27.54323333,385.6,0.157,246653,7739,1203,13.9611790132527
AMT22,20121030,4.028383333,-26.4693,217,0.149,270784,8824,1585,16.6453956537772
AMT22,20121030,2.9197,-25.66168333,35,0.147,265208,4332,1181,14.0330476297853
AMT22,20121031,1.107783333,-24.98443333,165.9,0.121,269228,4456,1809,16.1765287041119
AMT22,20121101,-1.883733333,-24.95633333,49.7,0.087,326751,4348,2515,18.1409244212704
AMT22,20121101,-2.929883333,-24.98411667,90.6,0.112,263902,6833,1895,16.136535592747
AMT22,20121102,-4.622983333,-25.00381667,95.4,0.092,313970,5678,1916,16.1996228167876
AMT22,20121102,-5.829383333,-25.02986667,108.9,0.125,396431,17736,2420,22.3744498546608
AMT22,20121103,-8.089116667,-25.01423333,187.5,0.06,214031,2113,NaN,7.94859689570702
AMT22,20121103,-9.514833333,-25.05333333,18.9,0.051,154884,1260,1036,10.0886996105355
AMT22,20121104,-11.62183333,-25.0205,67.9,0.047,211993,1399,1053,10.7131539183309
AMT22,20121104,-13.07346667,-25.0667,128.1,0.038,99881,1507,803,6.27096432222274
AMT22,20121105,-15.28706667,-25.0511,125.6,0.026,99974,1228,828,6.15579259742488
AMT22,20121105,-16.75973333,-25.09766667,29.2,0.028,73934,1296,842,5.23561881268036
AMT22,20121107,-18.5298,-25.10146667,NaN,0.034,49258,1281,704,6.43923333417254
AMT22,20121107,-18.5298,-25.10146667,NaN,0.029,53393,1324,872,4.38693719091838
AMT22,20121108,-20.12123333,-24.49688333,NaN,0.034,82856,2774,828,8.25308310276764
AMT22,20121109,-22.96473333,-24.98051667,116.1,0.037,95464,3122,1200,7.14596112965204
AMT22,20121109,-24.12538333,-25.00286667,108.7,0.026,74605,4098,1122,6.20628206009079
AMT22,20121110,-25.7495,-24.99083333,155.3,0.059,100240,2972,1960,8.24709092292826
AMT22,20121111,-26.956,-25.00623333,32.7,0.045,88461,2933,1372,8.07902145601331
AMT22,20121111,-28.3879,-25.47501667,18.1,0.049,114424,3878,1513,10.3183261011177
AMT22,20121111,-29.1152,-26.50701667,136,0.044,67522,2734,1274,6.58896016920341
AMT22,20121112,-30.19978333,-27.91883333,108.8,0.055,104309,4580,1266,8.04054814141364
AMT22,20121112,-30.97011667,-29.05215,278.9,0.059,80866,2620,1424,6.97254698126627
AMT22,20121114,-34.14741667,-33.49238333,495.9,0.259,32077,17329,6434,22.8465894144834
AMT22,20121114,-34.85773333,-34.53746667,390.3,0.235,NaN,38811,3829,19.4613307021946
AMT22,20121115,-36.06936667,-36.25573333,431.1,0.701,3687,80116,12067,50.5103669390903
AMT22,20121115,-36.83716667,-37.439,390.3,0.18,3598,15123,1409,7.14469396185474
AMT22,20121116,-38.10566667,-39.32868333,101.6,0.852,944,150015,8176,59.9507418666442
AMT22,20121116,-38.90925,-40.56313333,288.5,0.655,1019,97105,11395,63.743939475068
AMT22,20121117,-40.10236667,-42.38306667,78.6,0.759,931,198410,10915,85.7198269005281
AMT22,20121117,-40.90633333,-43.64931667,198.9,0.476,0,190170,20368,120.966311233118
AMT22,20121118,-42.13718333,-45.62688333,71.5,0.44,0,63603,45187,107.738226893014
AMT22,20121118,-43.04683333,-47.0785,116,0.504,0,38576,31001,63.4888751804544
AMT22,20121119,-43.92301667,-48.56536667,194.2,0.358,0,30565,50256,81.2972586948755
AMT22,20121119,-44.67525,-49.75883333,151.3,0.824,0,263837,31871,117.910971869062
AMT22,20121120,-45.50061667,-51.3197,500.7,1.004,0,157934,59118,108.046694618541
AMT24,20140929,43.17016667,-16.42566667,58.3,0.0774087985472595,158737,2063,2670,15.899549050761
AMT24,20140930,40.84221667,-20.21483333,53.8,0.0864840132138858,241483,2775,3827,23.6769206074624
AMT24,20141001,38.49595,-23.89175,68.6,0.088796643975364,177803,7028,1403,13.4589968668112
AMT24,20141002,36.95466667,-25.91076667,37.7,0.151099752909761,183586,5642,1005,12.1064851161349
AMT24,20141003,33.35388333,-27.096,53.1,0.0548758164221725,144998,1389,640,9.00573630273036
AMT24,20141005,26.10898333,-29.30523333,55.4,0.0369474423404255,58078,1194,619,6.02248247134175
AMT24,20141007,19.85541667,-29.14061667,73.8,0.0730638550503919,247431,3564,1060,15.9466645561337
AMT24,20141008,16.43541667,-28.40483333,35.3,0.0806177779591265,214721,2583,1034,12.0939444842981
AMT24,20141009,12.84395,-27.6471,50.4,0.130511325778276,341640,9018,1061,18.8607925184649
AMT24,20141010,9.36835,-26.92098333,56.3,0.137284419975015,280730,17191,965,17.1504729957457
AMT24,20141011,5.899116667,-26.20461667,36.9,0.407940237765958,267978,15091,1012,16.9875006403012
AMT24,20141012,2.375833333,-25.48623333,53.4,0.0817976888801792,460822,5491,1785,22.6228439196056
AMT24,20141015,-8.9112,-25.04266667,43.3,0.103920378790594,271264,4027,1260,16.3909263193525
AMT24,20141016,-12.49475,-25.06531667,57.3,0.0456374657446809,161653,934,842,9.35666880353715
AMT24,20141017,-16.1315,-25.08448333,45.5,0.0217294269972566,141035,1256,706,7.8189468363552
AMT24,20141018,-18.5503,-25.097,89.4,0.0236883658289801,86865,1500,716,7.31221399861292
AMT24,20141020,-22.31641667,-25.0602,0.4,0.172844708120491,102502,2213,847,7.11416072627776
AMT24,20141021,-25.59473333,-25.03571667,NaN,0.0293553513816168,155637,3193,974,9.57928148659747
AMT24,20141022,-29.15396667,-25.2756,28.5,0.0308621718365062,104667,2218,845,9.25806628829132
AMT24,20141023,-32.71653333,-26.63186667,37.1,0.0592523668159761,153453,6520,2434,13.1445074705748
AMT24,20141024,-35.79555,-27.87496667,109.5,0.311725154804031,142249,104838,9881,60.839728163618
AMT24,20141025,-38.96125,-29.17416667,67.8,0.424643567140724,486,47361,9144,28.7524118404674
AMT24,20141026,-40.68543333,-32.1032,106.1,0.561638453176558,409,37461,NaN,7.24466335436981
AMT24,20141027,-42.08058333,-35.10188333,92.2,0.431543276573348,1909,65532,15497,47.0073035362689
AMT24,20141029,-45.28746667,-42.19836667,93.4,0.397120316121687,0,14135,36318,49.3718824096651
AMT24,20141031,-48.24511667,-50.34083333,233.9,0.438813712448675,0,10940,16546,29.1460493707587
AMT25,20150919,48.41,-9.2,222.12,0.609033972553192,190,72782,5119,16.2927841186818
AMT25,20150919,47.51,-11.06,31.46,0.498869210643897,104,26163,11667,10.1554815934438
AMT25,20150920,46.28,-12.94,246.57,0.411149988477044,206444,31756,13917,19.488734470809
AMT25,20150920,45.59,-13.99,42.63,0.39946349818589,276876,27597,16786,22.4221458840742
AMT25,20150921,44.46,-15.69,152.78,0.483366233275476,141761,16262,11896,13.3355403125778
AMT25,20150921,43.71,-16.78,129.69,0.193662385705487,169412,7233,4850,9.48575325150685
AMT25,20150923,40.04,-21.92,152.72,0.102338282155655,554517,5301,2018,21.4424613795346
AMT25,20150923,39.2,-23.05,62.2,0.139260369766704,81438,1517,3218,4.56931012084726
AMT25,20150924,37.646,-26.0075,30.6,0.104376227848078,127373,3711,402,5.37967621359373
AMT25,20150924,37.4309,-27.0796,23.45,0.0610154802323628,167253,5430,1001,8.17012050858015
AMT25,20150925,36.84,-29.96,34.72,0.0691237043673012,99038,4748,567,6.10588072095609
AMT25,20150925,36.3432,-32.2346,21.41,0.0688998292385219,203209,4774,549,9.6703581944588
AMT25,20150925,36.3432,-32.2346,21.41,0.0647393899608063,212176,4336,731,9.91548525602383
AMT25,20150928,35.61,-34.17,86.6,0.0771356227323628,170479,3323,629,7.7905559465999
AMT25,20150928,35.06,-35.44,113.51,0.0790212758678612,135559,3514,421,6.5269342003987
AMT25,20150929,34,-37.57,38.12,0.0778991830515118,136650,2395,617,6.85280732799437
AMT25,20150930,30.1,-41.94,62.24,0.0402058676203807,50418,5065,388,3.74024124670106
AMT25,20151001,28.26,-42.31,48.66,0.0529100041881299,53598,5716,484,4.13994343567801
AMT25,20151001,27.47,-40.89,38.23,0.0495361154759239,52354,3791,396,4.01501657798991
AMT25,20151002,25.93,-38.83,72.38,0.0602957644904815,89202,1261,601,4.73220324444127
AMT25,20151002,25.45,-38.08,15.25,0.0626849224860022,143940,2791,579,7.48427969219632
AMT25,20151003,22.99,-34.39,29.52,0.171623733393057,306489,1653,661,12.6055730784012
AMT25,20151004,21.47,-32.08,94.48,0.0842878361282195,342349,1911,672,14.0188175150158
AMT25,20151004,20.8922,-31.2313,73.57,0.104562052297499,329255,1569,840,14.043878603281
AMT25,20151005,19.27,-28.99,85.62,0.125528500181038,376862,9138,1150,16.9670963762849
AMT25,20151006,16.43,-25.55,89.03,0.213749211608809,478774,27339,1151,25.3404749361884
AMT25,20151007,15.1,-23.95,154.96,0.187789650951848,542756,72457,2308,36.8074235086993
AMT25,20151008,13.38,-22.9,307.46,0.134311608426652,526531,48721,1104,30.1369871527954
AMT25,20151009,10,-21.6,34.88,0.135944011013438,465599,27125,1038,24.1788431367837
AMT25,20151009,8.57,-21.04,112.56,0.157563994025756,273117,42209,704,20.7496164644257
AMT25,20151010,5.88,-20.03,42.16,0.128254672267637,346996,23450,1129,20.3795206074512
AMT25,20151010,4.4,-19.43,42.85,0.1303787647947,252600,8576,467,12.4937042091045
AMT25,20151012,-1.68,-16.98,178.25,0.32473169826801,318569,74786,4470,37.7380182351717
AMT25,20151013,-4.42,-15.87,149.9,0.196981981243001,105387,43407,4920,19.8242903174146
AMT25,20151013,-5.39,-15.45,118.84,0.362883644451288,328619,159964,8988,62.0921496404797
AMT25,20151014,-7.86,-14.44,121.22,0.251937122351624,144687,28134,2041,18.3316138575397
AMT25,20151019,-10.11,-16.57,5.43,0.0794615346491228,364015,4261,1284,17.2996342271877
AMT25,20151019,-10.8722,-17.3547,227.12,0.0704576127976857,418082,2236,731,18.9639594902327
AMT25,20151021,-15.69,-22.19,25.44,0.0291542225755879,258055,1283,847,11.1710486775316
AMT25,20151021,-16.3331,-22.8642,76.37,0.0393266150167973,NaN,1206,767,2.45810825210192
AMT25,20151022,-18.5,-25,51.88,0.039637681774916,135447,1553,777,6.78389429721068
AMT25,20151023,-20.54,-25.07,110.87,0.0380087313773796,102048,1686,777,6.01387712322798
AMT25,20151025,-29.41,-26.21,22.78,0.0697155926259799,167849,3076,1645,9.70893575451687
AMT25,20151026,-30.94,-28.09,118.48,0.125212418568496,210841,4609,3966,12.4938960108863
AMT25,20151027,-32.39,-29.85,81.11,0.186739157336693,141315,4634,2620,10.5021225973771
AMT28,20180929,38.631,-18.526,27.504,0.114999999999999,120651,4247,940,8.92367610757329
AMT28,20180930,35.283,-20.923,25.884,0.094,139801,3599,749,9.39669304395081
AMT28,20181001,31.857,-22.71,20.1,0.09,78748,4776,665,8.26110989216868
AMT28,20181002,28.609,-24.361,18.456,0.06,104533,3217,690,7.48806749311088
AMT28,20181003,25.059,-26.055,27.204,0.063,134678,2668,778,8.51892564591486
AMT28,20181004,21.446,-27.74,27.504,0.1,233756,2306,1346,12.0660335463925
AMT28,20181005,17.742,-28.93,21.456,0.105,217653,2740,926,11.7031195084939
AMT28,20181006,13.812,-28.294,31.992,0.092,247805,7280,1230,14.7155253456965
AMT28,20181007,10.064,-27.283,30.936,0.168,332300,23798,1681,21.7845242572774
AMT28,20181008,6.256,-26.381,28.464,0.179,175416,11460,576,12.9728221829729
AMT28,20181010,-1.15,-24.982,26.472,0.13,263390,13099,2399,19.0483228970623
AMT28,20181011,-4.985,-24.973,21.9,0.082,317472,2041,1208,17.211636674646
AMT28,20181012,-8.763,-24.948,16.776,0.056,228488,1031,928,11.3867089852975
AMT28,20181013,-12.083,-24.93,18.3,0.047,184048,1583,878,10.4070923167409
AMT28,20181014,-16.032,-25.024,17.556,0.032,94960,724,642,6.91727244471447
AMT28,20181015,-18.578,-25.086,16.716,0.03,139713,1177,724,7.53047681840237
AMT28,20181016,-21.609,-25.048,18.696,0.032,212224,1166,643,10.4601868435743
AMT28,20181017,-24.906,-25.903,18.312,0.0839999999999999,197064,1645,1194,10.8179604979776
AMT28,20181018,-27.242,-28.242,16.56,0.043,150625,2468,1322,9.05183650146414
AMT28,20181019,-30.006,-31.15,22.32,0.053,227520,5040,1592,12.7247019045187
AMT28,20181020,-32.373,-33.674,20.376,0.127,114733,6508,2065,10.556901445695
AMT28,20181021,-34.581,-36.091,29.28,0.236,79248,15639,3750,14.9182728195091
AMT28,20181022,-37.012,-38.835,53.232,0.381,44426,51770,3228,29.0810720939086
AMT28,20181024,-41.37,-44.013,55.68,0.542,290,76604,14226,37.0432488145984
AMT28,20181025,-43.791,-46.955,64.68,0.49,129,14426,8830,21.5130405753785
AMT28,20181026,-46.018,-49.872,70.896,0.737,150,20667,10231,24.6766393791782
AMT28,20181027,-48.199,-52.692,46.956,0.47,35,14480,9855,20.5054612071582
