Cruise,Depth,Lat,Lon,DateTime,allo,alphabetacar,butfuco,chl_c1c2,chl_c3,diadino,diato,dv_chl_a,fuco,hexfuco,lut,neo,perid,pras,tot_chl_a,tot_chl_b,tot_chl_c,viola,zea
AMT18,4.5,49.3645,-11.5177,2008-10-06T13:11,0.001,0.018,0.049,0.039,0.042,0.028,0.001,0.1,0.039,0.13,0.001,0,0.012,0,0.21,0.126,0.081,0.006,0.062
AMT18,5.5,49.1492,-14.6524,2008-10-07T04:29,0.009,0.012,0.059,0.045,0.05,0.024,0.001,0.077,0.028,0.162,0.001,0,0.002,0,0.258,0.14,0.095,0.009,0.039
AMT18,3.9,48.866,-16.1938,2008-10-07T12:52,0.013,0.01,0.099,0.069,0.087,0.076,0.001,0.032,0.052,0.257,0.001,0,0.023,0,0.358,0.079,0.156,0.008,0.022
AMT18,3.7,42.673,-22.1949,2008-10-09T05:25,0.001,0.01,0.014,0.01,0.013,0.013,0.001,0.077,0.007,0.046,0.001,0,0.004,0,0.064,0.008,0.023,0.003,0.051
AMT18,3.9,38.882,-25.3242,2008-10-10T05:22,0.001,0.009,0.008,0.007,0.007,0.007,0.001,0.067,0.004,0.025,0.001,0,0.005,0,0.059,0.024,0.014,0.001,0.056
AMT18,3.1,36.0117,-27.7373,2008-10-11T05:29,0.001,0.006,0.007,0.006,0.005,0.006,0.001,0.036,0.006,0.017,0.001,0,0.005,0,0.045,0.01,0.011,0.002,0.043
AMT18,3.7,35.3137,-28.466,2008-10-11T13:43,0.001,0.003,0.004,0.002,0.001,0.007,0.001,0.018,0.008,0.009,0.001,0,0.002,0,0.025,0.008,0.003,0.001,0.023
AMT18,4,33.2979,-30.7968,2008-10-12T05:27,0.001,0.041,0.044,0.041,0.05,0.037,0.001,0.243,0.077,0.104,0.001,0,0.002,0,0.275,0.008,0.091,0.001,0.244
AMT18,6.8,32.49,-31.7102,2008-10-12T13:45,0.001,0.003,0.007,0.001,0.002,0.013,0.001,0.016,0.007,0.011,0.001,0,0.003,0,0.037,0.034,0.003,0.002,0.025
AMT18,3.5,30.4724,-33.9513,2008-10-13T05:24,0.001,0.001,0.004,0.002,0.003,0.006,0.001,0.017,0.004,0.013,0.001,0,0.002,0,0.032,0.015,0.005,0.001,0.026
AMT18,5.3,29.6697,-34.8335,2008-10-13T13:36,0.001,0.02,0.04,0.016,0.021,0.072,0.001,0.102,0.032,0.055,0.001,0,0.002,0,0.219,0.008,0.037,0.001,0.191
AMT18,2.9,27.6318,-37.0306,2008-10-14T05:09,0.003,0.004,0.008,0.003,0.005,0.007,0.001,0.026,0.007,0.016,0.001,0,0.002,0,0.044,0.018,0.008,0.002,0.033
AMT18,3.5,24.7443,-40.0885,2008-10-15T05:25,0.001,0.005,0.007,0.006,0.006,0.008,0.001,0.038,0.008,0.019,0.002,0,0.002,0,0.051,0.008,0.012,0.002,0.039
AMT18,3.8,22.5997,-40.2659,2008-10-16T05:25,0.001,0.006,0.003,0.003,0.004,0.003,0.001,0.027,0.01,0.016,0.001,0,0.002,0,0.043,0.017,0.007,0.001,0.028
AMT18,5,21.6732,-39.5964,2008-10-16T13:39,0.001,0.007,0.005,0.005,0.003,0.014,0.001,0.031,0.004,0.019,0.001,0,0.002,0,0.049,0.016,0.008,0.001,0.029
AMT18,2.5,19.7224,-38.2301,2008-10-17T05:25,0.001,0.009,0.006,0.007,0.007,0.007,0.001,0.058,0.01,0.025,0.001,0,0.002,0,0.058,0.008,0.014,0.003,0.06
AMT18,4.6,18.7886,-37.5779,2008-10-17T13:37,0.001,0.009,0.009,0.005,0.005,0.016,0.001,0.065,0.01,0.023,0.001,0,0.002,0,0.056,0.008,0.01,0.001,0.052
AMT18,3.3,16.8105,-36.2068,2008-10-18T05:24,0.001,0.014,0.01,0.01,0.014,0.008,0.001,0.071,0.001,0.036,0.002,0,0.002,0,0.079,0.031,0.024,0.001,0.08
AMT18,3.2,14.9192,-34.9221,2008-10-19T05:24,0.001,0.025,0.017,0.017,0.017,0.01,0.001,0.162,0.009,0.062,0.001,0,0.01,0,0.128,0.067,0.034,0.004,0.07
AMT18,5,14.0932,-34.3602,2008-10-19T13:41,0.001,0.031,0.011,0.016,0.018,0.017,0.001,0.17,0.011,0.051,0.001,0,0.013,0,0.122,0.03,0.034,0.001,0.098
AMT18,2.7,8.6438,-30.7085,2008-10-21T05:22,0.001,0.014,0.004,0.013,0.012,0.011,0.001,0.072,0.003,0.041,0.001,0,0.002,0,0.086,0.008,0.025,0.001,0.095
AMT18,5.6,7.6627,-30.0594,2008-10-21T13:38,0.001,0.015,0.004,0.009,0.006,0.022,0.001,0.082,0.009,0.029,0.001,0,0.002,0,0.086,0.042,0.015,0.006,0.102
AMT18,3.5,5.3398,-28.5213,2008-10-22T05:23,0.001,0.01,0.009,0.007,0.009,0.005,0.001,0.049,0.002,0.024,0.001,0,0.002,0,0.063,0.008,0.016,0.003,0.065
AMT18,4.9,5.139,-28.391,2008-10-22T13:47,0.001,0.009,0.001,0.004,0.005,0.019,0.001,0.058,0.01,0.024,0.002,0,0.002,0,0.058,0.008,0.009,0.002,0.074
AMT18,4.3,2.791,-26.854,2008-10-23T05:20,0.001,0.016,0.008,0.009,0.012,0.009,0.001,0.078,0.009,0.034,0.001,0,0.002,0,0.097,0.064,0.021,0.001,0.079
AMT18,4.2,1.8314,-26.2158,2008-10-23T13:39,0.001,0.017,0.013,0.01,0.011,0.017,0.001,0.104,0.013,0.033,0.001,0,0.002,0,0.115,0.009,0.021,0.001,0.101
AMT18,6.3,-0.5837,-24.996,2008-10-24T05:22,0.001,0.02,0.013,0.014,0.013,0.009,0.001,0.151,0.007,0.034,0.001,0,0.002,0,0.082,0.065,0.027,0.001,0.103
AMT18,4.7,-1.6265,-24.9955,2008-10-24T13:12,0.001,0.01,0.008,0.007,0.009,0.013,0.001,0.069,0.007,0.027,0.001,0,0.002,0,0.045,0.008,0.016,0.001,0.079
AMT18,6.6,-6.0521,-24.978,2008-10-25T13:54,0.001,0.013,0.015,0.01,0.008,0.016,0.001,0.113,0.001,0.046,0.001,0,0.002,0,0.054,0.024,0.018,0.001,0.097
AMT18,3.7,-8.8254,-24.9954,2008-10-26T05:21,0.001,0.01,0.008,0.008,0.008,0.006,0.001,0.064,0.005,0.032,0.002,0,0.002,0,0.052,0.008,0.016,0.001,0.066
AMT18,5.8,-9.9753,-24.9994,2008-10-26T13:35,0.001,0.007,0.008,0.007,0.008,0.013,0.001,0.042,0.007,0.03,0.001,0,0.002,0,0.037,0.008,0.015,0.001,0.061
AMT18,4.5,-12.8396,-24.9983,2008-10-27T05:21,0.001,0.004,0.007,0.001,0.008,0.003,0.001,0.028,0.001,0.016,0.001,0,0.002,0,0.034,0.022,0.009,0.001,0.02
AMT18,5.8,-13.9944,-24.9952,2008-10-27T13:38,0.001,0.004,0.006,0.003,0.007,0.013,0.001,0.026,0.003,0.017,0.001,0,0.002,0,0.029,0.011,0.01,0.001,0.046
AMT18,4,-16.6377,-24.9939,2008-10-28T05:21,0.001,0.003,0.006,0.005,0.006,0.008,0.001,0.018,0.001,0.016,0.001,0,0.002,0,0.037,0.008,0.011,0.001,0.026
AMT18,5.3,-16.8754,-24.9962,2008-10-28T13:40,0.001,0.003,0.004,0.002,0.005,0.012,0.001,0.016,0.003,0.014,0.001,0,0.002,0,0.029,0.021,0.007,0.001,0.034
AMT18,3.7,-19.1237,-24.9959,2008-10-29T05:20,0.001,0.004,0.006,0.004,0.004,0.009,0.001,0.013,0.01,0.016,0.001,0,0.002,0,0.042,0.014,0.008,0.001,0.026
AMT18,5.5,-20.2833,-25.0011,2008-10-29T13:40,0.001,0.003,0.008,0.003,0.006,0.019,0.001,0.012,0.007,0.018,0.001,0,0.002,0,0.036,0.008,0.009,0.002,0.029
AMT18,4.4,-22.7853,-25.0091,2008-10-30T05:29,0.001,0.004,0.006,0.004,0.005,0.008,0.001,0.019,0.008,0.009,0.001,0,0.002,0,0.04,0.01,0.009,0.001,0.029
AMT18,6.4,-23.9345,-24.9994,2008-10-30T13:39,0.005,0.006,0.01,0.01,0.013,0.03,0.001,0.031,0.025,0.035,0.001,0,0.002,0,0.07,0.014,0.023,0.001,0.034
AMT18,2.9,-26.5572,-24.9979,2008-10-31T05:20,0.001,0.005,0.008,0.006,0.006,0.01,0.001,0.029,0.012,0.024,0.001,0,0.002,0,0.054,0.013,0.012,0.002,0.033
AMT18,6.9,-28.8682,-26.0361,2008-11-01T05:21,0.001,0.007,0.014,0.011,0.014,0.01,0.001,0.042,0.024,0.03,0.001,0,0.002,0,0.071,0.008,0.025,0.003,0.043
AMT18,3,-33.7682,-32.003,2008-11-03T06:28,0.001,0.012,0.025,0.061,0.047,0.065,0.001,0.032,0.116,0.065,0.002,0,0.002,0,0.182,0.027,0.108,0.005,0.02
AMT18,5.8,-34.5532,-32.9804,2008-11-03T14:50,0.001,0.005,0.026,0.012,0.018,0.037,0.001,0.021,0.033,0.043,0.001,0,0.002,0,0.102,0.034,0.03,0.002,0.019
AMT18,3,-36.1732,-35.0541,2008-11-04T05:18,0.008,0.01,0.055,0.038,0.051,0.037,0.001,0.018,0.032,0.157,0.001,0,0.002,0,0.245,0.008,0.089,0.01,0.028
AMT18,4.9,-37.966,-37.4111,2008-11-05T05:24,0.021,0.027,0.087,0.092,0.114,0.062,0.001,0.002,0.068,0.379,0.001,0,0.018,0,0.563,0.093,0.206,0.024,0.074
AMT18,6.8,-38.7606,-38.4562,2008-11-05T14:31,0.03,0.017,0.101,0.064,0.084,0.118,0.006,0.002,0.067,0.268,0.001,0,0.002,0,0.457,0.139,0.148,0.037,0.035
AMT18,4.9,-43.2266,-44.6134,2008-11-07T05:26,0.063,0.046,0.321,0.544,0.252,0.413,0.001,0.002,1.419,0.695,0.001,0,0.131,0,2.238,0.301,0.796,0.056,0.011
AMT18,7.4,-43.9481,-45.6467,2008-11-07T14:24,0.036,0.027,0.217,0.378,0.157,0.468,0.074,0.002,1.21,0.258,0.001,0,0.004,0,1.633,0.11,0.535,0.031,0.013
AMT19,5,46.33866667,-18.80183333,20091017,0.001,0.017,0.03,0.023,0.023,0.017,0.004,0.107,0.008,0.054,0.001,0.001,0.003,0,0.234,0.035,0.046,0.001,0.07
AMT19,5,45.30533333,-19.6,20091017,0.001,0.019,0.035,0.031,0.033,0.018,0.002,0.095,0.009,0.085,0,0.001,0.008,0,0.26,0.03,0.064,0.002,0.07
AMT19,5,42.63483333,-21.5965,20091018,0,0.013,0.011,0.012,0.011,0.005,0,0.072,0.004,0.032,0,0,0.002,0,0.142,0.014,0.023,0.001,0.05
AMT19,5,40.99383333,-22.77766667,20091019,0.001,0.014,0.011,0.012,0.01,0.006,0,0.065,0.006,0.027,0,0,0.002,0,0.142,0.011,0.022,0.001,0.055
AMT19,5,39.53683333,-23.824,20091019,0,0.011,0.009,0.01,0.008,0.004,0,0.055,0.006,0.021,0,0,0.002,0,0.12,0.009,0.018,0.001,0.053
AMT19,5,36.51566667,-27.26516667,20091021,0,0.008,0.006,0.008,0.006,0.005,0,0.03,0.004,0.017,0,0,0.002,0,0.082,0.006,0.014,0.001,0.042
AMT19,5,34.7235,-29.589,20091022,0,0.007,0.005,0.007,0.005,0.006,0.001,0.031,0.003,0.015,0,0,0.002,0,0.076,0.006,0.012,0.001,0.041
AMT19,5,34.283,-30.181,20091022,0,0.008,0.007,0.007,0.006,0.004,0,0.029,0.003,0.017,0,0,0.002,0,0.078,0.006,0.013,0.001,0.044
AMT19,0,33,-31,20091023,0,0.007,0.006,0.007,0.006,0.003,0,0.025,0.003,0.018,0,0,0.002,0,0.075,0.007,0.013,0.001,0.032
AMT19,5,32.34966667,-32.59516667,20091023,0,0.008,0.007,0.007,0.006,0.004,0,0.032,0.004,0.017,0,0,0.002,0,0.081,0.007,0.013,0.001,0.044
AMT19,5,31.058,-34.16883333,20091024,0,0.005,0.005,0.005,0.004,0.006,0.001,0.017,0.003,0.014,0,0,0.001,0,0.059,0.005,0.009,0.001,0.028
AMT19,5,30.289,-34.9345,20091024,0,0.004,0.004,0.003,0.003,0.004,0,0.013,0.003,0.011,0,0,0.001,0,0.045,0.003,0.006,0.001,0.023
AMT19,5,28.7735,-36.402,20091025,0,0.005,0.004,0.005,0.003,0.006,0.001,0.014,0.003,0.012,0,0,0.001,0,0.051,0.004,0.008,0.001,0.026
AMT19,5,27.93816667,-37.20483333,20091025,0,0.003,0.003,0.003,0.003,0.004,0,0.011,0.002,0.01,0,0,0.001,0,0.039,0.003,0.006,0.001,0.023
AMT19,5,27.02283333,-38.05316667,20091026,0,0.007,0.004,0.005,0.004,0.007,0.001,0.017,0.002,0.014,0,0,0.001,0,0.073,0.004,0.009,0.001,0.03
AMT19,5,26.3975,-38.65766667,20091026,0,0.007,0.004,0.005,0.005,0.005,0,0.014,0.003,0.017,0,0,0.001,0,0.076,0.005,0.01,0.001,0.027
AMT19,5,24.65216667,-40.28283333,20091027,0,0.007,0.003,0.005,0.005,0.008,0.002,0.013,0.002,0.015,0,0,0.001,0,0.073,0.004,0.01,0.001,0.025
AMT19,5,23.22533333,-40.7195,20091028,0,0.008,0.004,0.005,0.005,0.003,0,0.018,0.002,0.015,0,0,0.001,0,0.081,0.005,0.01,0.001,0.029
AMT19,5,22.05716667,-39.8925,20091028,0,0.008,0.003,0.004,0.004,0.005,0,0.016,0.002,0.013,0,0,0.001,0,0.069,0.004,0.008,0.001,0.033
AMT19,5,21.13216667,-39.24733333,20091029,0,0.012,0.003,0.005,0.004,0.003,0,0.029,0.002,0.012,0,0,0.002,0,0.094,0.005,0.009,0.001,0.048
AMT19,5,21.13266667,-39.30566667,20091030,0,0.013,0.003,0.006,0.004,0.003,0,0.03,0.003,0.013,0,0,0.002,0,0.106,0.005,0.01,0.001,0.049
AMT19,5,20.10383333,-38.522,20091030,0,0.009,0.003,0.004,0.004,0.006,0,0.024,0.003,0.013,0,0,0.002,0,0.078,0.004,0.008,0.001,0.039
AMT19,5,18.93833333,-37.7235,20091031,0,0.01,0.004,0.007,0.005,0.003,0,0.031,0.003,0.015,0,0,0.002,0,0.085,0.006,0.012,0.001,0.05
AMT19,5,17.83566667,-36.95933333,20091031,0,0.011,0.005,0.007,0.005,0.006,0,0.047,0.005,0.015,0,0,0.002,0,0.097,0.006,0.012,0.001,0.076
AMT19,5,15.16833333,-35.14333333,20091101,0,0.011,0.003,0.005,0.004,0.004,0,0.045,0.003,0.014,0,0,0.002,0,0.08,0.005,0.009,0.001,0.072
AMT19,5,13.35016667,-33.91566667,20091102,0,0.014,0.004,0.007,0.006,0.01,0.002,0.059,0.004,0.019,0,0,0.002,0,0.121,0.008,0.013,0.001,0.074
AMT19,5,12.68283333,-33.4685,20091102,0,0.017,0.005,0.009,0.007,0.006,0,0.062,0.004,0.022,0,0,0.003,0,0.13,0.011,0.016,0.001,0.072
AMT19,5,10.92533333,-32.28483333,20091103,0,0.016,0.007,0.01,0.009,0.015,0.004,0.033,0.006,0.03,0,0,0.002,0,0.147,0.008,0.019,0.001,0.066
AMT19,5,10.562,-32.04033333,20091103,0,0.022,0.01,0.017,0.016,0.015,0.001,0.042,0.009,0.053,0,0.001,0.004,0.001,0.226,0.012,0.033,0.001,0.063
AMT19,5,9.962333333,-31.63583333,20091103,0,0.015,0.004,0.007,0.007,0.007,0.001,0.047,0.004,0.023,0,0,0.002,0,0.125,0.008,0.014,0.001,0.064
AMT19,5,8.805666667,-30.86483333,20091104,0,0.014,0.006,0.008,0.008,0.013,0.001,0.016,0.006,0.024,0,0,0.002,0,0.13,0.007,0.016,0.001,0.061
AMT19,5,8.118333333,-30.40383333,20091104,0,0.012,0.004,0.006,0.005,0.007,0,0.033,0.004,0.018,0,0.001,0.001,0,0.095,0.007,0.011,0.001,0.069
AMT19,5,5.948666667,-28.95766667,20091105,0,0.017,0.007,0.01,0.008,0.01,0.001,0.05,0.006,0.029,0,0,0.002,0,0.152,0.012,0.018,0.001,0.082
AMT19,5,5.299166667,-28.52783333,20091105,0,0.024,0.011,0.016,0.015,0.006,0,0.087,0.007,0.046,0,0.001,0.003,0,0.219,0.029,0.031,0.001,0.074
AMT19,5,4.054166667,-27.69333333,20091106,0,0.018,0.006,0.009,0.008,0.006,0,0.066,0.005,0.024,0,0,0.002,0,0.155,0.016,0.017,0.001,0.062
AMT19,5,2.505166667,-26.67146667,20091106,0,0.011,0.003,0.005,0.004,0.004,0,0.045,0.003,0.012,0,0,0.001,0,0.079,0.007,0.009,0.001,0.075
AMT19,5,0.218166667,-25.14666667,20091107,0,0.011,0.007,0.008,0.008,0.01,0.002,0.054,0.003,0.024,0,0,0.003,0,0.107,0.01,0.016,0.001,0.07
AMT19,5,-0.388166667,-24.99933333,20091107,0,0.012,0.019,0.017,0.015,0.013,0.001,0.061,0.005,0.048,0,0,0.003,0,0.145,0.011,0.032,0.001,0.073
AMT19,5,-2.878166667,-25.00416667,20091108,0,0.01,0.004,0.006,0.005,0.008,0.002,0.06,0.003,0.015,0,0.001,0.002,0,0.098,0.011,0.011,0.001,0.081
AMT19,5,-2.893666667,-24.998,20091108,0,0.011,0.005,0.007,0.004,0.005,0,0.055,0.003,0.015,0,0,0.002,0,0.089,0.011,0.011,0.001,0.082
AMT19,5,-4.286,-25.00033333,20091109,0,0.014,0.009,0.011,0.008,0.007,0.002,0.083,0.003,0.023,0,0,0.003,0,0.139,0.021,0.019,0.001,0.08
AMT19,5,-5.1301,-24.998,20091109,0,0.009,0.006,0.007,0.006,0.008,0.003,0.054,0.002,0.017,0,0.001,0.001,0,0.096,0.012,0.013,0.001,0.07
AMT19,5,-5.784666667,-25.001,20091109,0,0.012,0.006,0.008,0.005,0.006,0.001,0.076,0.002,0.016,0,0,0.002,0,0.115,0.016,0.013,0.001,0.086
AMT19,5,-6.312166667,-25.00133333,20091109,0,0.009,0.007,0.007,0.006,0.006,0.001,0.044,0.002,0.017,0,0.001,0.002,0,0.084,0.012,0.013,0.001,0.066
AMT19,5,-7.35965,-24.9875,20091110,0,0.007,0.004,0.006,0.005,0.003,0,0.035,0.002,0.014,0,0,0.002,0,0.069,0.009,0.011,0.001,0.052
AMT19,5,-8.37995,-24.99581667,20091110,0,0.01,0.006,0.007,0.006,0.008,0.002,0.065,0.002,0.017,0,0.001,0.002,0,0.11,0.015,0.013,0.001,0.07
AMT19,5,-8.822916667,-24.99775,20091110,0,0.004,0.004,0.003,0.003,0.005,0.002,0.02,0.002,0.01,0,0,0.001,0,0.046,0.003,0.006,0.001,0.037
AMT19,5,-9.424666667,-24.99663333,20091110,0,0.004,0.003,0.004,0.003,0.004,0,0.018,0.002,0.01,0,0,0.001,0,0.043,0.004,0.007,0.001,0.04
AMT19,5,-10.64641667,-24.9959,20091111,0,0.004,0.003,0.003,0.002,0.002,0,0.017,0.002,0.007,0,0,0.001,0,0.039,0.003,0.005,0.001,0.034
AMT19,5,-11.31183333,-24.998,20091111,0,0.004,0.003,0.003,0.002,0.005,0.002,0.015,0.002,0.008,0,0,0.001,0,0.04,0.003,0.005,0.001,0.034
AMT19,5,-12.03483333,-24.99866667,20091111,0,0.004,0.002,0.003,0.002,0.004,0.001,0.015,0.002,0.007,0,0,0.001,0,0.034,0.002,0.005,0.001,0.031
AMT19,5,-12.98666667,-24.99683333,20091111,0,0.004,0.003,0.003,0.002,0.003,0,0.014,0.002,0.008,0,0,0.001,0,0.036,0.003,0.005,0.001,0.037
AMT19,5,-13.85766667,-25.05716667,20091112,0,0.003,0.002,0.003,0.002,0.005,0.001,0.013,0.001,0.007,0,0,0.001,0,0.033,0.002,0.005,0,0.029
AMT19,5,-14.66733333,-25.02566667,20091113,0,0.003,0.002,0.003,0.002,0.004,0.001,0.011,0.002,0.007,0,0,0.001,0,0.031,0.002,0.005,0.001,0.028
AMT19,5,-16.36316667,-24.99616667,20091114,0,0.003,0.003,0.003,0.002,0.002,0,0.007,0.001,0.007,0,0,0.001,0,0.03,0.002,0.005,0.001,0.017
AMT19,5,-17.34683333,-24.99916667,20091114,0,0.002,0.003,0.003,0.002,0.005,0.001,0.006,0.002,0.007,0,0,0.001,0,0.029,0.002,0.005,0.001,0.017
AMT19,5,-18.18333333,-24.99716667,20091114,0,0.002,0.002,0.002,0.002,0.003,0,0.005,0.001,0.005,0,0,0,0,0.02,0.001,0.004,0.001,0.015
AMT19,5,-19.49648333,-24.99966667,20091115,0,0.003,0.002,0.003,0.002,0.003,0,0.008,0.002,0.006,0,0,0.001,0,0.029,0.002,0.005,0.001,0.017
AMT19,5,-21.447,-24.9935,20091116,0,0.002,0.003,0.002,0.002,0.004,0,0.007,0.002,0.005,0,0,0.001,0,0.026,0.001,0.004,0.001,0.018
AMT19,5,-22.85383333,-24.99616667,20091116,0,0.004,0.003,0.004,0.003,0.004,0,0.014,0.002,0.009,0,0,0.002,0,0.044,0.003,0.007,0.001,0.027
AMT19,5,-23.76283333,-25.00216667,20091116,0,0.004,0.003,0.003,0.002,0.008,0.003,0.015,0.003,0.008,0,0,0.001,0,0.044,0.003,0.005,0.001,0.029
AMT19,5,-24.23416667,-24.999,20091116,0,0.004,0.003,0.003,0.002,0.006,0.002,0.015,0.003,0.008,0,0,0.001,0,0.041,0.002,0.005,0.001,0.03
AMT19,5,-24.90583333,-24.99833333,20091116,0,0.004,0.004,0.004,0.003,0.004,0,0.013,0.003,0.009,0,0,0.001,0,0.041,0.003,0.007,0.001,0.031
AMT19,5,-26.11021667,-25.00475,20091117,0,0.006,0.003,0.005,0.004,0.004,0,0.023,0.003,0.012,0,0,0.002,0,0.059,0.003,0.009,0.001,0.034
AMT19,5,-27.54216667,-24.99966667,20091117,0,0.005,0.004,0.006,0.004,0.009,0.002,0.017,0.006,0.011,0,0,0.001,0,0.06,0.003,0.01,0.001,0.026
AMT19,5,-28.13683333,-25.18516667,20091117,0,0.005,0.004,0.005,0.003,0.006,0.001,0.016,0.005,0.009,0,0,0.001,0,0.05,0.002,0.008,0.001,0.029
AMT19,5,-28.79051667,-26.13561667,20091118,0,0.008,0.004,0.006,0.004,0.005,0,0.035,0.007,0.009,0,0,0.002,0,0.076,0.004,0.01,0.001,0.042
AMT19,5,-29.39166667,-27.03433333,20091118,0,0.006,0.003,0.004,0.003,0.006,0.005,0.028,0.006,0.006,0,0,0.001,0,0.06,0.002,0.007,0,0.039
AMT19,5,-29.98833333,-27.924,20091118,0,0.004,0.003,0.004,0.002,0.006,0.001,0.017,0.006,0.005,0,0,0.001,0,0.045,0.002,0.006,0.001,0.029
AMT19,5,-30.83378333,-29.18381667,20091119,0,0.007,0.004,0.006,0.004,0.004,0.001,0.029,0.007,0.008,0,0,0.001,0,0.065,0.004,0.01,0.001,0.041
AMT19,5,-31.54666667,-30.2545,20091119,0,0.006,0.004,0.005,0.004,0.012,0.004,0.021,0.008,0.011,0,0,0.001,0,0.07,0.003,0.009,0.001,0.036
AMT19,5,-32.01,-30.955,20091119,0,0.006,0.004,0.006,0.004,0.009,0.001,0.024,0.009,0.009,0,0,0.001,0,0.07,0.002,0.01,0.001,0.044
AMT19,5,-32.939,-32.38566667,20091120,0,0.009,0.006,0.01,0.008,0.007,0.001,0.034,0.01,0.019,0,0,0.002,0,0.101,0.005,0.018,0.001,0.058
AMT19,5,-32.811,-32.756,20091120,0,0.009,0.007,0.011,0.008,0.007,0.001,0.035,0.015,0.018,0,0,0.002,0,0.104,0.006,0.019,0.001,0.052
AMT19,5,-32.62916667,-33.1,20091120,0,0.011,0.008,0.011,0.009,0.006,0.001,0.042,0.015,0.017,0,0,0.002,0,0.109,0.005,0.02,0.001,0.055
AMT19,5,-33.41783333,-34.245,20091121,0,0.007,0.013,0.012,0.011,0.008,0.001,0.015,0.004,0.029,0,0,0.002,0,0.098,0.006,0.023,0.001,0.029
AMT19,5,-33.88366667,-34.9745,20091121,0,0.006,0.009,0.008,0.007,0.012,0.002,0.018,0.004,0.019,0,0,0.002,0,0.082,0.005,0.015,0.001,0.033
AMT19,5,-34.4705,-35.84666667,20091121,0,0.006,0.011,0.009,0.009,0.011,0.001,0.018,0.006,0.024,0,0.001,0.002,0,0.094,0.006,0.018,0.002,0.035
AMT19,5,-35.294,-37.11133333,20091122,0.002,0.021,0.041,0.043,0.042,0.024,0.003,0.049,0.02,0.116,0.001,0.004,0.01,0.003,0.361,0.037,0.085,0.006,0.075
AMT19,5,-35.104,-37.02216667,20091123,0.005,0.022,0.081,0.08,0.089,0.026,0,0.034,0.035,0.239,0,0.006,0.02,0.005,0.541,0.058,0.169,0.006,0.041
AMT19,5,-35.587,-37.64733333,20091123,0.003,0.02,0.056,0.05,0.056,0.051,0.012,0.061,0.022,0.146,0.001,0.003,0.011,0.004,0.407,0.04,0.106,0.003,0.057
AMT19,5,-35.96816667,-38.11766667,20091123,0.002,0.021,0.027,0.042,0.047,0.057,0.014,0.029,0.052,0.124,0,0.003,0.008,0.003,0.381,0.028,0.089,0.004,0.078
AMT19,5,-36.4255,-38.85,20091123,0.006,0.026,0.051,0.134,0.149,0.111,0,0.006,0.047,0.565,0,0.008,0.015,0.004,0.849,0.067,0.283,0.008,0.065
AMT19,5,-37.29766667,-40.1895,20091124,0.006,0.034,0.045,0.064,0.059,0.038,0,0.007,0.037,0.164,0,0.01,0.031,0.007,0.656,0.092,0.123,0.01,0.123
AMT19,5,-37.866,-41.091,20091124,0.006,0.026,0.073,0.084,0.09,0.071,0.011,0.028,0.042,0.25,0.001,0.007,0.019,0.006,0.648,0.068,0.174,0.006,0.086
AMT19,5,-38.442,-41.996,20091124,0.007,0.033,0.04,0.073,0.067,0.049,0.007,0.005,0.066,0.209,0,0.007,0.012,0.008,0.635,0.059,0.14,0.007,0.155
AMT19,5,-39.315,-43.39233333,20091125,0.015,0.095,0.058,0.546,0.658,0.293,0,0,0.079,2.642,0,0.012,0.057,0,3.32,0.108,1.204,0.007,0.137
AMT19,5,-39.96833333,-44.44016667,20091125,0.044,0.067,0.107,0.237,0.199,0.242,0.041,0,0.559,0.282,0.011,0.017,0,0.029,1.671,0.13,0.436,0.011,0.136
AMT19,5,-41.8925,-47.61083333,20091126,0.013,0.057,0.071,0.329,0.463,0.183,0,0,0.175,1.539,0,0.009,0.024,0,2.149,0.08,0.792,0.007,0.019
AMT19,5,-42.24916667,-48.23033333,20091126,0.036,0.06,0.158,0.315,0.293,0.246,0.05,0,0.554,0.606,0.008,0.019,0.008,0,1.919,0.133,0.608,0.015,0.125
AMT19,5,-42.69566667,-48.97516667,20091126,0.017,0.036,0.049,0.064,0.04,0.03,0.005,0.003,0.069,0.081,0.003,0.013,0.004,0.016,0.557,0.105,0.104,0.013,0.106
AMT20,1.7,49.406,-11.1648,2010-10-14T05:40,0.001,0.02,0.106,0.073,0.078,0.03,0.001,0.123,0.031,0.378,0.001,0,0.009,0,0.346,0.073,0.151,0.001,0.041
AMT20,1.3,49.2708,-12.8839,2010-10-14T13:05,0.001,0.018,0.078,0.051,0.045,0.044,0.001,0.142,0.024,0.192,0.001,0,0.02,0,0.212,0.057,0.096,0.001,0.055
AMT20,1.5,49.0528,-16.4282,2010-10-15T05:38,0.006,0.018,0.102,0.097,0.066,0.047,0.001,0.123,0.042,0.267,0.001,0,0.143,0,0.356,0.064,0.163,0.001,0.044
AMT20,1.6,48.1178,-17.3252,2010-10-15T13:07,0.001,0.016,0.139,0.098,0.073,0.069,0.001,0.082,0.052,0.317,0.003,0,0.092,0,0.394,0.063,0.171,0.004,0.044
AMT20,1.4,46.0566,-19.2,2010-10-16T05:50,0.001,0.014,0.083,0.05,0.044,0.023,0.001,0.134,0.021,0.184,0.003,0,0.03,0,0.21,0.056,0.094,0.001,0.05
AMT20,1.4,45.1974,-19.9337,2010-10-16T13:05,0.001,0.02,0.075,0.046,0.038,0.046,0.001,0.195,0.024,0.185,0.001,0,0.01,0,0.185,0.077,0.084,0.001,0.077
AMT20,1.6,43.5496,-21.3642,2010-10-17T05:52,0.001,0.016,0.082,0.051,0.043,0.02,0.001,0.119,0.025,0.173,0.001,0,0.018,0,0.187,0.054,0.094,0.003,0.048
AMT20,2.7,40.9943,-23.4794,2010-10-18T05:35,0.001,0.011,0.028,0.016,0.019,0.014,0.001,0.107,0.005,0.078,0.001,0,0.004,0,0.091,0.01,0.035,0.001,0.001
AMT20,2,40.1274,-24.1928,2010-10-18T13:06,0.001,0.011,0.018,0.013,0.014,0.019,0.001,0.097,0.01,0.048,0.001,0,0.002,0,0.073,0.011,0.027,0.001,0.047
AMT20,1.3,38.2815,-25.6456,2010-10-19T06:00,0.001,0.006,0.016,0.01,0.012,0.011,0.001,0.002,0.004,0.036,0.001,0,0.002,0,0.065,0.005,0.022,0.001,0.026
AMT20,2.6,33.8424,-30.2035,2010-10-21T14:03,0.001,0.005,0.017,0.008,0.01,0.007,0.001,0.035,0.004,0.033,0.001,0,0.002,0,0.051,0.005,0.018,0.003,0.017
AMT20,1.4,32.429,-31.8056,2010-10-22T06:56,0.001,0.004,0.007,0.005,0.006,0.009,0.001,0.025,0.01,0.018,0.001,0,0.002,0,0.033,0.005,0.011,0.002,0.034
AMT20,1.8,31.7304,-32.5631,2010-10-22T14:09,0.001,0.004,0.006,0.003,0.005,0.012,0.001,0.03,0.009,0.021,0.002,0,0.002,0,0.033,0.006,0.008,0.001,0.034
AMT20,3,30.2962,-34.1839,2010-10-23T06:35,0.001,0.005,0.006,0.011,0.006,0.005,0.001,0.033,0.001,0.024,0.001,0,0.002,0,0.038,0.005,0.017,0.001,0.03
AMT20,2.8,29.6102,-34.9013,2010-10-23T14:10,0.001,0.004,0.008,0.002,0.006,0.015,0.001,0.024,0.006,0.024,0.001,0,0.002,0,0.033,0.005,0.008,0.003,0.03
AMT20,2.4,28.1128,-36.5083,2010-10-24T07:00,0.001,0.004,0.008,0.005,0.006,0.007,0.001,0.028,0.003,0.02,0.001,0,0.002,0,0.037,0.005,0.011,0.001,0.023
AMT20,3.3,27.4516,-37.2334,2010-10-24T14:03,0.001,0.006,0.006,0.005,0.005,0.015,0.001,0.031,0.008,0.034,0.001,0,0.002,0,0.07,0.01,0.01,0.001,0.023
AMT20,3.5,25.984,-38.7833,2010-10-25T06:39,0.001,0.005,0.008,0.005,0.007,0.01,0.001,0.026,0.001,0.033,0.001,0,0.002,0,0.062,0.005,0.012,0.004,0.017
AMT20,5.5,25.2703,-39.5304,2010-10-25T14:10,0.001,0.007,0.012,0.008,0.013,0.011,0.001,0.039,0.001,0.051,0.001,0,0.002,0,0.063,0.007,0.021,0.004,0.024
AMT20,2.5,23.7651,-41.1073,2010-10-26T06:48,0.002,0.003,0.004,0.004,0.006,0.011,0.001,0.023,0.001,0.027,0.001,0,0.002,0,0.056,0.005,0.01,0.002,0.017
AMT20,1.7,22.9636,-40.532,2010-10-26T14:06,0.001,0.013,0.009,0.008,0.009,0.009,0.001,0.042,0.001,0.034,0.001,0,0.002,0,0.132,0.005,0.017,0.001,0.029
AMT20,1.6,21.213,-39.2911,2010-10-27T06:40,0.001,0.005,0.006,0.005,0.001,0.009,0.001,0.034,0.001,0.023,0.001,0,0.002,0,0.041,0.005,0.006,0.003,0.025
AMT20,2.3,20.431,-38.739,2010-10-27T14:08,0.002,0.005,0.003,0.004,0.001,0.011,0.001,0.04,0.001,0.018,0.003,0,0.002,0,0.038,0.005,0.005,0.001,0.035
AMT20,2.5,18.691,-37.5228,2010-10-28T07:00,0.001,0.005,0.005,0.005,0.005,0.011,0.001,0.045,0.004,0.023,0.001,0,0.002,0,0.05,0.006,0.01,0.004,0.036
AMT20,2.1,17.9128,-36.9839,2010-10-28T14:07,0.001,0.008,0.004,0.004,0.006,0.017,0.001,0.04,0.007,0.022,0.001,0,0.002,0,0.051,0.005,0.01,0.003,0.054
AMT20,2.1,16.1883,-35.8048,2010-10-29T06:41,0.001,0.013,0.005,0.007,0.007,0.011,0.001,0.092,0.008,0.032,0.001,0,0.002,0,0.091,0.005,0.014,0.001,0.067
AMT20,1.6,15.4238,-35.2855,2010-10-29T14:07,0.001,0.009,0.004,0.004,0.004,0.014,0.001,0.064,0.003,0.02,0.001,0,0.002,0,0.063,0.005,0.008,0.001,0.061
AMT20,1.9,13.4658,-33.9539,2010-10-30T07:00,0.001,0.012,0.006,0.007,0.006,0.009,0.001,0.11,0.01,0.023,0.001,0,0.002,0,0.062,0.005,0.013,0.001,0.055
AMT20,2.2,12.5455,-33.3289,2010-10-30T14:08,0.001,0.022,0.008,0.008,0.009,0.021,0.001,0.161,0.009,0.028,0.001,0,0.002,0,0.08,0.009,0.017,0.001,0.1
AMT20,9.7,10.5718,-31.9983,2010-10-31T07:14,0.001,0.018,0.006,0.008,0.008,0.007,0.001,0.15,0.009,0.027,0.001,0,0.002,0,0.076,0.003,0.016,0.002,0.08
AMT20,4.3,9.7516,-31.4572,2010-10-31T14:12,0.001,0.018,0.007,0.01,0.007,0.006,0.001,0.137,0.007,0.025,0.003,0,0.002,0,0.086,0.005,0.017,0.001,0.079
AMT20,2.9,7.8171,-30.1599,2010-11-01T06:39,0.002,0.013,0.008,0.008,0.007,0.012,0.001,0.083,0.001,0.006,0.003,0,0.002,0,0.074,0.005,0.015,0.002,0.07
AMT20,2.7,6.7873,-29.484,2010-11-01T14:12,0.002,0.009,0.006,0.004,0.004,0.021,0.001,0.06,0.002,0.021,0.002,0,0.002,0,0.063,0.005,0.008,0.002,0.06
AMT20,3.1,4.7998,-28.1611,2010-11-02T05:51,0.01,0.018,0.007,0.005,0.006,0.011,0.001,0.106,0.002,0.024,0.001,0,0.002,0,0.117,0.005,0.011,0.002,0.091
AMT20,1.3,-3.8472,-25.014,2010-11-05T06:07,0.001,0.004,0.004,0.005,0.003,0.008,0.001,0.041,0.001,0.019,0.003,0,0.002,0,0.024,0.005,0.008,0.001,0.041
AMT20,2.2,-4.8906,-25.0296,2010-11-05T13:11,0.001,0.004,0.003,0.004,0.001,0.02,0.001,0.052,0.002,0.01,0.001,0,0.002,0,0.03,0.005,0.005,0.003,0.048
AMT20,2.8,-6.0543,-23.7602,2010-11-06T05:46,0.001,0.006,0.005,0.005,0.005,0.009,0.001,0.054,0.004,0.008,0.001,0,0.002,0,0.029,0.005,0.01,0.001,0.049
AMT20,2,-6.2674,-22.6974,2010-11-06T13:09,0.001,0.006,0.007,0.006,0.004,0.015,0.001,0.065,0.001,0.012,0.001,0,0.002,0,0.037,0.009,0.01,0.002,0.061
AMT20,2.1,-12.5292,-19.022,2010-11-10T04:30,0.001,0.006,0.007,0.007,0.004,0.013,0.001,0.046,0.002,0.019,0.001,0,0.002,0,0.032,0.005,0.011,0.001,0.059
AMT20,1.4,-13.4733,-19.9666,2010-11-10T13:07,0.001,0.004,0.005,0.004,0.005,0.016,0.001,0.039,0.004,0.015,0.001,0,0.002,0,0.027,0.02,0.009,0.001,0.045
AMT20,3.2,-15.3313,-21.8412,2010-11-11T04:28,0.001,0.003,0.003,0.003,0.001,0.012,0.001,0.01,0.001,0.018,0.001,0,0.002,0,0.029,0.016,0.004,0.001,0.019
AMT20,4,-16.3161,-22.8417,2010-11-11T13:07,0.001,0.003,0.005,0.005,0.001,0.01,0.001,0.027,0.004,0.017,0.001,0,0.002,0,0.045,0.019,0.006,0.001,0.016
AMT20,1.7,-20.3796,-25.0892,2010-11-13T04:31,0.002,0.003,0.003,0.004,0.003,0.017,0.001,0.015,0.013,0.015,0.001,0,0.002,0,0.033,0.016,0.007,0.001,0.015
AMT20,3.2,-21.7052,-25.0971,2010-11-13T13:05,0.001,0.003,0.002,0.004,0.002,0.022,0.001,0.013,0.004,0.017,0.001,0,0.002,0,0.028,0.005,0.006,0.001,0.015
AMT20,2.7,-23.8378,-26.5665,2010-11-14T04:55,0.001,0.003,0.001,0.004,0.003,0.014,0.001,0.021,0.005,0.021,0.003,0,0.002,0,0.034,0.018,0.007,0.001,0.024
AMT20,3.9,-24.8191,-27.3597,2010-11-14T13:30,0.001,0.004,0.006,0.004,0.004,0.022,0.001,0.025,0.007,0.018,0.001,0,0.002,0,0.034,0.021,0.008,0.001,0.033
AMT20,3,-26.8573,-29.0661,2010-11-15T05:36,0.077,0.006,0.007,0.006,0.006,0.001,0.001,0.006,0.012,0.026,0.005,0,0.005,0,0.043,0.068,0.012,0.014,0.002
AMT20,2.6,-27.9154,-29.9846,2010-11-15T14:10,0.079,0.007,0.006,0.005,0.006,0.011,0.001,0.007,0.011,0.02,0.001,0,0.002,0,0.044,0.071,0.011,0.02,0.008
AMT20,2,-29.9423,-31.8229,2010-11-16T05:31,0.055,0.006,0.005,0.007,0.006,0.001,0.001,0.006,0.01,0.026,0.001,0,0.002,0,0.041,0.066,0.013,0.015,0.004
AMT20,1.5,-30.9977,-32.8167,2010-11-16T14:23,0.024,0.003,0.011,0.005,0.005,0.01,0.002,0.003,0.013,0.033,0.001,0,0.002,0,0.064,0.102,0.01,0.028,0.001
AMT20,2.2,-33.0444,-34.8454,2010-11-17T05:30,0.029,0.004,0.009,0.009,0.007,0.001,0.001,0.004,0.014,0.04,0.001,0,0.002,0,0.072,0.115,0.016,0.027,0.007
AMT20,3,-34.1072,-35.9253,2010-11-17T14:12,0.023,0.003,0.009,0.007,0.006,0.004,0.002,0.003,0.011,0.035,0.001,0,0.002,0,0.057,0.09,0.013,0.028,0.008
AMT20,2.7,-36.0874,-38.0892,2010-11-18T05:32,0.093,0.012,0.053,0.028,0.028,0.001,0.002,0.012,0.032,0.104,0.001,0,0.004,0,0.179,0.287,0.056,0.039,0.004
AMT20,6,-37.0936,-39.229,2010-11-18T14:11,0.107,0.01,0.026,0.014,0.009,0.003,0.002,0.01,0.011,0.033,0.001,0,0.002,0,0.098,0.157,0.023,0.025,0.006
AMT20,4.7,-38.9224,-41.4561,2010-11-19T05:38,0.039,0.015,0.106,0.079,0.081,0.001,0.002,0.015,0.083,0.277,0.001,0,0.039,0,0.432,0.691,0.16,0.058,0.045
AMT20,5.7,-39.7914,-42.5517,2010-11-19T14:12,0.052,0.027,0.24,0.189,0.193,0.023,0.006,0.027,0.232,0.665,0.001,0,0.066,0,0.892,1.427,0.382,0.245,0.046
AMT20,2.1,-41.6548,-45.0941,2010-11-20T06:41,0.021,0.016,0.176,0.161,0.116,0.213,0.014,0.002,0.307,0.455,0.005,0,0.023,0,0.594,0.037,0.277,0.007,0.017
AMT20,2.9,-42.498,-46.2962,2010-11-20T15:12,0.001,0.013,0.14,0.115,0.089,0.263,0.037,0.002,0.201,0.37,0.002,0,0.002,0,0.487,0.005,0.204,0.004,0.004
AMT20,2.4,-44.2002,-48.9401,2010-11-21T06:30,0.038,0.02,0.216,0.061,0.129,0.214,0.012,0.002,0.148,0.681,0.001,0,0.002,0,0.814,0.049,0.19,0.002,0.002
AMT20,3.1,-45.0164,-50.2846,2010-11-21T15:12,0.018,0.011,0.063,0.042,0.061,0.113,0.018,0.002,0.071,0.334,0.001,0,0.02,0,0.402,0.038,0.103,0.001,0.021
AMT22,5,49.53025,-9.25313333333333,20121011,0.015,0.023,0.078,0.119,0.171,0.047,0.006,0,0.156,0.371,0,0.005,0.02,0.012,0.757,0.048,0.29,0.005,0.003
AMT22,5,49.29405,-12.4685,20121012,0.003,0.017,0.065,0.058,0.06,0.025,0.004,0.045,0.028,0.155,0.003,0.004,0.027,0.003,0.38,0.047,0.118,0.004,0.048
AMT22,5,49.2200166666667,-13.4996333333333,20121012,0.003,0.019,0.108,0.082,0.085,0.032,0.004,0.048,0.037,0.216,0.003,0.005,0.028,0.003,0.482,0.056,0.167,0.004,0.049
AMT22,5,49.1140666666667,-14.9476666666667,20121012,0.003,0.01,0.075,0.076,0.085,0.036,0.004,0,0.038,0.225,0.003,0.003,0.053,0.003,0.396,0.025,0.161,0.003,0.016
AMT22,5,47.8817666666667,-17.2666333333333,20121013,0.002,0.026,0.055,0.046,0.051,0.041,0.006,0.113,0.021,0.135,0.001,0.003,0.009,0.002,0.371,0.048,0.097,0.002,0.09
AMT22,5,47.1516833333333,-17.7564166666667,20121013,0.002,0.024,0.092,0.076,0.082,0.032,0.004,0.083,0.035,0.227,0.002,0.003,0.021,0.003,0.47,0.045,0.158,0.003,0.07
AMT22,5,46.1037666666667,-18.4541666666667,20121014,0.001,0.021,0.036,0.029,0.031,0.012,0.001,0.093,0.013,0.073,0.001,0.002,0.007,0.002,0.258,0.043,0.06,0.002,0.067
AMT22,5,45.3860333333333,-18.9200333333333,20121014,0,0.019,0.023,0.021,0.02,0.008,0.001,0.097,0.009,0.047,0,0,0.003,0,0.206,0.03,0.041,0.001,0.058
AMT22,5,44.7635,-19.3251666666667,20121014,0.001,0.019,0.045,0.036,0.041,0.028,0.004,0.084,0.016,0.106,0.001,0.002,0.006,0,0.287,0.031,0.077,0.002,0.06
AMT22,5,44.1292666666667,-19.7203333333333,20121014,0,0.017,0.038,0.03,0.035,0.025,0.003,0.077,0.013,0.09,0,0,0.006,0,0.246,0.024,0.065,0.001,0.065
AMT22,5,43.0924,-20.3774666666667,20121015,0.001,0.02,0.032,0.025,0.028,0.014,0.001,0.089,0.012,0.07,0.002,0.002,0.007,0,0.239,0.034,0.053,0.002,0.076
AMT22,5,41.9711333333333,-21.0703333333333,20121015,0,0.015,0.017,0.013,0.014,0.01,0.002,0.063,0.008,0.037,0,0,0.003,0,0.151,0.014,0.027,0.002,0.06
AMT22,5,41.65425,-21.2649166666667,20121015,0.001,0.015,0.019,0.016,0.014,0.008,0.001,0.071,0.008,0.037,0,0,0.002,0,0.156,0.016,0.03,0.001,0.057
AMT22,5,41.4639333333333,-21.3839833333333,20121015,0,0.012,0.017,0.015,0.013,0.008,0.001,0.077,0.009,0.033,0,0,0.002,0,0.19,0.013,0.028,0.001,0.052
AMT22,5,40.9155666666667,-21.7058,20121015,0,0.016,0.02,0.017,0.015,0.008,0.001,0.073,0.008,0.039,0,0,0.003,0,0.165,0.017,0.032,0.001,0.067
AMT22,5,39.9330833333333,-22.3059333333333,20121016,0,0.012,0.012,0.01,0.009,0.006,0,0.045,0.008,0.023,0,0,0.003,0,0.111,0.009,0.019,0.001,0.062
AMT22,5,39.3287666666667,-22.65005,20121016,0,0.01,0.008,0.007,0.007,0.004,0,0.042,0.005,0.019,0,0,0.003,0,0.098,0.009,0.014,0.001,0.045
AMT22,5,38.5131333333333,-23.1234,20121016,0,0.01,0.009,0.008,0.008,0.008,0.001,0.044,0.006,0.021,0,0,0.003,0,0.104,0.009,0.016,0.001,0.051
AMT22,5,37.8625833333333,-23.4973166666667,20121016,0,0.008,0.008,0.007,0.006,0.005,0.001,0.032,0.005,0.017,0,0,0.002,0,0.083,0.008,0.013,0.001,0.045
AMT22,5,36.8706666666667,-24.16535,20121017,0,0.01,0.009,0.007,0.007,0.006,0,0.035,0.005,0.019,0,0,0.002,0,0.09,0.008,0.014,0.001,0.045
AMT22,5,36.4088333333333,-24.7856333333333,20121017,0,0.007,0.006,0.006,0.005,0.004,0,0.028,0.004,0.015,0,0,0.002,0,0.071,0.007,0.011,0.001,0.041
AMT22,5,36.0711166666667,-25.2842333333333,20121017,0,0.008,0.008,0.007,0.006,0.005,0,0.03,0.004,0.018,0,0,0.002,0,0.081,0.007,0.013,0.001,0.045
AMT22,5,35.8470333333333,-25.5942833333333,20121017,0,0.007,0.008,0.007,0.007,0.007,0,0.027,0.005,0.018,0,0,0.002,0,0.084,0.009,0.014,0.002,0.04
AMT22,5,35.3171333333333,-26.3205666666667,20121017,0,0.007,0.009,0.008,0.007,0.005,0,0.026,0.006,0.018,0,0,0.002,0,0.082,0.008,0.015,0.002,0.042
AMT22,5,34.49565,-27.4106166666667,20121018,0,0.008,0.007,0.006,0.005,0.004,0,0.028,0.004,0.015,0,0,0.002,0,0.076,0.007,0.011,0.001,0.045
AMT22,5,34.10395,-27.9256,20121018,0,0.008,0.008,0.007,0.007,0.004,0,0.031,0.005,0.019,0,0,0.002,0,0.083,0.009,0.014,0.001,0.041
AMT22,5,33.64945,-28.5595166666667,20121018,0.001,0.008,0.006,0.007,0.006,0.007,0.001,0.027,0.005,0.019,0,0,0.002,0,0.078,0.007,0.013,0.001,0.037
AMT22,5,33.4029,-28.9073166666667,20121018,0,0.007,0.007,0.006,0.007,0.006,0.001,0.027,0.005,0.02,0,0,0.002,0,0.079,0.008,0.013,0.001,0.036
AMT22,5,32.8794833333333,-29.5742666666667,20121018,0,0.007,0.007,0.007,0.007,0.005,0.001,0.028,0.005,0.021,0,0,0.002,0,0.079,0.008,0.014,0.001,0.038
AMT22,5,32.235,-30.4279,20121019,0,0.006,0.006,0.005,0.005,0.004,0,0.019,0.004,0.016,0,0,0.002,0,0.061,0.007,0.01,0.001,0.034
AMT22,5,31.5682333333333,-31.3027666666667,20121019,0,0.007,0.006,0.006,0.006,0.004,0,0.022,0.004,0.017,0,0,0.002,0,0.07,0.007,0.012,0.001,0.033
AMT22,5,31.10605,-31.9073666666667,20121019,0,0.005,0.005,0.005,0.005,0.008,0.001,0.017,0.004,0.014,0,0,0.001,0,0.056,0.004,0.01,0.001,0.031
AMT22,5,30.7238666666667,-32.399,20121019,0,0.006,0.005,0.005,0.006,0.006,0.001,0.021,0.004,0.016,0,0,0.002,0,0.061,0.006,0.011,0.001,0.036
AMT22,5,29.8829,-33.4767,20121020,0,0.006,0.005,0.005,0.005,0.004,0,0.021,0.003,0.015,0,0,0.002,0,0.059,0.006,0.01,0.001,0.034
AMT22,5,29.671,-33.725,20121020,0,0.005,0.005,0.005,0.005,0.003,0,0.017,0.003,0.014,0,0,0.002,0,0.054,0.006,0.01,0.001,0.028
AMT22,5,28.9369833333333,-34.6662166666667,20121020,0,0.003,0.004,0.003,0.003,0.006,0.001,0.011,0.003,0.009,0,0,0.001,0,0.038,0.003,0.006,0.001,0.024
AMT22,5,28.3997166666667,-35.36605,20121020,0,0.004,0.005,0.003,0.003,0.005,0.001,0.015,0.003,0.01,0,0,0.001,0,0.044,0.004,0.006,0.001,0.026
AMT22,5,27.7106666666667,-36.2260166666667,20121021,0,0.006,0.005,0.004,0.005,0.005,0,0.02,0.004,0.013,0,0,0.002,0,0.06,0.006,0.009,0.001,0.031
AMT22,5,27.2768333333333,-36.7663333333333,20121021,0,0.006,0.005,0.005,0.005,0.003,0,0.019,0.004,0.014,0,0,0.002,0,0.059,0.006,0.01,0.001,0.028
AMT22,5,26.7172666666667,-37.4712333333333,20121021,0,0.005,0.005,0.004,0.004,0.008,0.001,0.014,0.003,0.013,0,0,0.001,0,0.055,0.004,0.008,0.001,0.023
AMT22,5,26.1793,-38.1266666666667,20121021,0,0.009,0.005,0.006,0.006,0.007,0.001,0.018,0.004,0.018,0,0,0.002,0,0.086,0.006,0.012,0.001,0.029
AMT22,5,25.8589333333333,-38.5208333333333,20121021,0,0.008,0.005,0.005,0.006,0.007,0,0.015,0.004,0.016,0,0,0.002,0,0.084,0.006,0.011,0.001,0.026
AMT22,5,25.4847166666667,-38.98745,20121022,0,0.008,0.005,0.005,0.005,0.006,0,0.019,0.004,0.017,0,0,0.002,0,0.077,0.006,0.01,0.001,0.03
AMT22,5,25.1121666666667,-39.4358333333333,20121022,0,0.008,0.006,0.007,0.007,0.004,0,0.019,0.004,0.02,0,0,0.002,0,0.089,0.007,0.014,0.001,0.025
AMT22,5,24.59785,-40.0748666666667,20121022,0,0.007,0.005,0.005,0.005,0.009,0.001,0.016,0.004,0.017,0,0,0.002,0,0.072,0.005,0.01,0.001,0.028
AMT22,5,23.9910166666667,-40.8183,20121022,0,0.004,0.004,0.004,0.004,0.005,0,0.011,0.003,0.011,0,0,0.002,0,0.045,0.003,0.008,0.001,0.021
AMT22,5,23.2710666666667,-40.7265833333333,20121023,0,0.009,0.004,0.004,0.004,0.006,0,0.018,0.003,0.014,0,0.001,0.001,0,0.079,0.005,0.008,0.001,0.032
AMT22,5,23.1638333333333,-40.6036666666667,20121023,0,0.009,0.005,0.005,0.005,0.006,0,0.025,0.003,0.016,0,0,0.002,0,0.09,0.007,0.01,0.001,0.035
AMT22,5,22.7075,-40.2943333333333,20121023,0,0.01,0.005,0.007,0.006,0.005,0,0.028,0.004,0.019,0,0,0.002,0,0.103,0.008,0.013,0.001,0.035
AMT22,5,22.10485,-39.8222333333333,20121023,0,0.01,0.005,0.005,0.005,0.01,0.001,0.026,0.003,0.017,0,0,0.002,0,0.101,0.006,0.01,0.001,0.042
AMT22,5,21.34595,-39.2327833333333,20121024,0,0.011,0.004,0.005,0.005,0.007,0,0.027,0.003,0.016,0,0,0.002,0,0.102,0.006,0.01,0.001,0.041
AMT22,5,20.6676666666667,-38.7116666666667,20121024,0,0.009,0.004,0.005,0.004,0.006,0,0.025,0.003,0.012,0,0,0.002,0,0.084,0.006,0.009,0.001,0.042
AMT22,5,20.5631666666667,-38.587,20121024,0,0.009,0.004,0.004,0.004,0.004,0,0.023,0.003,0.012,0,0,0.002,0,0.079,0.006,0.008,0.001,0.035
AMT22,5,19.9128333333333,-38.1411666666667,20121024,0,0.011,0.005,0.007,0.006,0.008,0.001,0.032,0.004,0.019,0,0.001,0.003,0,0.102,0.009,0.013,0.001,0.043
AMT22,5,19.5615,-37.8676666666667,20121024,0,0.014,0.004,0.004,0.005,0.01,0.001,0.033,0.003,0.014,0,0,0.002,0,0.122,0.007,0.009,0.001,0.047
AMT22,5,18.6326,-37.1631833333333,20121024,0,0.01,0.003,0.005,0.004,0.005,0,0.03,0.003,0.013,0,0,0.002,0,0.077,0.005,0.009,0.001,0.054
AMT22,5,18.2606166666667,-36.8829166666667,20121024,0,0.009,0.004,0.004,0.004,0.005,0,0.029,0.004,0.012,0,0,0.001,0,0.073,0.006,0.008,0.001,0.052
AMT22,5,17.8120833333333,-36.5406833333333,20121025,0,0.01,0.004,0.005,0.005,0.005,0,0.032,0.003,0.014,0,0,0.002,0,0.076,0.007,0.01,0.001,0.059
AMT22,5,17.7135,-36.3956666666667,20121025,0.001,0.011,0.004,0.005,0.004,0.005,0.001,0.034,0.005,0.012,0,0,0.003,0,0.091,0.006,0.009,0.001,0.059
AMT22,5,16.7316666666667,-35.7345,20121025,0,0.012,0.005,0.006,0.005,0.009,0.001,0.039,0.005,0.016,0,0,0.002,0,0.095,0.008,0.011,0.001,0.07
AMT22,5,16.4030166666667,-35.4849333333333,20121025,0,0.01,0.004,0.005,0.005,0.007,0.001,0.036,0.003,0.016,0,0,0.001,0,0.083,0.006,0.01,0.001,0.072
AMT22,5,15.7820833333333,-35.0267166666667,20121025,0,0.011,0.004,0.005,0.005,0.005,0,0.037,0.004,0.014,0,0,0.002,0,0.078,0.007,0.01,0.001,0.067
AMT22,5,15.2592833333333,-34.6077333333333,20121026,0,0.013,0.005,0.006,0.005,0.005,0,0.05,0.004,0.017,0,0,0.002,0,0.102,0.01,0.011,0.001,0.069
AMT22,5,15.0381666666667,-34.4326666666667,20121026,0.001,0.015,0.005,0.007,0.005,0.005,0.001,0.048,0.007,0.016,0.001,0.001,0.003,0,0.116,0.01,0.012,0.001,0.07
AMT22,5,14.3931666666667,-33.9966666666667,20121026,0,0.022,0.006,0.009,0.006,0.009,0.001,0.081,0.007,0.021,0,0,0.003,0,0.167,0.013,0.015,0.002,0.092
AMT22,5,13.9605666666667,-33.6753833333333,20121026,0,0.02,0.005,0.006,0.006,0.011,0.002,0.075,0.006,0.018,0,0,0.002,0,0.16,0.01,0.012,0.002,0.095
AMT22,5,13.3728166666667,-33.2417333333333,20121026,0,0.017,0.006,0.007,0.006,0.006,0.001,0.05,0.007,0.019,0,0,0.002,0,0.126,0.008,0.013,0.002,0.084
AMT22,5,12.8587,-32.8673166666667,20121026,0,0.02,0.006,0.006,0.007,0.007,0.001,0.059,0.005,0.019,0,0,0.001,0,0.137,0.01,0.013,0.001,0.091
AMT22,5,12.4123166666667,-32.5355833333333,20121027,0,0.02,0.005,0.006,0.007,0.007,0,0.062,0.005,0.019,0.001,0,0.002,0,0.131,0.011,0.013,0.001,0.092
AMT22,5,17.0981666666667,-32.2766666666667,20121027,0.001,0.017,0.006,0.009,0.007,0.006,0.001,0.059,0.006,0.021,0,0,0.003,0,0.137,0.012,0.016,0.001,0.06
AMT22,5,11.1153333333333,-31.5771666666667,20121027,0,0.016,0.005,0.006,0.005,0.011,0.002,0.058,0.005,0.017,0,0,0.002,0,0.131,0.009,0.011,0.001,0.08
AMT22,5,10.8055833333333,-31.3612833333333,20121027,0,0.014,0.005,0.007,0.005,0.008,0.001,0.053,0.004,0.016,0,0,0.004,0,0.114,0.007,0.012,0.001,0.084
AMT22,5,9.99085,-30.75985,20121027,0,0.015,0.004,0.005,0.005,0.006,0,0.046,0.004,0.016,0,0,0.002,0,0.099,0.008,0.01,0.001,0.091
AMT22,5,9.62733333333333,-30.4917166666667,20121028,0,0.014,0.005,0.006,0.005,0.006,0,0.043,0.006,0.017,0.001,0,0.002,0,0.108,0.008,0.011,0.001,0.067
AMT22,5,9.40466666666667,-30.2933333333333,20121028,0.001,0.018,0.005,0.007,0.006,0.006,0.001,0.053,0.006,0.018,0.001,0,0.002,0,0.129,0.01,0.013,0.001,0.078
AMT22,5,8.732,-29.8341666666667,20121028,0,0.025,0.006,0.02,0.009,0.028,0.003,0.038,0.037,0.028,0,0,0.004,0,0.245,0.01,0.029,0.002,0.071
AMT22,5,8.17088333333333,-29.4232666666667,20121028,0,0.02,0.004,0.006,0.005,0.011,0.002,0.055,0.007,0.015,0,0,0.004,0,0.153,0.007,0.011,0.002,0.095
AMT22,5,7.60901666666667,-29.0213,20121028,0,0.022,0.005,0.007,0.006,0.006,0.001,0.054,0.007,0.017,0,0,0.002,0,0.154,0.009,0.013,0.001,0.103
AMT22,5,7.18035,-8.72266666666667,20121028,0,0.017,0.004,0.006,0.005,0.007,0.001,0.057,0.005,0.016,0,0,0.002,0,0.128,0.008,0.011,0.001,0.088
AMT22,5,6.7585,-28.2721666666667,20121029,0,0.019,0.004,0.006,0.005,0.006,0.001,0.052,0.006,0.014,0,0,0.002,0,0.141,0.009,0.011,0.001,0.081
AMT22,5,6.54383333333333,-28.2721666666667,20121029,0,0.017,0.005,0.007,0.006,0.005,0,0.061,0.005,0.019,0,0,0.002,0,0.147,0.01,0.013,0.001,0.069
AMT22,5,5.89383333333333,-27.7953333333333,20121029,0,0.021,0.004,0.007,0.006,0.014,0.002,0.065,0.006,0.018,0,0,0.002,0,0.168,0.009,0.013,0.002,0.084
AMT22,5,5.5957,-27.5802666666667,20121029,0,0.02,0.003,0.005,0.005,0.014,0.003,0.053,0.005,0.014,0,0,0.003,0,0.157,0.007,0.01,0.001,0.092
AMT22,5,5.07883333333333,-27.20325,20121029,0,0.024,0.005,0.008,0.006,0.008,0.001,0.069,0.007,0.02,0,0,0.003,0,0.179,0.011,0.014,0.002,0.104
AMT22,5,4.46908333333333,-26.7720333333333,20121029,0,0.023,0.005,0.006,0.005,0.004,0.001,0.06,0.006,0.017,0,0,0.002,0,0.16,0.01,0.011,0.001,0.097
AMT22,5,4.24521666666667,-26.6372,20121030,0,0.024,0.005,0.007,0.006,0.006,0.001,0.058,0.005,0.019,0.001,0,0.002,0,0.172,0.01,0.013,0.002,0.092
AMT22,5,3.98533333333333,-26.3848333333333,20121030,0,0.018,0.005,0.007,0.006,0.004,0,0.063,0.006,0.016,0,0,0.002,0,0.149,0.011,0.013,0.002,0.074
AMT22,5,3.3255,-25.949,20121030,0,0.017,0.004,0.006,0.005,0.006,0.001,0.059,0.005,0.015,0,0,0.002,0,0.143,0.01,0.011,0.001,0.08
AMT22,5,2.71665,-25.5148,20121030,0,0.019,0.005,0.008,0.006,0.005,0,0.065,0.006,0.022,0,0,0.004,0,0.147,0.013,0.014,0.001,0.086
AMT22,5,2.34298333333333,-25.2449,20121030,0,0.015,0.004,0.007,0.005,0.004,0.001,0.05,0.005,0.016,0,0,0.003,0,0.119,0.009,0.012,0.001,0.078
AMT22,5,1.82558333333333,-25,20121030,0,0.013,0.007,0.008,0.006,0.005,0,0.054,0.005,0.018,0,0,0.003,0,0.101,0.012,0.014,0.001,0.074
AMT22,5,1.35481666666667,-25.0045833333333,20121031,0,0.015,0.004,0.006,0.004,0.004,0,0.056,0.004,0.013,0,0,0.002,0,0.106,0.009,0.01,0.001,0.073
AMT22,5,1.03883333333333,-24.9806666666667,20121031,0,0.015,0.006,0.007,0.006,0.005,0.001,0.062,0.005,0.017,0,0.001,0.003,0,0.121,0.012,0.013,0.001,0.063
AMT22,5,0.317,-24.9993166666667,20121031,0.002,0.029,0.022,0.022,0.02,0.022,0.003,0.145,0.011,0.05,0,0.001,0.006,0.001,0.279,0.035,0.042,0.002,0.151
AMT22,5,0.0903833333333333,-24.9978833333333,20121031,0.002,0.032,0.032,0.029,0.032,0.039,0.005,0.166,0.015,0.085,0,0.002,0.006,0.002,0.36,0.041,0.061,0.002,0.151
AMT22,5,-1.04395,-25.00555,20121031,0,0.014,0.015,0.012,0.012,0.01,0.002,0.073,0.006,0.033,0,0,0.003,0,0.139,0.017,0.024,0.001,0.078
AMT22,5,-1.81556666666667,-25.0096666666667,20121101,0,0.01,0.008,0.007,0.008,0.006,0.001,0.042,0.004,0.022,0,0,0.002,0,0.087,0.012,0.015,0.001,0.061
AMT22,5,-2.07798333333333,-24.9918333333333,20121101,0,0.01,0.007,0.008,0.007,0.004,0,0.053,0.004,0.02,0,0,0.002,0,0.098,0.013,0.015,0.001,0.056
AMT22,5,-2.92461666666667,-25.0017666666667,20121101,0,0.01,0.008,0.008,0.007,0.011,0.002,0.065,0.004,0.02,0,0,0.003,0,0.112,0.014,0.015,0.001,0.077
AMT22,5,-3.05615,-24.9976833333333,20121101,0,0.008,0.005,0.005,0.005,0.008,0.002,0.048,0.003,0.016,0,0,0.002,0,0.086,0.009,0.01,0.001,0.074
AMT22,5,-3.53461666666667,-25.0376666666667,20121101,0,0.009,0.007,0.007,0.006,0.007,0.001,0.046,0.003,0.018,0,0,0.002,0,0.085,0.01,0.013,0.001,0.074
AMT22,5,-4.13658333333333,-25.0221333333333,20121101,0,0.014,0.008,0.009,0.008,0.008,0.001,0.068,0.003,0.025,0,0,0.003,0,0.117,0.017,0.017,0.001,0.09
AMT22,5,-4.4735,-25.0266,20121102,0,0.011,0.008,0.008,0.007,0.006,0,0.049,0.003,0.021,0,0,0.002,0,0.092,0.013,0.015,0.001,0.073
AMT22,5,-5.62183333333333,-25.0021666666667,20121102,0,0.012,0.008,0.007,0.006,0.004,0,0.056,0.003,0.018,0,0,0.002,0,0.096,0.014,0.013,0,0.077
AMT22,5,-5.493,-25.0301666666667,20121102,0,0.009,0.011,0.01,0.009,0.012,0.001,0.04,0.005,0.025,0,0.001,0.004,0,0.099,0.014,0.019,0.001,0.056
AMT22,5,-5.82925,-25.0298666666667,20121102,0,0.012,0.008,0.008,0.008,0.012,0.002,0.072,0.003,0.024,0,0,0.002,0,0.125,0.015,0.016,0.001,0.082
AMT22,5,-6.43406666666667,-25.04025,20121102,0,0.012,0.01,0.009,0.008,0.009,0.001,0.065,0.003,0.025,0,0,0.002,0,0.113,0.012,0.017,0.001,0.077
AMT22,5,-7.49875,-25.0400833333333,20121103,0,0.008,0.004,0.004,0.004,0.005,0.001,0.035,0.002,0.013,0,0,0.001,0,0.062,0.007,0.008,0.001,0.057
AMT22,5,-7.88226666666667,-25.04795,20121103,0,0.007,0.004,0.004,0.005,0.005,0.001,0.03,0.003,0.013,0,0,0.001,0,0.057,0.007,0.009,0.001,0.056
AMT22,5,-8.16883333333333,-25.0183333333333,20121103,0,0.007,0.004,0.005,0.004,0.004,0,0.03,0.002,0.013,0,0,0.001,0,0.06,0.006,0.009,0.001,0.054
AMT22,5,-9.50176666666667,-25.05525,20121103,0,0.006,0.003,0.003,0.004,0.007,0.002,0.025,0.002,0.011,0,0,0.001,0,0.051,0.005,0.007,0.001,0.049
AMT22,5,-10.2571666666667,-25.0549166666667,20121103,0,0.006,0.004,0.004,0.004,0.005,0.001,0.021,0.002,0.013,0,0,0.001,0,0.049,0.005,0.008,0.001,0.046
AMT22,5,-11.0718333333333,-25.0595833333333,20121103,0,0.006,0.003,0.003,0.003,0.004,0,0.02,0.002,0.01,0,0,0.001,0,0.042,0.004,0.006,0.001,0.046
AMT22,5,-11.4174233333333,-25.0365666666667,20121104,0,0.005,0.003,0.004,0.003,0.005,0,0.019,0.002,0.011,0,0,0.001,0,0.046,0.005,0.007,0.001,0.045
AMT22,5,-11.7028333333333,-25.0188333333333,20121104,0,0.006,0.003,0.004,0.003,0.004,0,0.02,0.002,0.011,0,0,0.001,0,0.047,0.005,0.007,0.001,0.041
AMT22,5,-13.0123833333333,-25.0691333333333,20121104,0,0.004,0.003,0.003,0.003,0.007,0.001,0.013,0.002,0.008,0,0,0.001,0,0.038,0.003,0.006,0.001,0.029
AMT22,5,-13.7759333333333,-25.0868666666667,20121104,0,0.004,0.003,0.003,0.003,0.004,0.001,0.013,0.002,0.009,0,0,0.001,0,0.036,0.003,0.006,0.001,0.031
AMT22,5,-14.7338166666667,-25.0783666666667,20121105,0,0.003,0.002,0.002,0.002,0.004,0,0.009,0.002,0.007,0,0,0.001,0,0.028,0.002,0.004,0.001,0.02
AMT22,5,-15.2700333333333,-25.0787833333333,20121105,0,0.003,0.002,0.002,0.002,0.004,0,0.007,0.002,0.007,0,0,0.001,0,0.026,0.002,0.004,0.001,0.019
AMT22,5,-15.5865,-25.06,20121105,0,0.004,0.004,0.004,0.004,0.004,0,0.014,0.002,0.011,0,0,0.001,0,0.047,0.003,0.008,0.001,0.029
AMT22,5,-16.348,-25.0881666666667,20121105,0,0.005,0.004,0.003,0.004,0.009,0.001,0.015,0.002,0.011,0,0,0.001,0,0.046,0.004,0.007,0.001,0.035
AMT22,5,-16.77965,-25.1075666666667,20121105,0,0.003,0.002,0.002,0.002,0.005,0.001,0.008,0.002,0.007,0,0,0,0,0.028,0.002,0.004,0,0.02
AMT22,5,-17.3920166666667,-25.0852333333333,20121105,0,0.002,0.003,0.002,0.003,0.004,0,0.006,0.002,0.007,0,0,0.001,0,0.027,0.002,0.005,0,0.016
AMT22,5,-17.9894333333333,-25.09835,20121105,0,0.002,0.003,0.003,0.002,0.003,0,0.006,0.002,0.008,0,0,0.001,0,0.026,0.002,0.005,0.001,0.013
AMT22,5,-18.49165,-25.1004666666667,20121106,0,0.002,0.003,0.003,0.003,0.003,0,0.005,0.002,0.008,0,0,0.001,0,0.026,0.002,0.006,0.001,0.008
AMT22,5,-18.5328333333333,-25.1083333333333,20121106,0,0.002,0.003,0.003,0.003,0.003,0,0.005,0.002,0.009,0,0,0.001,0,0.029,0.002,0.006,0.001,0.01
AMT22,5,-18.5237833333333,-25.11795,20121107,0,0.003,0.004,0.003,0.003,0.006,0,0.006,0.002,0.01,0,0,0.001,0,0.034,0.002,0.006,0.001,0.013
AMT22,5,-18.5297833333333,-25.10145,20121107,0,0.002,0.003,0.003,0.003,0.005,0.001,0.005,0.002,0.009,0,0,0.001,0,0.029,0.002,0.006,0.001,0.013
AMT22,5,-19.0287333333333,-24.8873166666667,20121107,0,0.002,0.003,0.003,0.003,0.003,0,0.004,0.002,0.009,0,0,0.001,0,0.029,0.002,0.006,0.001,0.01
AMT22,5,-20.1012333333333,-24.5200666666667,20121108,0,0.003,0.003,0.003,0.004,0.003,0,0.007,0.002,0.011,0,0,0.001,0,0.034,0.002,0.007,0.001,0.017
AMT22,5,-20.3325,-24.5598333333333,20121108,0,0.004,0.004,0.005,0.005,0.003,0,0.009,0.003,0.015,0,0,0.001,0,0.045,0.002,0.01,0.001,0.018
AMT22,5,-21.1881666666667,-24.827,20121108,0,0.003,0.004,0.004,0.004,0.007,0.001,0.007,0.003,0.013,0,0,0.001,0,0.042,0.003,0.008,0.001,0.015
AMT22,5,-21.80605,-24.9868166666667,20121108,0,0.003,0.004,0.004,0.004,0.004,0,0.008,0.003,0.012,0,0,0.001,0,0.042,0.004,0.008,0.001,0.02
AMT22,5,-22.4148833333333,-25.0005466666667,20121108,0,0.003,0.004,0.003,0.003,0.003,0,0.008,0.003,0.008,0,0,0.001,0,0.034,0.003,0.006,0.001,0.019
AMT22,5,-22.94885,-25.0038,20121109,0,0.003,0.003,0.003,0.003,0.003,0,0.009,0.003,0.009,0,0,0.001,0,0.037,0.002,0.006,0.001,0.019
AMT22,5,-23.1753333333333,-24.9975,20121109,0,0.004,0.004,0.004,0.003,0.003,0,0.01,0.003,0.01,0,0,0.001,0,0.04,0.003,0.007,0.001,0.019
AMT22,5,-24.1253,-25.0027333333333,20121109,0,0.002,0.002,0.002,0.002,0.006,0.002,0.006,0.003,0.006,0,0,0,0,0.026,0.001,0.004,0,0.014
AMT22,5,-24.6788333333333,-25.0038166666667,20121109,0,0.003,0.003,0.004,0.004,0.008,0.001,0.008,0.008,0.007,0,0,0.001,0,0.041,0.002,0.008,0.001,0.018
AMT22,5,-25.3475166666667,-24.9998666666667,20121109,0,0.005,0.003,0.004,0.003,0.006,0.001,0.013,0.005,0.008,0,0,0.002,0,0.043,0.002,0.007,0.001,0.027
AMT22,5,-25.9261666666667,-25.0053,20121110,0,0.006,0.004,0.005,0.004,0.005,0.001,0.02,0.007,0.01,0,0,0.001,0,0.059,0.002,0.009,0.001,0.035
AMT22,5,-26.8755,-25.0016666666667,20121110,0,0.004,0.003,0.003,0.003,0.009,0.005,0.014,0.005,0.008,0,0,0.001,0,0.045,0.001,0.006,0,0.029
AMT22,5,-27.5254833333333,-25.01005,20121110,0,0.005,0.003,0.004,0.004,0.006,0.001,0.015,0.006,0.01,0,0,0.001,0,0.05,0.002,0.008,0.001,0.03
AMT22,5,-28.1042833333333,-25.1403833333333,20121110,0,0.006,0.003,0.004,0.004,0.006,0.001,0.018,0.006,0.01,0,0,0.001,0,0.051,0.001,0.008,0.001,0.035
AMT22,5,-28.3595833333333,-25.4844333333333,20121111,0,0.006,0.003,0.004,0.003,0.006,0.001,0.017,0.005,0.009,0,0,0.002,0,0.049,0.002,0.007,0.001,0.035
AMT22,5,-28.4785,-25.6233333333333,20121111,0,0.006,0.003,0.005,0.004,0.005,0.001,0.021,0.005,0.01,0,0,0.002,0,0.057,0.003,0.009,0.001,0.036
AMT22,5,-29.1226666666667,-26.5081666666667,20121111,0,0.005,0.003,0.003,0.003,0.008,0.004,0.017,0.003,0.008,0,0,0.001,0,0.044,0.001,0.006,0.001,0.033
AMT22,5,-29.5075,-27.03935,20121111,0,0.004,0.003,0.003,0.002,0.006,0.001,0.017,0.004,0.007,0,0,0.001,0,0.043,0.002,0.005,0.001,0.031
AMT22,5,-29.9153166666667,-27.5966666666667,20121111,0,0.005,0.003,0.003,0.003,0.007,0.001,0.016,0.006,0.008,0,0,0.002,0,0.049,0.001,0.006,0.001,0.029
AMT22,5,-30.1084166666667,-27.8091333333333,20121112,0,0.005,0.004,0.005,0.005,0.007,0.001,0.017,0.004,0.013,0,0,0.002,0,0.055,0.001,0.01,0.001,0.028
AMT22,5,-30.3136666666667,-28.0895,20121112,0,0.006,0.005,0.007,0.006,0.006,0.001,0.022,0.005,0.017,0,0,0.002,0,0.071,0.004,0.013,0.001,0.03
AMT22,5,-30.9311,-28.9943333333333,20121112,0.001,0.006,0.004,0.005,0.005,0.013,0.005,0.017,0.005,0.013,0,0,0.001,0,0.059,0.003,0.01,0.001,0.031
AMT22,5,-31.4606666666667,-29.7213,20121112,0,0.006,0.005,0.006,0.005,0.007,0.001,0.018,0.008,0.014,0,0,0.001,0,0.064,0.003,0.011,0.001,0.035
AMT22,5,-31.9586,-30.4168833333333,20121113,0,0.007,0.006,0.006,0.006,0.006,0.001,0.023,0.008,0.014,0,0,0.002,0,0.073,0.004,0.012,0.001,0.042
AMT22,5,-32.17815,-30.7350333333333,20121113,0,0.008,0.005,0.007,0.006,0.006,0.001,0.027,0.008,0.015,0,0,0.001,0,0.077,0.003,0.013,0.001,0.04
AMT22,5,-32.5001666666667,-31.1838333333333,20121113,0,0.007,0.008,0.009,0.008,0.005,0,0.024,0.01,0.019,0,0,0.002,0,0.084,0.005,0.017,0.001,0.033
AMT22,5,-32.8664333333333,-31.7328333333333,20121113,0,0.008,0.008,0.009,0.008,0.012,0.001,0.029,0.012,0.02,0,0,0.002,0,0.093,0.005,0.017,0.001,0.042
AMT22,5,-33.34215,-32.3579833333333,20121113,0,0.008,0.01,0.012,0.011,0.01,0.001,0.03,0.019,0.024,0,0,0.002,0,0.111,0.008,0.023,0.001,0.037
AMT22,5,-33.7811333333333,-32.9957833333333,20121113,0,0.009,0.021,0.015,0.017,0.012,0.001,0.025,0.008,0.045,0,0.001,0.005,0.001,0.138,0.016,0.032,0.002,0.028
AMT22,5,-34.0178,-33.3406666666667,20121114,0.001,0.012,0.058,0.037,0.042,0.02,0.002,0.029,0.013,0.107,0,0.003,0.011,0.002,0.263,0.031,0.079,0.003,0.024
AMT22,5,-34.2163333333333,-33.6206666666667,20121114,0.001,0.011,0.059,0.038,0.043,0.015,0.001,0.018,0.016,0.106,0,0.002,0.009,0.003,0.259,0.02,0.081,0.003,0.018
AMT22,5,-34.8128833333333,-34.4775333333333,20121114,0.001,0.014,0.04,0.029,0.031,0.025,0.002,0.044,0.013,0.083,0,0.002,0.006,0.002,0.235,0.025,0.06,0.003,0.041
AMT22,5,-35.3169,-35.2233,20121114,0.001,0.008,0.024,0.016,0.018,0.018,0.003,0.025,0.008,0.05,0,0.001,0.003,0.002,0.142,0.014,0.034,0.002,0.025
AMT22,5,-35.4323333333333,-35.3798333333333,20121114,0.003,0.022,0.058,0.048,0.056,0.049,0.005,0.042,0.019,0.154,0.001,0.004,0.018,0.004,0.399,0.042,0.104,0.005,0.052
AMT22,5,-35.8316333333333,-35.9617833333333,20121115,0.009,0.026,0.108,0.098,0.109,0.066,0.005,0,0.068,0.28,0.001,0.01,0.04,0.015,0.725,0.092,0.207,0.011,0.038
AMT22,5,-35.96965,-36.12425,20121115,0.009,0.028,0.077,0.073,0.081,0.055,0.006,0.005,0.066,0.187,0.001,0.008,0.033,0.018,0.618,0.093,0.154,0.01,0.049
AMT22,5,-36.02875,-36.2235833333333,20121115,0.01,0.028,0.091,0.091,0.102,0.058,0.006,0,0.086,0.243,0.001,0.009,0.04,0.016,0.711,0.093,0.193,0.011,0.04
AMT22,5,-36.0652,-36.2543333333333,20121115,0.01,0.029,0.084,0.088,0.099,0.058,0.005,0,0.083,0.225,0.001,0.009,0.041,0.016,0.701,0.096,0.187,0.011,0.046
AMT22,5,-36.2108333333333,-36.5121666666667,20121115,0.007,0.022,0.083,0.07,0.082,0.033,0.003,0.008,0.064,0.177,0.001,0.009,0.025,0.017,0.55,0.078,0.152,0.007,0.027
AMT22,5,-36.8371666666667,-37.439,20121115,0.004,0.012,0.026,0.021,0.021,0.029,0.005,0.004,0.015,0.05,0.001,0.004,0.015,0.004,0.18,0.021,0.042,0.005,0.025
AMT22,5,-37.2418666666667,-38.02755,20121115,0.003,0.016,0.037,0.045,0.06,0.05,0.012,0.006,0.101,0.089,0.001,0.004,0.014,0.005,0.383,0.028,0.105,0.004,0.032
AMT22,5,-37.6675,-38.6806166666667,20121115,0.008,0.032,0.04,0.129,0.099,0.124,0.014,0,0.274,0.203,0.001,0.007,0.042,0.009,0.792,0.04,0.228,0.01,0.07
AMT22,5,-37.9110666666667,-39.0471166666667,20121116,0.005,0.037,0.036,0.074,0.064,0.082,0.008,0,0.049,0.199,0.002,0.01,0.081,0.006,0.748,0.086,0.138,0.02,0.143
AMT22,5,-38.1856666666667,-39.4675,20121116,0.008,0.039,0.052,0.095,0.074,0.073,0.007,0,0.074,0.204,0.002,0.011,0.106,0.008,0.852,0.1,0.169,0.022,0.112
AMT22,5,-38.90835,-40.56425,20121116,0.012,0.034,0.051,0.068,0.077,0.129,0.045,0,0.103,0.199,0.004,0.007,0.023,0.009,0.655,0.04,0.145,0.008,0.081
AMT22,5,-39.3329166666667,-41.2088333333333,20121116,0.002,0.013,0.011,0.017,0.017,0.025,0.005,0,0.045,0.031,0.001,0.003,0.008,0.004,0.204,0.017,0.034,0.005,0.052
AMT22,5,-39.73145,-41.8224,20121116,0.003,0.03,0.029,0.055,0.061,0.077,0.006,0,0.033,0.201,0.002,0.007,0.042,0.005,0.531,0.051,0.116,0.014,0.125
AMT22,5,-39.9801333333333,-42.2057666666667,20121117,0.004,0.038,0.034,0.08,0.081,0.081,0.008,0,0.027,0.273,0.003,0.012,0.073,0.005,0.759,0.106,0.161,0.022,0.146
AMT22,5,-40.2296666666667,-42.599,20121117,0.006,0.052,0.064,0.129,0.124,0.109,0.01,0,0.043,0.427,0.005,0.024,0.122,0.011,1.133,0.219,0.253,0.033,0.139
AMT22,5,-40.8625666666667,-43.5836333333333,20121117,0.007,0.027,0.059,0.056,0.061,0.083,0.033,0,0.048,0.175,0.006,0.005,0.009,0.008,0.476,0.044,0.117,0.005,0.134
AMT22,5,-41.2897833333333,-44.2538666666667,20121117,0.008,0.024,0.116,0.067,0.076,0.11,0.026,0,0.072,0.186,0.004,0.003,0,0.007,0.506,0.026,0.143,0.004,0.089
AMT22,5,-41.73645,-44.96515,20121117,0.004,0.014,0.06,0.06,0.067,0.104,0.01,0,0.038,0.241,0.003,0,0,0.006,0.409,0.023,0.127,0.007,0.038
AMT22,5,-42.1352666666667,-45.6136166666667,20121118,0.003,0.016,0.064,0.069,0.065,0.102,0.012,0,0.043,0.25,0.003,0,0.004,0.006,0.44,0.025,0.134,0.008,0.027
AMT22,5,-42.296,-45.8408333333333,20121118,0.003,0.014,0.056,0.066,0.06,0.08,0.008,0,0.044,0.225,0.002,0.003,0.007,0.005,0.398,0.019,0.126,0.007,0.019
AMT22,5,-43.03265,-47.0497333333333,20121118,0.005,0.017,0.057,0.067,0.068,0.154,0.02,0,0.077,0.241,0.003,0.004,0.004,0.007,0.504,0.021,0.135,0.007,0.025
AMT22,5,-43.3494,-47.5713833333333,20121118,0.01,0.023,0.074,0.084,0.086,0.125,0.019,0,0.094,0.28,0.007,0.006,0,0.012,0.598,0.048,0.17,0.01,0.062
AMT22,5,-43.7180666666667,-48.1683916666667,20121119,0.007,0.014,0.038,0.046,0.042,0.057,0.007,0,0.068,0.12,0.002,0.005,0.002,0.008,0.313,0.024,0.088,0.009,0.043
AMT22,5,-43.9368566666667,-48.52865,20121119,0.002,0.013,0.027,0.051,0.058,0.093,0.009,0,0.025,0.236,0.002,0.003,0,0.006,0.358,0.019,0.109,0.007,0.017
AMT22,5,-44.0728333333333,-48.7791666666667,20121119,0.003,0.014,0.042,0.072,0.075,0.094,0.009,0,0.032,0.3,0.003,0.004,0,0.007,0.441,0.024,0.147,0.009,0.015
AMT22,5,-44.6544666666667,-49.72095,20121119,0.021,0.033,0.086,0.122,0.113,0.135,0.012,0,0.109,0.384,0.007,0.008,0.01,0.015,0.824,0.067,0.235,0.015,0.119
AMT22,5,-45.0091333333333,-50.0149189814815,20121119,0.022,0.027,0.064,0.094,0.08,0.056,0.008,0,0.094,0.244,0.004,0.007,0.004,0.013,0.586,0.059,0.174,0.011,0.12
AMT22,5,-45.3044833333333,-50.9307,20121120,0.025,0.032,0.036,0.097,0.064,0.079,0.008,0,0.155,0.152,0.003,0.01,0.042,0.022,0.684,0.077,0.161,0.018,0.089
AMT22,5,-45.5074166666667,-51.35175,20121120,0.019,0.038,0.091,0.159,0.157,0.096,0.02,0,0.157,0.476,0.002,0.011,0.049,0.022,1.004,0.081,0.316,0.015,0.094
AMT22,5,-45.6673333333333,-51.7001666666667,20121120,0.014,0.029,0.128,0.137,0.126,0.083,0.009,0,0.11,0.406,0.007,0.009,0,0.014,0.807,0.071,0.263,0.017,0.074
AMT22,5,-46.4455666666667,-53.3243166666667,20121120,0.015,0.063,0.048,0.106,0.091,0.105,0.017,0,0.134,0.253,0.004,0.015,0.069,0.028,1.018,0.118,0.197,0.016,0.253
AMT24,7,43.1702949999999,-16.426825,20140929,0.00171676045519203,0.00553858113253231,0.001,0.00870841858297267,0.0474388434974729,0.00504201161587119,0.00795617438939499,0.0113179908537877,0.0820788575527374,0.0279699550497866,0.00537042245694743,0.0174357836596955,0.001,0.001,0.0774087985472595,0.0110870931267213,0.0139981860052662,0.00113905248025181,0.0357603792712085
AMT24,7,40.84221,-20.21485,20140930,0.00167990980385074,0.00683314357547954,0.00171952565834628,0.0089186505942275,0.0542873102264928,0.00614405474840155,0.0207242119495719,0.0147851042119712,0.102072073781743,0.030196702987393,0.001,0.0218511781020843,0.001,0.001,0.0864840132138858,0.0152991630242387,0.0278682666979735,0.000822598779034064,0.0513231722573421
AMT24,7,38.49592,-23.89176,20141001,0.00175358360022396,0.00724494638297872,0.00170351690929451,0.00598466566629339,0.0465378730683091,0.00524720638857783,0.00382804283594625,0.0110723085862262,0.101136094235722,0.0402587709070549,0.00568098843225084,0.0165147380907055,0.001,0.001,0.088796643975364,0.0113062837905935,0.0100752492245241,0.00100668230683091,0.0578958346556551
AMT24,7,36.9504350925503,-25.910745,20141002,0.00282885545190598,0.0122512143418139,0.0027830648229315,0.00992240276053569,0.0837041090837231,0.00748510913946076,0.00700046531342316,0.016329513237701,0.158630153846153,0.0653956438260376,0.00662331017010129,0.0280657844116887,0.001,0.001,0.151099752909761,0.0247681487486889,0.0154855744528839,0.00131542059152888,0.0844759759618552
AMT24,7,33.35386,-27.08455,20141003,0.00116756402015678,0.00448079543113102,0.001,0.00526006554871221,0.0379353166013438,0.00444180566629339,0.00459192588745801,0.00647591153135498,0.0667202669736842,0.0149404998208287,0.00330789413213886,0.0155691538857783,0.001,0.001,0.0548758164221725,0.00895595179171333,0.0100337315537514,0.000867208034714446,0.0309064628779395
AMT24,7,26.105845,-29.305245,20141005,0.001,0.00266465133258679,0.001,0.00329482439529675,0.0264950255879059,0.00236330676371781,0.0044200590481523,0.0068711862150056,0.0487699805907055,0.0084524167525196,0.00232181385218365,0.010779177956327,0.001,0.001,0.0369474423404255,0.00704821735722285,0.0077833658118701,0.000623441321388578,0.0223259470296753
AMT24,7,19.85537,-29.1406149999999,20141007,0.0012141949787234,0.00599814622172452,0.001,0.00451509384994401,0.0432743045016797,0.00393112299216125,0.00471881976259798,0.00908592712653975,0.0862801637760359,0.0277895505487122,0.00512242836282195,0.0156812141993281,0.001,0.001,0.0730638550503919,0.0140627734826428,0.00964994275475924,0.000813365375139978,0.0436844589025756
AMT24,7,16.4361049999999,-28.40486,20141008,0.00124431267077268,0.00793224215005599,0.00153887019036954,0.00395513955207167,0.0495139828107503,0.00370945516797312,0.00438746597424412,0.00814624505599104,0.0847762694736841,0.0285472623292273,0.001,0.0131911858342665,0.001,0.001,0.0806177779591265,0.0122184714165733,0.00909692114221725,0.000998874832026876,0.05116716
AMT24,7,12.843975,-27.64715,20141009,0.00197622181410974,0.0138521627771557,0.00290217446808511,0.00489666472004479,0.0645833197928332,0.00485731181970885,0.00398155895296753,0.00818715775755879,0.155872438507838,0.0631687788577828,0.00466804696528555,0.0191451430851064,0.001,0.001,0.130511325778276,0.0224613302071669,0.00983887077267637,0.00112880663493841,0.100112296256999
AMT24,7,9.36835751207179,-26.9210149999999,20141010,0.0027659288519867,0.0138161000298244,0.00205214997720968,0.00392486229580152,0.0735648260338647,0.00535521784735548,0.00468244148232765,0.0131141453488045,0.15610170720343,0.0594940550231561,0.00503585901512039,0.0152806078122978,0.001,0.001,0.137284419975015,0.0252638762963755,0.0110376593296831,0.00152071145199683,0.0987051714704542
AMT24,7,5.899115,-26.20462,20141011,0.0158583297816349,0.0342608455991042,0.0111330381634938,0.0919680022844345,0.283860721416573,0.0492225610918253,0.0765768793645017,0.00878130468085106,0.517417203916573,0.122079516349384,0.017375525106383,0.137512765358343,0.001,0.00846931542553192,0.407940237765958,0.210934457166853,0.126799440456327,0.00138134470884658,0.0394921514669653
AMT24,7,2.37582492751899,-25.4862249999999,20141012,0.00106821591265398,0.00739303027995521,0.00166744676371781,0.00441232597424412,0.034494363549832,0.00307286207166853,0.00743382281914894,0.00949657897256439,0.128708140571108,0.0453033253303471,0.00263972210526316,0.0135641177379619,0.001,0.001,0.0817976888801792,0.0212831870940649,0.0115066848908175,0.000872027463605823,0.0837405717469205
AMT24,7,-8.91121,-25.04264,20141015,0.00367476119260918,0.00992380309070549,0.00233118651735722,0.0151973756886898,0.0540080475923852,0.00955778568868981,0.0107951547480403,0.00473223581466965,0.129773839400895,0.0479123311982083,0.00293305847704367,0.0321212454143337,0.001,0.000874810106382979,0.103920378790594,0.0383964303191489,0.0213529404367301,0.001,0.0357806436534155
AMT24,7,-12.49476,-25.06529,20141016,0.00123312482082867,0.00229619417693169,0.00107106248600224,0.0039777420268757,0.0255896763157895,0.00303607292273236,0.00276630291153416,0.0057502211450168,0.0599206484014558,0.0180477894288914,0.00257134817469205,0.0112471502603583,0.001,0.001,0.0456374657446809,0.00707362206047033,0.00680237583426652,0.000621031606942889,0.0318176610582307
AMT24,7,-16.131545,-25.08447,20141017,0.000797539816082958,0.00195360571483284,0.001,0.00271495955740018,0.0177294269972566,0.00173420256684581,0.00149255527918507,0.00521567186335688,0.0395595041670656,0.002,0.00161902423225667,0.00723876836568603,0.001,0.001,0.0217294269972566,0.00491183173963541,0.00422675784603088,0.000556043847854232,0.0202773804560044
AMT24,7,-18.5505947685279,-25.07113,20141018,0.000737603020674053,0.00269015851433314,0.001,0.00274317068456864,0.0196883658289801,0.00198809550877951,0.00189749721750104,0.00593786619846408,0.0434095634972516,0.002,0.0017671425810449,0.00745723127994952,0.001,0.001,0.0236883658289801,0.00535537914745823,0.00488559272628055,0.001,0.0233490367835563
AMT24,7,-22.3164,-25.060175,20141020,0.00476888489622482,0.0145472847259507,0.00488229302489684,0.0376319209273548,0.0905669959911437,0.0193277461688322,0.0248369453460962,0.00255942808091345,0.192322251233592,0.080277712129347,0.00325534393839451,0.0434066590145577,0.001,0.0053171208588361,0.172844708120491,0.0793396712635567,0.0451646915149284,0.001,0.0184174038820455
AMT24,7,-25.594735,-25.035745,20141021,0.000788713183620351,0.00308337074543749,0.001,0.00247111928815714,0.0210706915952907,0.001,0.00288651901879483,0.00568453502920614,0.0335359323597954,0.00628465978632608,0.00184975901455767,0.0064474573893042,0.001,0.001,0.0293553513816168,0.0035227569080839,0.00488651901879483,0.000518935262249932,0.0164561265760722
AMT24,7,-29.153925,-25.2755650925988,20141022,0.00104494518477044,0.00305283480403135,0.001,0.00371326371780515,0.0268621718365062,0.00264256984882419,0.00198557554031355,0.00575258355823068,0.0453362054927211,0.002,0.00269237613661814,0.00996794563269877,0.001,0.001,0.0308621718365062,0.00574027208846585,0.00562814538913774,0.000806001287793953,0.0201774027323628
AMT24,7,-32.7165651851492,-26.63186,20141023,0.0019766693281075,0.00382932443449048,0.00130923995520717,0.00816203740574841,0.0444585365808138,0.00539937968645017,0.00518649841918626,0.0101510032269504,0.0604435290798806,0.0127938302351624,0.00376005744680851,0.019721008585293,0.001,0.001,0.0592523668159761,0.00610559701381113,0.0115858781056364,0.000787494680851064,0.018718159300112
AMT24,7,-35.796985,-27.8749249999999,20141024,0.0195247000867861,0.0142439041881299,0.00675787673012318,0.0372164424580067,0.248795473264278,0.0393711663101904,0.0459198066573348,0.0462724802379619,0.357094191738521,0.0564764882418813,0.0199146703807391,0.148504918157895,0.001,0.00590938723404255,0.311725154804031,0.052326146668533,0.0862909729675252,0.00218194823628219,0.0774458767777156
AMT24,7,-38.961265,-29.1674274396033,20141025,0.0235055235610302,0.0167426146472564,0.00517316228443449,0.0483620554609929,0.403423264800299,0.0553281809555805,0.0469643370735349,0.0400941611832773,0.376606898047778,0.002,0.0319422247256439,0.121294444871221,0.00712340824934677,0.0174201226950355,0.424643567140724,0.096565394102277,0.103292518029115,0.00954735289287047,0.0282445793243748
AMT24,7,-40.6863348148507,-32.1031849999999,20141026,0.0387238337402016,0.0174939533258679,0.0114920628891377,0.0746290665696155,0.520881323105636,0.0860605568645017,0.0797411007988055,0.0772350194960806,0.541429040406868,0.002,0.0575466337737962,0.219188969178798,0.001,0.0169150627659574,0.561638453176558,0.0903661172452408,0.166801657663307,0.00992481056364315,0.0252930222881672
AMT24,7,-42.0804748148022,-35.10188,20141027,0.0276506965509519,0.0128560360134379,0.00881371144456887,0.0619571994400896,0.395531474729377,0.0707683579320642,0.0533292074953341,0.0366503354236655,0.46881593858156,0.002,0.0428254823292273,0.190193262635312,0.001,0.0175187365248227,0.431543276573348,0.0866496208659948,0.125097565427398,0.00900757685703621,0.0453491087756626
AMT24,7,-45.287475,-42.19838,20141029,0.0299362997088466,0.0104189701231803,0.00973583122060471,0.0574821051213139,0.36921469122807,0.06631587343785,0.0551889299477417,0.0704123701343785,0.406103269817095,0.002,0.0428397268980963,0.202115837357223,0.001,0.0156057936170213,0.397120316121687,0.0583588374766704,0.122504803385592,0.00944955061590146,0.0119132198768197
AMT24,7,-48.245295,-50.340255,20141031,0.0297455095744681,0.0133611671220605,0.00654906248600224,0.0403057898096305,0.423650148973498,0.0616390162075401,0.041614325502053,0.0282600459238522,0.369720539675251,0.002,0.0560751698096305,0.0921344635311684,0.001,0.0299397375886525,0.438813712448675,0.122848147405748,0.104253341709593,0.0130101446808511,0.0100497952818216
AMT25,7,50.0333333333333,-4.375,20150918,0.0940856621724524,0.00678805787234043,0.0352281585218365,0.704581907883538,0.0947658687905935,0.545968727267637,0.0115948819708847,0.002,0.383879938857783,0.112648172765957,0.001,0.0180883157446809,1.8891607406047,0.0229360882978723,3.60097796025756,0.217695780974244,0.768924382676372,0.0192487989921613,0.0117922573236282
AMT25,7,48.5101516666667,-8.87813666666667,20150919,0.016904874893617,0.0102419583426652,0.0650599027995521,0.102478202687569,0.112234113057111,0.0368540756662934,0.00364453034714446,0.002,0.110766378006719,0.260020883404255,0.001,0.00748000591265398,0.0162409003583427,0.00504791170212766,0.609033972553192,0.0654999909966405,0.206682423896976,0.00500912161254199,0.0320492406830907
AMT25,7,47.5129,-11.06245,20150919,0.00902293464725644,0.0132154142889138,0.097077042206047,0.115753272597983,0.100749299820829,0.0631943387066069,0.00580951511758119,0.0218110118701008,0.0400097380515118,0.280867315744681,0.001,0.00485672455767077,0.0575293747368421,0.0037895,0.498869210643897,0.0495172058230683,0.21032762818589,0.0026616741881299,0.0228584740593505
AMT25,7,46.2764,-12.9353666666667,20150920,0.0136698490481523,0.0115117746920493,0.0809497361254199,0.0776729829563269,0.0727414414613662,0.0324702958006719,0.00253278141097424,0.0714700430459126,0.0275406529451288,0.210226289361702,0.001,0.00394550241881299,0.00863324172452408,0.00304586489361702,0.411149988477044,0.0524202973068309,0.142643640834267,0.00245925817469205,0.056381813225084
AMT25,7,45.5926666666667,-13.9913,20150920,0.0174761082194849,0.0118359152519597,0.0754608572116461,0.0662711631802911,0.0599972756718925,0.0424038138353863,0.00436572754759239,0.0897278868980963,0.0260266587681971,0.167416592340426,0.001,0.00314357458006719,0.0105113928723404,0.0031233914893617,0.39946349818589,0.0570364545128779,0.118889838157895,0.00230465089585666,0.087633125487122
AMT25,7,44.45575,-15.6889666666667,20150921,0.0256093126091825,0.0119431441881299,0.0820698795520717,0.0755687884994401,0.0616663697256439,0.03030203,0.00450852737961926,0.149667024860022,0.0333005461142217,0.157222597446808,0.001,0.00281351015677492,0.0152169848824188,0.00242720265957447,0.483366233275476,0.0711866920380739,0.125695511159015,0.00200334020156775,0.111218170671892
AMT25,7,43.7119333333333,-16.7791166666667,20150921,0.0107533201343785,0.00291014916013438,0.0358472315005599,0.0249977906830906,0.0204925528555431,0.0253008012262038,0.00571385083986562,0.0613120709966405,0.0118992006047032,0.0569123289361702,0.001,0.000654456886898096,0.00394682728443449,0.001,0.193662385705487,0.029591733762598,0.0423254205823068,0.001,0.0446195312709966
AMT25,7,42.3078333333333,-18.8061333333333,20150922,0.0102152124524076,0.00322594696528555,0.0260395186674132,0.0234906677491601,0.0148246446920493,0.0160334837178052,0.00181181640537514,0.0505932319820829,0.00968834176931691,0.049082074893617,0.001,0.001,0.0101282583762598,0.001,0.178555870879059,0.0295113535722284,0.0356214314109742,0.00131165576707727,0.0658659670940649
AMT25,7,41.5246333333333,-19.8712666666667,20150922,0.00830153173572229,0.001,0.0128740174020157,0.0110872718365061,0.00749312030235162,0.0141703987513998,0.00496479025755879,0.0397799767525196,0.00553645693169093,0.028859234893617,0.001,0.001,0.00285787483202688,0.001,0.118521376343785,0.0170107955319149,0.0175803921388578,0.001,0.047376734731243
AMT25,7,40.0411,-21.9172,20150923,0.00802155870100784,0.00223463139977604,0.00952943820828667,0.00900683666293393,0.0062047352631579,0.00765636646136618,0.000522438409854423,0.0391428838521837,0.00513445484882419,0.0216288225531915,0.001,0.001,0.002,0.001,0.102338282155655,0.0141162821388578,0.0142115719260918,0.000739878723404256,0.0575216730739082
AMT25,7,39.2032166666667,-23.04555,20150923,0.00946215614781635,0.00226334029115342,0.0150826020828667,0.013741719305711,0.00909410670026129,0.014782550126913,0.00392486692795819,0.0557734194848824,0.00778079050391937,0.0278212031205674,0.001,0.001,0.00239719624860022,0.001,0.139260369766704,0.0182739206047032,0.020840645431131,0.000723942478536767,0.0557830132176185
AMT25,7,37.6887601666667,-25.0621233333333,20150924,0.00815988300111982,0.00140779896976484,0.0080860108995894,0.00891612530048526,0.00649743384845091,0.00574080728630086,0.000569032176185144,0.0431470553191489,0.00525400748040314,0.0207464587234042,0.001,0.001,0.002,0.001,0.104376227848078,0.014521963493841,0.0144135591489362,0.001,0.052350612347891
AMT25,7,37.507525,-26.6605,20150924,0.0059195525643897,0.000829245285554311,0.00507748451847704,0.0056821673068309,0.00250788639697648,0.00838753335106383,0.001,0.0254936773572228,0.00347531868980963,0.0114928234042553,0.001,0.001,0.002,0.001,0.0610154802323628,0.0107128458006719,0.00743323578107503,0.001,0.0481450856858903
AMT25,7,36.8376166666667,-29.9555166666667,20150925,0.0054922317581187,0.000728764165733483,0.00496241737402016,0.00624844260358343,0.00375724191489362,0.00526173852183651,0.001,0.0253338627547592,0.00310704571108623,0.0141120217021277,0.001,0.000521493062709966,0.002,0.001,0.0691237043673012,0.0116798123180291,0.00900568451847704,0.0007235890537514,0.044643538093505
AMT25,7,36.2483666666667,-32.7609166666667,20150925,0.00557308286674132,0.001,0.00598921551511758,0.00741909444568869,0.00354141550951848,0.0055262214193729,0.001,0.02256569193729,0.00368181406494961,0.0155804187234043,0.001,0.000634277799552072,0.002,0.001,0.0688998292385219,0.0128592594176932,0.00996050995520717,0.000772168896976484,0.0474549890145577
AMT25,7,36.2284833333333,-32.7718833333333,20150927,0.00502798199328108,0.001,0.00471789969204927,0.0066697535274356,0.00299020911254199,0.00388305564669653,0.001,0.020704436506159,0.00300982652855543,0.0135726612765957,0.001,0.001,0.002,0.001,0.0647393899608063,0.0115686962430011,0.00880413085946249,0.000700070240761478,0.0311158925615901
AMT25,7,35.6113,-34.16665,20150928,0.00703686826427772,0.000970458678611422,0.00548315491041433,0.00688432755879058,0.00318741090425532,0.001,0.001,0.0333429997088466,0.0034443367525196,0.0147202865957447,0.001,0.001,0.002,0.001,0.0771356227323628,0.0141595495240762,0.00920710545072788,0.000778819708846585,0.0457957329395297
AMT25,7,35.06355,-35.44335,20150928,0.00659310732362822,0.00109388237402016,0.00540800902015678,0.00659881559910414,0.00387364575027996,0.00686313253359463,0.000619031466965286,0.0302214177379619,0.00366365223964166,0.0158721925531915,0.001,0.000745644546472564,0.002,0.001,0.0790212758678612,0.013004032474804,0.00958740947928332,0.000828845380739082,0.04121799
AMT25,7,33.9986666666667,-37.5748333333333,20150929,0.00738174302351624,0.00110799144456887,0.00599200413213886,0.00651265153975363,0.00319727099384099,0.0049392691181411,0.001,0.0346353757894737,0.00356109134378499,0.0152006846808511,0.001,0.000984957614781635,0.002,0.001,0.0778991830515118,0.0145195818029115,0.00872664891657335,0.000722914333706607,0.0376038358202688
AMT25,7,33.22135,-38.9216,20150929,0.0046223768868981,0.001,0.00461369347704367,0.00662310699888017,0.00264031287793953,0.00637379085106383,0.000719107446808511,0.0192518127211646,0.00336772132138858,0.0124055659574468,0.001,0.001,0.0022387728443449,0.001,0.0642296644960806,0.0102560895240761,0.00864126080067189,0.000566475671892497,0.030799559568869
AMT25,7,31.1509666666667,-40.9179666666667,20150930,0.00425787211646137,0.00100346163493841,0.00504460819148936,0.00629148062709966,0.00258991686450168,0.00473620896416573,0.001,0.0133269786786114,0.00292435911534155,0.0131184993617021,0.001,0.000546035195968645,0.002,0.001,0.0575632367525196,0.0107960833118701,0.00788139749160134,0.00069332304031355,0.022139463093505
AMT25,7,30.1005333333333,-41.93895,20150930,0.0026107914893617,0.001,0.00320206618701008,0.00484420606942889,0.00185835299552072,0.00641137469764838,0.00145133390257559,0.00572019339305711,0.00231891406494961,0.0103023917021277,0.001,0.001,0.002,0.001,0.0402058676203807,0.00729590523796193,0.00570255906494961,0.001,0.0141981123152296
AMT25,7,28.2558,-40.3095833333333,20151001,0.00377399234042553,0.001,0.00485659669652855,0.00578558178051512,0.0031486552743561,0.00437969933370661,0.001,0.0149833769092945,0.00228030110862262,0.0126723463829787,0.001,0.001,0.002,0.001,0.0529100041881299,0.0163667285330347,0.00794559468645017,0.000556258482642777,0.0168421786506159
AMT25,7,27.4746333333333,-41.1108,20151001,0.00343746033594625,0.001,0.00372045541433371,0.00608588385218365,0.0024941918281075,0.00533722836226204,0.00053613790593505,0.0095373370212766,0.00295427270996641,0.0121981621276596,0.001,0.001,0.002,0.001,0.0495361154759239,0.00831524693729004,0.00758007568029115,0.000621320772676372,0.018827847931131
AMT25,7,25.9337,-38.8270666666667,20151002,0.00473586288913774,0.001,0.00478335880739082,0.00621103736842105,0.00346513676091825,0.00363435796472564,0.001,0.0172311757894737,0.00281126741321389,0.0143174923404255,0.001,0.001,0.002,0.001,0.0602957644904815,0.0115054361422172,0.00867617412933931,0.000724842105263158,0.0257598510890258
AMT25,7,25.4532166666667,-38.0744,20151002,0.00478101191489362,0.000522158297872341,0.00431105514557671,0.00650965912094065,0.00371944490481523,0.00754973571948488,0.000802001007838746,0.0219407258902576,0.00363434912653975,0.0140773623404255,0.001,0.000547453185890257,0.002,0.001,0.0626849224860022,0.0120279414081747,0.00921907466405375,0.000927547284434491,0.0388535169344905
AMT25,7,23.8985,-35.75565,20151003,0.00419333845464726,0.001,0.00263979293393057,0.00460525262597984,0.00135384507838746,0.00421733711646137,0.001,0.012487194087346,0.00153917653975364,0.00884849361702128,0.001,0.001,0.002,0.001,0.0514877936786114,0.00916264979843225,0.0049590977043673,0.000573126483762598,0.0315637988577827
AMT25,7,22.98665,-34.3891166666667,20151003,0.0185677822172452,0.00104885603583427,0.00464906488241881,0.00857081959686451,0.00392719151455767,0.0100274776511758,0.00142672124860022,0.054152030324748,0.00504166165733483,0.0167947391489362,0.001,0.000886352777155655,0.00176558715005599,0.001,0.171623733393057,0.0212569747284434,0.0109564753611422,0.00102326114221725,0.0828069583566629
AMT25,7,21.4659833333333,-32.0755333333333,20151004,0.00614441249720045,0.000770232564389698,0.00359291287793953,0.00651661209406495,0.00189628695128779,0.00529792639697648,0.001,0.0327717382978723,0.00415005339305711,0.0116103338297872,0.001,0.00067616304031355,0.002,0.001,0.0842878361282195,0.0133076980683091,0.00735155850223964,0.001,0.0558145359882419
AMT25,7,20.5801166666667,-30.76975,20151004,0.0106147649720045,0.00085194248600224,0.00360074057484136,0.00550259284061217,0.00197293088839119,0.0111397089511012,0.00531230854796566,0.0431831471444569,0.00300051668533035,0.0142943860992908,0.001,0.000610390123180291,0.002,0.001,0.104562052297499,0.018870401866368,0.00692726566256066,0.000622156140350877,0.0823560456812244
AMT25,7,19.2676833333333,-28.9949833333333,20151005,0.0122597744232923,0.00143560815229563,0.00513810024636058,0.00816044749533408,0.0033542564016424,0.00540019025382605,0.001,0.0696150675923852,0.00408839475923852,0.0157301029787234,0.001,0.001,0.002,0.001,0.125528500181038,0.0215987611422172,0.00952198766703994,0.000836010265024263,0.0911642063344532
AMT25,7,18.4806666666667,-28.0280333333333,20151005,0.0176177714669653,0.00225548828667413,0.0055883885106383,0.00892110862262038,0.00351786085106383,0.0120686384621127,0.00353957827547592,0.087518634087346,0.00479472188129899,0.0216024022695035,0.001,0.001,0.00191414383351997,0.001,0.150041626287794,0.0267977278088839,0.0103815935274356,0.00106515804404629,0.11801559414707
AMT25,7,17.1777833333333,-26.4558,20151006,0.0219367010974244,0.00305999157894737,0.00573848459873087,0.0096243857185517,0.00721959411347518,0.00721996431131019,0.0007961187383352,0.0780969352743561,0.00468056183650616,0.023542590070922,0.001,0.000712049092945129,0.00176405850317283,0.001,0.188681607487869,0.03114563691676,0.0144297432736096,0.000856444643523703,0.11847256379246
AMT25,7,16.4329166666667,-25.5497666666667,20151006,0.0256981384098544,0.00234938517357223,0.00521422459873087,0.00752241686450168,0.00417903463605823,0.0121641372265771,0.00647978424785368,0.103279789832027,0.00470192868980963,0.0176791282269504,0.001,0.001,0.002,0.000545993971631206,0.213749211608809,0.0350362613661814,0.0101590062896603,0.000680631877566256,0.168553006117954
AMT25,7,15.0955833333333,-23.9468333333333,20151007,0.0198840562597984,0.00394514150055991,0.00584748527808884,0.0151816554609929,0.00502846309443822,0.0125016043747667,0.00309964643523703,0.0811251837849944,0.0166541394400896,0.0199698680851064,0.001,0.00108567125793206,0.00174599267637178,0.001,0.187789650951848,0.0226633801082493,0.0174947625195969,0.00115344998133632,0.126759559761105
AMT25,7,13.3792666666667,-22.9049666666667,20151008,0.0170709938633819,0.00276930382978723,0.00405230083986562,0.00749918161254199,0.00296487416013438,0.00646313302351624,0.001,0.0662988063157895,0.0038133728331467,0.0163757889361702,0.001,0.001,0.00201364484882419,0.001,0.134311608426652,0.0326450436730123,0.00888546683650616,0.000885425475923852,0.109121221147816
AMT25,7,9.99528333333333,-21.6016166666667,20151009,0.0157673157446809,0.0032068077043673,0.00458360576707727,0.00765373124300113,0.00573090318029115,0.00672643471444569,0.001,0.0765139478163494,0.00328744300111982,0.0193714072340426,0.001,0.000793856203807391,0.00308258592385218,0.001,0.135944011013438,0.0237248172452408,0.0116988464837626,0.00111656528555431,0.113544577670773
AMT25,7,8.56755,-21.0369333333333,20151009,0.018471595162374,0.00206998468085106,0.00439955704367301,0.0087449079619261,0.00339406194848824,0.0171655091769317,0.000776691769316909,0.0706445508174692,0.00513109720044793,0.020399865106383,0.001,0.000620206976483763,0.00626856396416573,0.001,0.157563994025756,0.0264566167413214,0.0107555922956327,0.00156785660694289,0.124434125414334
AMT25,7,5.87738333333333,-20.0270833333333,20151010,0.0140622038969765,0.00156328501679731,0.00487538316909295,0.00747594636058229,0.00463698101903695,0.00485432962486002,0.001,0.0604956739081747,0.00345349397536394,0.0176782076595745,0.001,0.001,0.00152836894736842,0.001,0.128254672267637,0.0248934335946249,0.0107332462821948,0.00071963712206047,0.0831678565005599
AMT25,7,4.40308333333333,-19.4307333333333,20151010,0.0133127464277716,0.000910014602463606,0.00423908925718552,0.00722962921985815,0.00434976026129153,0.0120329874990668,0.00366449910414334,0.0711930021948488,0.00283222727883539,0.0202252334751773,0.001,0.001,0.00211286792833147,0.001,0.1303787647947,0.0221730132885405,0.0102306887196715,0.000601207689436357,0.0864031626838373
AMT25,7,1.93295,-18.4323166666667,20151011,0.0107716414781635,0.00101290857782755,0.00414554827920866,0.00565655572228442,0.00335809088092572,0.00469490252706234,0.001,0.0500729322284435,0.00365759829787234,0.0123886275177305,0.001,0.001,0.002,0.001,0.0866207909089212,0.0191016905188503,0.00777660666293393,0.000638477939529675,0.0933104074244121
AMT25,7,0.490116666666667,-17.84355,20151011,0.0110904655767077,0.001,0.00655941431131019,0.00790978841358716,0.00474617238148563,0.00975089633445315,0.00523336229936543,0.069362713549832,0.00368018611422172,0.0168441736170213,0.001,0.001,0.002,0.001,0.117977260173572,0.0285162501306458,0.0106384837663307,0.000695025905188503,0.101375992403882
AMT25,7,-1.68006666666667,-16.9769833333333,20151012,0.0222376946024636,0.00652207122060471,0.0423096802164987,0.0480105475027996,0.0398871664762971,0.0162979308212019,0.00387718958566629,0.113650270548712,0.0304644524524076,0.105278846808511,0.001,0.00359049591638671,0.00868994062709966,0.00102748581560284,0.32473169826801,0.0666959555879059,0.0782088486114222,0.001,0.0983915420418066
AMT25,7,-4.42375,-15.86785,20151013,0.00996934656215006,0.00472396219484882,0.0306507170660694,0.0355883129115341,0.027257122094065,0.0150698338913774,0.00482965285554311,0.002,0.0245581454647256,0.0973218306382979,0.001,0.00605612587905935,0.00803998776595745,0.001,0.196981981243001,0.0675045161926092,0.0595777136618141,0.00245386041433371,0.0368376070156775
AMT25,7,-5.3905,-15.4549833333333,20151013,0.0229810994848824,0.00576361666293393,0.0412621386786114,0.0498304662150056,0.0328450539753639,0.03651152575028,0.0176338055991041,0.112471800268757,0.0183266553191489,0.121784711914894,0.001,0.0043879152743561,0.00662459972004479,0.001,0.362883644451288,0.0963937565117581,0.0744329905823069,0.001,0.13430318424972
AMT25,7,-7.10998333333333,-14.7595166666667,20151014,0.0142835322732363,0.00198704788353863,0.0133803715453527,0.015549140268757,0.0070190143281075,0.00751204449048152,0.001,0.0825695786338186,0.0047974690481523,0.0297623114893617,0.001,0.001,0.002,0.001,0.149319620162374,0.0355729357222844,0.0170071842945129,0.000653129003359463,0.100367882704367
AMT25,7,-7.85793333333333,-14.4412833333333,20151014,0.0185766157222844,0.00442853052631579,0.0291087586226204,0.0297974544344905,0.0235464417133259,0.0277712411534155,0.00940412357222844,0.0709607152071669,0.0251261985218365,0.0719873561702128,0.001,0.00171271367301232,0.00230964647256439,0.001,0.251937122351624,0.0576789638353863,0.0491617268197088,0.001,0.0786253943057111
AMT25,7,-10.11355,-16.5744833333333,20151019,0.00764719802911534,0.00132240842105263,0.00551226415826801,0.00657505227323628,0.00298541601343785,0.00443947554684584,0.001,0.0418956795520717,0.00339000389697648,0.0116221631205674,0.001,0.001,0.002,0.001,0.0794615346491228,0.00802207926091825,0.00802330381485629,0.00085117540126913,0.0639341915826801
AMT25,7,-11.2348166666667,-17.69465,20151019,0.002,0.00103924550951848,0.00506921651362449,0.00605061620754012,0.00297847743187757,0.00574911152668906,0.000992710377006346,0.0300584270548712,0.00346204071668533,0.0141806039716312,0.001,0.001,0.002,0.001,0.0704576127976857,0.0148808049272116,0.00841535440836133,0.000693098133631952,0.0565570674505412
AMT25,7,-13.00025,-19.4721833333333,20151020,0.00628405733482643,0.001,0.00484143053378126,0.00516180914520343,0.0025882735162374,0.00476105009705114,0.001,0.0238578514669653,0.00235584819708847,0.011402699858156,0.001,0.001,0.002,0.001,0.0595842667730497,0.0125792590369541,0.00713587403135498,0.000854131317655842,0.0542881353490108
AMT25,7,-14.02045,-20.5000166666667,20151020,0.00464715977603584,0.001,0.00346023341545353,0.00409407708286674,0.00168292556830907,0.00606399257278835,0.00282476643337066,0.021226324300112,0.00166753027995521,0.00927269106382979,0.001,0.001,0.002,0.001,0.0507864673684211,0.0119303720548712,0.00477700265117581,0.001,0.0474545911114222
AMT25,7,-15.6910166666667,-22.18815,20151021,0.00332691883538634,0.001,0.00304942609742441,0.00443626897536394,0.00129523232362822,0.00399827698208287,0.001,0.002,0.00183556531914894,0.00787775531914893,0.001,0.00051091267637178,0.002,0.001,0.0291542225755879,0.00759998320828667,0.00473150129899216,0.000844267553191489,0.02523090518757
AMT25,7,-16.5713,-23.10095,20151021,0.00333746996640538,0.001,0.00233099029115342,0.00351486801791713,0.00134439582586786,0.0056386508118701,0.00324132399216125,0.0129226780515118,0.00158847292273236,0.00646044978723404,0.001,0.001,0.002,0.001,0.0393266150167973,0.0104000402911534,0.00385926384378499,0.001,0.0326573693085106
AMT25,7,-18.5019833333333,-25.0019166666667,20151022,0.0038904228443449,0.001,0.00267648526315789,0.0039724440593505,0.00185164265677492,0.00382614296472564,0.001,0.0114908431578947,0.00137282032474804,0.00737056872340426,0.001,0.001,0.002,0.001,0.039637681774916,0.00990948756159015,0.00482408671612542,0.000649851791713326,0.021672855349944
AMT25,7,-20.5417166666667,-25.06865,20151023,0.00318018450167973,0.001,0.0027696837793953,0.0044615285106383,0.00161856109462486,0.00471902777715566,0.000940505235162374,0.00772264004479283,0.00174612977603583,0.00753309489361702,0.001,0.001,0.002,0.001,0.0380087313773796,0.0111132079227324,0.00508008960526316,0.000550571556550952,0.0134562882362822
AMT25,7,-22.1580333333333,-25.0866333333333,20151023,0.00202397684210526,0.001,0.00227433733482643,0.00395880215005599,0.00149996612821949,0.00565164408454647,0.00200488642217245,0.00493952721164614,0.00167394033594625,0.00719796234042553,0.001,0.001,0.002,0.001,0.0307972645968645,0.00479351847144457,0.00445876827827548,0.001,0.0115682378583427
AMT25,7,-26.5024666666667,-25.0375833333333,20151024,0.00434387610302352,0.001,0.00373028895856663,0.00626349270996641,0.00235765697648376,0.00992310194008959,0.00447358205487122,0.0148424022396417,0.00851026505039194,0.0088913,0.001,0.001,0.002,0.001,0.0593818341097424,0.00758987681970885,0.00762114968645017,0.000701805235162374,0.0277801379423292
AMT25,7,-28.7968,-25.4592666666667,20151025,0.00561258826427772,0.000789371825307951,0.00570418950167973,0.00806756920492721,0.00493812458846585,0.00575161711646137,0.000649332894736842,0.0285665353639418,0.00542931742441209,0.0164205285106383,0.001,0.00053872709406495,0.002,0.001,0.0783471885386338,0.011487713762598,0.0120056937933931,0.000900944036954087,0.0402298638801792
AMT25,7,-29.4056833333333,-26.2118166666667,20151025,0.00509263834266517,0.001,0.00453605250839866,0.00705595562150056,0.00366795332586786,0.0077020039893617,0.00768379193729003,0.0204404608958567,0.0088994470212766,0.0124498912765957,0.001,0.001,0.002,0.001,0.0697155926259799,0.00869466585386338,0.00972390894736842,0.000576885638297872,0.0335499986758119
AMT25,7,-30.9355666666667,-28.0865333333333,20151026,0.00926225720044793,0.001,0.0072253556252333,0.011794362799552,0.00605738170212766,0.0116558604441956,0.0111834326987682,0.0434652408510638,0.0227402332362822,0.0158565889361702,0.001,0.001,0.002,0.001,0.125212418568496,0.0192332830795073,0.0168517445016797,0.001,0.0517077777267637
AMT25,7,-32.39,-29.85325,20151027,0.0135222967973124,0.0019559670324748,0.0187577057782755,0.0184392300933184,0.0145224512056738,0.0102554505263158,0.00221606763717805,0.0692703184770437,0.0190901642105263,0.0356215387234043,0.001,0.00120856371780515,0.00200224948114968,0.00129004255319149,0.186739157336693,0.0419398176782382,0.0301276846584547,0.0011539640537514,0.0508789012840612
AMT28,7,47.3601666666666,-11.61735,20180926,0.001,0.013,0.129,0.118,0.109,0.063,0.005,0.04,0.339,0.002,0.653,0.003,0.021,0.004,0.706,0.026,0.227,0.004,0.047
AMT28,7,43.8591333333333,-14.5084666666666,20180927,0,0.01,0.03,0.032,0.027,0.018,0.001,0.067,0.088,0.001,0.201,0.001,0.012,0,0.271,0.019,0.059,0.002,0.074
AMT28,7,40.7886666666666,-16.9052833333333,20180928,0,0.005,0.007,0.007,0.005,0.004,0,0.032,0.016,0,0.052,0,0.001,0,0.0849999999999999,0.006,0.012,0.001,0.038
AMT28,7,38.63085,-18.5256833333333,20180929,0,0.008,0.007,0.009,0.005,0.01,0.001,0.039,0.023,0.001,0.075,0.001,0.002,0,0.114999999999999,0.008,0.014,0.001,0.042
AMT28,7,37.75925,-19.16005,20180929,0,0.007,0.007,0.00999999999999999,0.005,0.007,0,0.039,0.024,0,0.077,0.001,0.002,0,0.116999999999999,0.008,0.015,0.001,0.049
AMT28,7,35.3020166666666,-20.9152,20180930,0,0.006,0.005,0.006,0.003,0.008,0,0.031,0.016,0.001,0.062,0.001,0.002,0,0.094,0.011,0.009,0.001,0.04
AMT28,7,34.45525,-21.4063,20180930,0,0.007,0.008,0.009,0.006,0.004,0,0.042,0.022,0,0.07,0.001,0.003,0,0.113,0.008,0.015,0.001,0.044
AMT28,7,31.9240333333333,-22.7101833333333,20181001,0,0.005,0.006,0.008,0.005,0.007,0.001,0.016,0.021,0,0.073,0.001,0.002,0,0.09,0.005,0.013,0.001,0.029
AMT28,7,30.7929,-23.2863,20181001,0,0.006,0.006,0.008,0.004,0.006,0,0.02,0.019,0,0.071,0.001,0.003,0,0.092,0.006,0.012,0.001,0.039
AMT28,7,28.6090666666666,-24.3608333333333,20181002,0,0.005,0.002,0.004,0.001,0.008,0.003,0.016,0.009,0,0.043,0.001,0.003,0,0.06,0.003,0.005,0,0.035
AMT28,7,27.7641666666666,-24.772,20181002,0,0.005,0.004,0.005,0.002,0.007,0.001,0.019,0.012,0,0.049,0.001,0.002,0,0.069,0.005,0.007,0.001,0.043
AMT28,7,25.0576833333333,-26.0568,20181003,0,0.004,0.003,0.004,0.001,0.008,0.003,0.018,0.01,0,0.044,0,0.001,0,0.063,0.004,0.005,0.001,0.035
AMT28,7,23.95465,-26.5854166666666,20181003,0,0.009,0.005,0.008,0.002,0.009,0.001,0.035,0.016,0,0.071,0.001,0.004,0,0.107,0.008,0.01,0.001,0.075
AMT28,7,21.4471666666666,-27.7453333333333,20181004,0,0.009,0.004,0.006,0.002,0.013,0.003,0.037,0.014,0.001,0.061,0.001,0.002,0,0.1,0.007,0.008,0.001,0.076
AMT28,7,20.53275,-28.1672,20181004,0,0.011,0.003,0.006,0.001,0.005,0,0.058,0.015,0,0.048,0,0.002,0,0.107,0.007,0.007,0.001,0.085
AMT28,7,17.7473166666666,-28.9302333333333,20181005,0,0.008,0.003,0.007,0.003,0.011,0.003,0.054,0.016,0,0.049,0,0.002,0,0.105,0.006,0.01,0.001,0.078
AMT28,7,16.5976833333333,-28.9623166666666,20181005,0,0.025,0.004,0.01,0.005,0.008,0.001,0.083,0.023,0.001,0.118,0.001,0.004,0,0.209,0.012,0.015,0.001,0.126
AMT28,7,13.8121666666666,-28.29455,20181006,0,0.009,0.002,0.004,0.001,0.008,0.002,0.031,0.011,0,0.06,0,0.002,0,0.092,0.004,0.005,0.001,0.057
AMT28,7,12.5136333333333,-27.9736666666666,20181006,0,0.031,0.008,0.014,0.008,0.013,0.001,0.06,0.037,0.001,0.214,0.001,0.004,0,0.274,0.013,0.022,0.001,0.103
AMT28,7,10.0982333333333,-27.2938166666666,20181007,0,0.016,0.004,0.008,0.003,0.014,0.007,0.083,0.016,0.001,0.082,0,0.004,0,0.168,0.008,0.011,0.001,0.137
AMT28,7,8.71215,-26.93095,20181007,0,0.015,0.005,0.007,0.004,0.007,0,0.049,0.02,0.001,0.086,0.001,0.002,0,0.138,0.008,0.011,0.001,0.111
AMT28,7,6.25598333333333,-26.3799333333333,20181008,0,0.016,0.005,0.012,0.006,0.009,0,0.08,0.027,0,0.097,0.001,0.006,0,0.179,0.013,0.018,0.001,0.094
AMT28,7,5.20015,-26.14205,20181008,0,0.013,0.005,0.006,0.003,0.006,0,0.05,0.015,0,0.073,0.001,0.002,0,0.127,0.007,0.009,0.001,0.101
AMT28,7,1.2023,-24.9905833333333,20181009,0,0.008,0.003,0.005,0.002,0.005,0,0.049,0.013,0,0.047,0.001,0.002,0,0.097,0.009,0.007,0.001,0.081
AMT28,7,-1.15181666666666,-24.9905833333333,20181010,0,0.008,0.01,0.009,0.006,0.012,0.004,0.063,0.024,0,0.066,0,0.002,0,0.13,0.012,0.015,0.001,0.074
AMT28,7,-2.45846666666666,-24.9874166666666,20181010,0,0.008,0.005,0.006,0.004,0.006,0,0.049,0.017,0,0.048,0,0.002,0,0.098,0.01,0.01,0.001,0.084
AMT28,7,-4.98461666666666,-24.9732,20181011,0,0.006,0.005,0.005,0.004,0.007,0.002,0.041,0.015,0,0.04,0,0.002,0,0.082,0.008,0.009,0,0.052
AMT28,7,-6.19096666666666,-24.9668166666666,20181011,0,0.006,0.004,0.005,0.003,0.005,0,0.036,0.013,0,0.034,0,0.001,0,0.071,0.007,0.008,0.001,0.076
AMT28,7,-8.76308333333333,-24.9484,20181012,0,0.003,0.003,0.003,0.002,0.005,0.002,0.023,0.01,0,0.032,0,0.001,0,0.056,0.004,0.005,0,0.04
AMT28,7,-9.95793333333333,-24.9455,20181012,0,0.005,0.003,0.004,0.002,0.004,0,0.026,0.01,0,0.031,0,0.001,0,0.0579999999999999,0.004,0.006,0.001,0.062
AMT28,7,-12.0828166666666,-24.9303,20181013,0,0.003,0.003,0.003,0.002,0.004,0.002,0.017,0.009,0,0.029,0,0.001,0,0.047,0.003,0.005,0,0.033
AMT28,7,-13.2333,-24.9549,20181013,0,0.005,0.003,0.002,0.002,0.004,0,0.022,0.009,0,0.029,0,0.001,0,0.052,0.003,0.004,0.001,0.05
AMT28,7,-16.0323666666666,-25.0235333333333,20181014,0,0.002,0.003,0.001,0.002,0.005,0.001,0.006,0.008,0,0.026,0,0.001,0,0.032,0.002,0.003,0,0.014
AMT28,7,-17.0164833333333,-25.05695,20181014,0,0.002,0.003,0.001,0.002,0.004,0,0.008,0.008,0,0.024,0,0.001,0,0.032,0.001,0.003,0,0.02
AMT28,7,-18.5784666666666,-25.0864166666666,20181015,0,0.002,0.002,0.001,0.001,0.004,0.003,0.007,0.007,0,0.022,0,0.001,0,0.03,0.002,0.002,0,0.019
AMT28,7,-19.0244333333333,-25.0841,20181015,0,0.002,0.003,0.002,0.001,0.004,0,0.005,0.007,0,0.022,0,0.001,0,0.027,0.002,0.003,0,0.015
AMT28,7,-21.6037333333333,-25.0464333333333,20181016,0,0.002,0.003,0.001,0.002,0.005,0,0.006,0.008,0,0.026,0,0.001,0,0.032,0.002,0.003,0,0.017
AMT28,7,-22.809,-25.0240166666666,20181016,0,0.002,0.003,0.003,0.001,0.004,0,0.006,0.01,0,0.041,0,0.001,0,0.047,0.002,0.004,0,0
AMT28,7,-24.9058333333333,-25.9032666666666,20181017,0,0.005,0.006,0.006,0.004,0.008,0.002,0.032,0.014,0,0.051,0,0.001,0,0.0839999999999999,0.005,0.01,0,0.039
AMT28,7,-25.6436833333333,-26.6774833333333,20181017,0,0.004,0.005,0.005,0.004,0.006,0,0.024,0.011,0,0.042,0,0.001,0,0.066,0.005,0.009,0.001,0.03
AMT28,7,-27.20005,-28.2501833333333,20181018,0,0.002,0.004,0.003,0.002,0.006,0.003,0.01,0.009,0,0.033,0,0.001,0,0.043,0.002,0.005,0,0.018
AMT28,7,-28.1593166666666,-29.2277333333333,20181018,0,0.006,0.005,0.005,0.003,0.007,0.001,0.033,0.011,0,0.044,0,0.001,0,0.077,0.005,0.008,0.001,0.05
AMT28,7,-30.0059166666666,-31.1497,20181019,0,0.004,0.003,0.004,0.002,0.006,0.002,0.014,0.009,0,0.039,0,0.001,0,0.053,0.002,0.006,0,0.025
AMT28,7,-30.7741166666666,-31.9649,20181019,0,0.004,0.004,0.005,0.003,0.005,0,0.019,0.01,0,0.044,0,0.001,0,0.064,0.003,0.008,0.001,0.029
AMT28,7,-32.37285,-33.6741333333333,20181020,0,0.007,0.01,0.011,0.008,0.011,0.002,0.032,0.025,0,0.094,0.001,0.002,0,0.127,0.01,0.019,0.001,0.036
AMT28,7,-33.09695,-34.4626833333333,20181020,0,0.008,0.01,0.00999999999999999,0.007,0.008,0.001,0.043,0.02,0,0.076,0.001,0.002,0,0.12,0.011,0.0169999999999999,0.001,0.045
AMT28,7,-34.5805,-36.0914333333333,20181021,0.001,0.013,0.028,0.022,0.021,0.019,0.004,0.052,0.055,0.001,0.181,0.002,0.003,0.002,0.236,0.026,0.043,0.002,0.052
AMT28,7,-35.3234166666666,-36.9188166666666,20181021,0.002,0.018,0.038,0.03,0.031,0.022,0.002,0.064,0.076,0.001,0.241,0.004,0.004,0.004,0.307,0.037,0.061,0.004,0.077
AMT28,7,-37.01205,-38.8346166666666,20181022,0.005,0.016,0.026,0.059,0.047,0.052,0.005,0.026,0.081,0,0.315,0.002,0.004,0.002,0.381,0.025,0.106,0.003,0.043
AMT28,7,-37.7360166666666,-39.6608,20181022,0.009,0.02,0.054,0.056,0.038,0.029,0.002,0.004,0.106,0.001,0.425,0.01,0.011,0.013,0.442,0.08,0.094,0.011,0.103
AMT28,7,-39.2093333333333,-41.4750166666666,20181023,0.011,0.032,0.036,0.074,0.051,0.044,0.004,0,0.119,0.003,0.626,0.016,0.05,0.029,0.657,0.153,0.125,0.017,0.1
AMT28,7,-41.36965,-44.0127333333333,20181024,0.013,0.025,0.037,0.061,0.046,0.038,0.003,0,0.113,0.002,0.52,0.014,0.023,0.026,0.542,0.121,0.107,0.015,0.054
AMT28,7,-41.9730666666666,-44.7278,20181024,0.006,0.018,0.04,0.065,0.05,0.04,0.003,0,0.15,0.003,0.487,0.014,0.021,0.017,0.519,0.107,0.115,0.014,0.061
AMT28,7,-43.7904833333333,-46.9552166666666,20181025,0.007,0.013,0.036,0.066,0.053,0.066,0.006,0,0.155,0.003,0.465,0.007,0.036,0.009,0.49,0.061,0.119,0.007,0.016
AMT28,7,-44.4104833333333,-47.7503333333333,20181025,0.007,0.013,0.027,0.052,0.036,0.047,0.005,0,0.102,0.004,0.401,0.011,0.034,0.015,0.418,0.086,0.088,0.012,0.029
AMT28,7,-46.0175333333333,-49.8723166666666,20181026,0.02,0.024,0.041,0.093,0.062,0.07,0.008,0,0.133,0.003,0.696,0.016,0.065,0.031,0.737,0.146,0.155,0.018,0.02
AMT28,7,-46.6331,-50.55475,20181026,0.02,0.02,0.035,0.076,0.049,0.051,0.004,0,0.099,0.003,0.598,0.016,0.056,0.029,0.627,0.142,0.125,0.017,0.018
AMT28,7,-48.1988666666666,-52.6893666666666,20181027,0.018,0.017,0.026,0.052,0.039,0.047,0.004,0,0.074,0.003,0.447,0.012,0.025,0.024,0.47,0.106,0.091,0.016,0.014
